season_id,date,team_id,opponent_id,X,is_home,match_number
random_0,2026-08-01,0,14,1.0,False,0
random_0,2026-08-02,0,8,0.0,True,1
random_0,2026-08-03,0,16,2.0,False,2
random_0,2026-08-04,0,3,-3.0,True,3
random_0,2026-08-05,0,13,2.0,True,4
random_0,2026-08-06,0,5,-1.0,False,5
random_0,2026-08-07,0,18,-1.0,True,6
random_0,2026-08-08,0,15,-1.0,False,7
random_0,2026-08-09,0,12,1.0,True,8
random_0,2026-08-10,0,11,-2.0,False,9
random_0,2026-08-11,0,17,1.0,True,10
random_0,2026-08-12,0,9,-2.0,False,11
random_0,2026-08-13,0,4,-2.0,True,12
random_0,2026-08-14,0,10,0.0,True,13
random_0,2026-08-15,0,1,1.0,False,14
random_0,2026-08-16,0,6,1.0,True,15
random_0,2026-08-17,0,19,-0.0,False,16
random_0,2026-08-18,0,7,-1.0,False,17
random_0,2026-08-19,0,2,2.0,True,18
random_0,2026-08-20,0,4,1.0,False,19
random_0,2026-08-21,0,11,-4.0,True,20
random_0,2026-08-22,0,17,-2.0,False,21
random_0,2026-08-23,0,9,3.0,True,22
random_0,2026-08-24,0,12,-2.0,False,23
random_0,2026-08-25,0,2,-5.0,False,24
random_0,2026-08-26,0,7,2.0,True,25
random_0,2026-08-27,0,6,-0.0,False,26
random_0,2026-08-28,0,19,2.0,True,27
random_0,2026-08-29,0,16,-1.0,True,28
random_0,2026-08-30,0,3,1.0,False,29
random_0,2026-08-31,0,14,0.0,True,30
random_0,2026-09-01,0,8,1.0,False,31
random_0,2026-09-02,0,1,0.0,True,32
random_0,2026-09-03,0,10,-3.0,False,33
random_0,2026-09-04,0,15,-4.0,True,34
random_0,2026-09-05,0,18,1.0,False,35
random_0,2026-09-06,0,5,1.0,True,36
random_0,2026-09-07,0,13,-0.0,False,37
random_0,2026-08-01,1,6,-2.0,True,0
random_0,2026-08-02,1,2,-0.0,False,1
random_0,2026-08-03,1,5,0.0,True,2
random_0,2026-08-04,1,18,-2.0,False,3
random_0,2026-08-05,1,4,-2.0,False,4
random_0,2026-08-06,1,12,-2.0,True,5
random_0,2026-08-07,1,17,-1.0,False,6
random_0,2026-08-08,1,8,0.0,True,7
random_0,2026-08-09,1,13,1.0,False,8
random_0,2026-08-10,1,10,-2.0,True,9
random_0,2026-08-11,1,16,1.0,False,10
random_0,2026-08-12,1,14,1.0,True,11
random_0,2026-08-13,1,3,-2.0,False,12
random_0,2026-08-14,1,19,1.0,False,13
random_0,2026-08-15,1,0,-1.0,True,14
random_0,2026-08-16,1,15,2.0,True,15
random_0,2026-08-17,1,7,1.0,False,16
random_0,2026-08-18,1,9,3.0,False,17
random_0,2026-08-19,1,11,3.0,True,18
random_0,2026-08-20,1,3,0.0,True,19
random_0,2026-08-21,1,10,-1.0,False,20
random_0,2026-08-22,1,16,0.0,True,21
random_0,2026-08-23,1,14,2.0,False,22
random_0,2026-08-24,1,13,-1.0,True,23
random_0,2026-08-25,1,11,-0.0,False,24
random_0,2026-08-26,1,9,0.0,True,25
random_0,2026-08-27,1,15,2.0,False,26
random_0,2026-08-28,1,7,2.0,True,27
random_0,2026-08-29,1,5,-3.0,False,28
random_0,2026-08-30,1,18,3.0,True,29
random_0,2026-08-31,1,6,3.0,False,30
random_0,2026-09-01,1,2,0.0,True,31
random_0,2026-09-02,1,0,-0.0,False,32
random_0,2026-09-03,1,19,1.0,True,33
random_0,2026-09-04,1,12,2.0,False,34
random_0,2026-09-05,1,17,0.0,True,35
random_0,2026-09-06,1,8,-2.0,False,36
random_0,2026-09-07,1,4,-3.0,True,37
random_0,2026-08-01,2,4,-3.0,False,0
random_0,2026-08-02,2,1,0.0,True,1
random_0,2026-08-03,2,10,-0.0,False,2
random_0,2026-08-04,2,17,2.0,True,3
random_0,2026-08-05,2,19,-1.0,False,4
random_0,2026-08-06,2,3,3.0,True,5
random_0,2026-08-07,2,16,1.0,False,6
random_0,2026-08-08,2,14,-2.0,True,7
random_0,2026-08-09,2,9,-4.0,True,8
random_0,2026-08-10,2,15,-0.0,False,9
random_0,2026-08-11,2,18,1.0,True,10
random_0,2026-08-12,2,11,-0.0,False,11
random_0,2026-08-13,2,8,0.0,True,12
random_0,2026-08-14,2,7,3.0,True,13
random_0,2026-08-15,2,6,-2.0,False,14
random_0,2026-08-16,2,5,2.0,False,15
random_0,2026-08-17,2,12,-1.0,True,16
random_0,2026-08-18,2,13,0.0,True,17
random_0,2026-08-19,2,0,-2.0,False,18
random_0,2026-08-20,2,8,-2.0,False,19
random_0,2026-08-21,2,15,0.0,True,20
random_0,2026-08-22,2,9,2.0,False,21
random_0,2026-08-23,2,11,0.0,True,22
random_0,2026-08-24,2,18,-0.0,False,23
random_0,2026-08-25,2,0,5.0,True,24
random_0,2026-08-26,2,12,3.0,False,25
random_0,2026-08-27,2,5,1.0,True,26
random_0,2026-08-28,2,13,-0.0,False,27
random_0,2026-08-29,2,10,0.0,True,28
random_0,2026-08-30,2,17,4.0,False,29
random_0,2026-08-31,2,4,1.0,True,30
random_0,2026-09-01,2,1,-0.0,False,31
random_0,2026-09-02,2,6,-1.0,True,32
random_0,2026-09-03,2,7,-0.0,False,33
random_0,2026-09-04,2,3,-0.0,False,34
random_0,2026-09-05,2,16,-2.0,True,35
random_0,2026-09-06,2,14,1.0,False,36
random_0,2026-09-07,2,19,2.0,True,37
random_0,2026-08-01,3,19,1.0,True,0
random_0,2026-08-02,3,12,-1.0,False,1
random_0,2026-08-03,3,18,-3.0,True,2
random_0,2026-08-04,3,0,3.0,False,3
random_0,2026-08-05,3,5,-1.0,True,4
random_0,2026-08-06,3,2,-3.0,False,5
random_0,2026-08-07,3,13,3.0,True,6
random_0,2026-08-08,3,10,-1.0,False,7
random_0,2026-08-09,3,17,-2.0,True,8
random_0,2026-08-10,3,4,-2.0,False,9
random_0,2026-08-11,3,8,1.0,True,10
random_0,2026-08-12,3,15,3.0,False,11
random_0,2026-08-13,3,1,2.0,True,12
random_0,2026-08-14,3,14,0.0,True,13
random_0,2026-08-15,3,9,-0.0,False,14
random_0,2026-08-16,3,16,0.0,True,15
random_0,2026-08-17,3,11,-1.0,False,16
random_0,2026-08-18,3,6,-0.0,False,17
random_0,2026-08-19,3,7,0.0,True,18
random_0,2026-08-20,3,1,-0.0,False,19
random_0,2026-08-21,3,4,2.0,True,20
random_0,2026-08-22,3,8,-4.0,False,21
random_0,2026-08-23,3,15,2.0,True,22
random_0,2026-08-24,3,17,-0.0,False,23
random_0,2026-08-25,3,7,1.0,False,24
random_0,2026-08-26,3,6,3.0,True,25
random_0,2026-08-27,3,16,-2.0,False,26
random_0,2026-08-28,3,11,1.0,True,27
random_0,2026-08-29,3,18,-0.0,False,28
random_0,2026-08-30,3,0,-1.0,True,29
random_0,2026-08-31,3,19,-1.0,False,30
random_0,2026-09-01,3,12,1.0,True,31
random_0,2026-09-02,3,9,3.0,True,32
random_0,2026-09-03,3,14,2.0,False,33
random_0,2026-09-04,3,2,0.0,True,34
random_0,2026-09-05,3,13,-1.0,False,35
random_0,2026-09-06,3,10,-1.0,True,36
random_0,2026-09-07,3,5,-4.0,False,37
random_0,2026-08-01,4,2,3.0,True,0
random_0,2026-08-02,4,5,1.0,False,1
random_0,2026-08-03,4,12,3.0,True,2
random_0,2026-08-04,4,6,-1.0,False,3
random_0,2026-08-05,4,1,2.0,True,4
random_0,2026-08-06,4,18,-0.0,False,5
random_0,2026-08-07,4,7,1.0,True,6
random_0,2026-08-08,4,13,-0.0,False,7
random_0,2026-08-09,4,14,1.0,False,8
random_0,2026-08-10,4,3,2.0,True,9
random_0,2026-08-11,4,10,3.0,False,10
random_0,2026-08-12,4,16,0.0,True,11
random_0,2026-08-13,4,0,2.0,False,12
random_0,2026-08-14,4,17,4.0,False,13
random_0,2026-08-15,4,8,0.0,True,14
random_0,2026-08-16,4,11,1.0,True,15
random_0,2026-08-17,4,9,1.0,False,16
random_0,2026-08-18,4,19,-3.0,False,17
random_0,2026-08-19,4,15,1.0,True,18
random_0,2026-08-20,4,0,-1.0,True,19
random_0,2026-08-21,4,3,-2.0,False,20
random_0,2026-08-22,4,14,1.0,True,21
random_0,2026-08-23,4,16,-5.0,False,22
random_0,2026-08-24,4,10,1.0,True,23
random_0,2026-08-25,4,15,-2.0,False,24
random_0,2026-08-26,4,19,-2.0,True,25
random_0,2026-08-27,4,11,-0.0,False,26
random_0,2026-08-28,4,9,-3.0,True,27
random_0,2026-08-29,4,12,-1.0,False,28
random_0,2026-08-30,4,6,-1.0,True,29
random_0,2026-08-31,4,2,-1.0,False,30
random_0,2026-09-01,4,5,-1.0,True,31
random_0,2026-09-02,4,8,2.0,False,32
random_0,2026-09-03,4,17,3.0,True,33
random_0,2026-09-04,4,18,1.0,True,34
random_0,2026-09-05,4,7,1.0,False,35
random_0,2026-09-06,4,13,0.0,True,36
random_0,2026-09-07,4,1,3.0,False,37
random_0,2026-08-01,5,9,-0.0,False,0
random_0,2026-08-02,5,4,-1.0,True,1
random_0,2026-08-03,5,1,-0.0,False,2
random_0,2026-08-04,5,10,3.0,True,3
random_0,2026-08-05,5,3,1.0,False,4
random_0,2026-08-06,5,0,1.0,True,5
random_0,2026-08-07,5,8,1.0,False,6
random_0,2026-08-08,5,19,-2.0,True,7
random_0,2026-08-09,5,15,1.0,True,8
random_0,2026-08-10,5,18,-1.0,False,9
random_0,2026-08-11,5,12,1.0,True,10
random_0,2026-08-12,5,17,-0.0,False,11
random_0,2026-08-13,5,7,3.0,True,12
random_0,2026-08-14,5,13,-2.0,True,13
random_0,2026-08-15,5,14,4.0,False,14
random_0,2026-08-16,5,2,-2.0,True,15
random_0,2026-08-17,5,6,3.0,False,16
random_0,2026-08-18,5,11,-2.0,False,17
random_0,2026-08-19,5,16,-2.0,True,18
random_0,2026-08-20,5,7,-2.0,False,19
random_0,2026-08-21,5,18,1.0,True,20
random_0,2026-08-22,5,12,4.0,False,21
random_0,2026-08-23,5,17,2.0,True,22
random_0,2026-08-24,5,15,-1.0,False,23
random_0,2026-08-25,5,16,4.0,False,24
random_0,2026-08-26,5,11,-2.0,True,25
random_0,2026-08-27,5,2,-1.0,False,26
random_0,2026-08-28,5,6,-2.0,True,27
random_0,2026-08-29,5,1,3.0,True,28
random_0,2026-08-30,5,10,1.0,False,29
random_0,2026-08-31,5,9,-1.0,True,30
random_0,2026-09-01,5,4,1.0,False,31
random_0,2026-09-02,5,14,0.0,True,32
random_0,2026-09-03,5,13,2.0,False,33
random_0,2026-09-04,5,19,1.0,False,34
random_0,2026-09-05,5,8,-2.0,True,35
random_0,2026-09-06,5,0,-1.0,False,36
random_0,2026-09-07,5,3,4.0,True,37
random_0,2026-08-01,6,1,2.0,False,0
random_0,2026-08-02,6,10,-2.0,True,1
random_0,2026-08-03,6,14,-0.0,False,2
random_0,2026-08-04,6,4,1.0,True,3
random_0,2026-08-05,6,17,-2.0,False,4
random_0,2026-08-06,6,16,-1.0,True,5
random_0,2026-08-07,6,19,-0.0,False,6
random_0,2026-08-08,6,9,0.0,True,7
random_0,2026-08-09,6,18,2.0,True,8
random_0,2026-08-10,6,8,-1.0,False,9
random_0,2026-08-11,6,7,-2.0,True,10
random_0,2026-08-12,6,12,1.0,False,11
random_0,2026-08-13,6,11,-2.0,True,12
random_0,2026-08-14,6,15,-0.0,False,13
random_0,2026-08-15,6,2,2.0,True,14
random_0,2026-08-16,6,0,-1.0,False,15
random_0,2026-08-17,6,5,-3.0,True,16
random_0,2026-08-18,6,3,0.0,True,17
random_0,2026-08-19,6,13,3.0,False,18
random_0,2026-08-20,6,11,-2.0,False,19
random_0,2026-08-21,6,8,-3.0,True,20
random_0,2026-08-22,6,18,2.0,False,21
random_0,2026-08-23,6,12,-3.0,True,22
random_0,2026-08-24,6,7,1.0,False,23
random_0,2026-08-25,6,13,-1.0,True,24
random_0,2026-08-26,6,3,-3.0,False,25
random_0,2026-08-27,6,0,0.0,True,26
random_0,2026-08-28,6,5,2.0,False,27
random_0,2026-08-29,6,14,0.0,True,28
random_0,2026-08-30,6,4,1.0,False,29
random_0,2026-08-31,6,1,-3.0,True,30
random_0,2026-09-01,6,10,5.0,False,31
random_0,2026-09-02,6,2,1.0,False,32
random_0,2026-09-03,6,15,3.0,True,33
random_0,2026-09-04,6,16,1.0,False,34
random_0,2026-09-05,6,19,3.0,True,35
random_0,2026-09-06,6,9,-1.0,False,36
random_0,2026-09-07,6,17,1.0,True,37
random_0,2026-08-01,7,8,-2.0,False,0
random_0,2026-08-02,7,14,3.0,True,1
random_0,2026-08-03,7,9,-5.0,False,2
random_0,2026-08-04,7,11,-2.0,True,3
random_0,2026-08-05,7,12,1.0,False,4
random_0,2026-08-06,7,17,0.0,True,5
random_0,2026-08-07,7,4,-1.0,False,6
random_0,2026-08-08,7,16,1.0,True,7
random_0,2026-08-09,7,19,-2.0,False,8
random_0,2026-08-10,7,13,0.0,True,9
random_0,2026-08-11,7,6,2.0,False,10
random_0,2026-08-12,7,10,-1.0,True,11
random_0,2026-08-13,7,5,-3.0,False,12
random_0,2026-08-14,7,2,-3.0,False,13
random_0,2026-08-15,7,15,1.0,True,14
random_0,2026-08-16,7,18,1.0,False,15
random_0,2026-08-17,7,1,-1.0,True,16
random_0,2026-08-18,7,0,1.0,True,17
random_0,2026-08-19,7,3,-0.0,False,18
random_0,2026-08-20,7,5,2.0,True,19
random_0,2026-08-21,7,13,2.0,False,20
random_0,2026-08-22,7,19,0.0,True,21
random_0,2026-08-23,7,10,-1.0,False,22
random_0,2026-08-24,7,6,-1.0,True,23
random_0,2026-08-25,7,3,-1.0,True,24
random_0,2026-08-26,7,0,-2.0,False,25
random_0,2026-08-27,7,18,0.0,True,26
random_0,2026-08-28,7,1,-2.0,False,27
random_0,2026-08-29,7,9,-2.0,True,28
random_0,2026-08-30,7,11,-2.0,False,29
random_0,2026-08-31,7,8,-1.0,True,30
random_0,2026-09-01,7,14,-0.0,False,31
random_0,2026-09-02,7,15,-3.0,False,32
random_0,2026-09-03,7,2,0.0,True,33
random_0,2026-09-04,7,17,3.0,False,34
random_0,2026-09-05,7,4,-1.0,True,35
random_0,2026-09-06,7,16,-1.0,False,36
random_0,2026-09-07,7,12,0.0,True,37
random_0,2026-08-01,8,7,2.0,True,0
random_0,2026-08-02,8,0,-0.0,False,1
random_0,2026-08-03,8,15,2.0,True,2
random_0,2026-08-04,8,19,-1.0,False,3
random_0,2026-08-05,8,11,1.0,True,4
random_0,2026-08-06,8,10,-2.0,False,5
random_0,2026-08-07,8,5,-1.0,True,6
random_0,2026-08-08,8,1,-0.0,False,7
random_0,2026-08-09,8,16,-1.0,False,8
random_0,2026-08-10,8,6,1.0,True,9
random_0,2026-08-11,8,3,-1.0,False,10
random_0,2026-08-12,8,13,0.0,True,11
random_0,2026-08-13,8,2,-0.0,False,12
random_0,2026-08-14,8,9,2.0,True,13
random_0,2026-08-15,8,4,-0.0,False,14
random_0,2026-08-16,8,17,3.0,False,15
random_0,2026-08-17,8,18,0.0,True,16
random_0,2026-08-18,8,14,2.0,True,17
random_0,2026-08-19,8,12,2.0,False,18
random_0,2026-08-20,8,2,2.0,True,19
random_0,2026-08-21,8,6,3.0,False,20
random_0,2026-08-22,8,3,4.0,True,21
random_0,2026-08-23,8,13,-0.0,False,22
random_0,2026-08-24,8,16,0.0,True,23
random_0,2026-08-25,8,12,0.0,True,24
random_0,2026-08-26,8,18,3.0,False,25
random_0,2026-08-27,8,17,2.0,True,26
random_0,2026-08-28,8,14,-5.0,False,27
random_0,2026-08-29,8,15,-2.0,False,28
random_0,2026-08-30,8,19,0.0,True,29
random_0,2026-08-31,8,7,1.0,False,30
random_0,2026-09-01,8,0,-1.0,True,31
random_0,2026-09-02,8,4,-2.0,True,32
random_0,2026-09-03,8,9,1.0,False,33
random_0,2026-09-04,8,10,2.0,True,34
random_0,2026-09-05,8,5,2.0,False,35
random_0,2026-09-06,8,1,2.0,True,36
random_0,2026-09-07,8,11,1.0,False,37
random_0,2026-08-01,9,5,0.0,True,0
random_0,2026-08-02,9,18,-2.0,False,1
random_0,2026-08-03,9,7,5.0,True,2
random_0,2026-08-04,9,13,-1.0,False,3
random_0,2026-08-05,9,15,0.0,True,4
random_0,2026-08-06,9,11,1.0,False,5
random_0,2026-08-07,9,10,2.0,True,6
random_0,2026-08-08,9,6,-0.0,False,7
random_0,2026-08-09,9,2,4.0,False,8
random_0,2026-08-10,9,16,0.0,True,9
random_0,2026-08-11,9,14,1.0,False,10
random_0,2026-08-12,9,0,2.0,True,11
random_0,2026-08-13,9,19,3.0,False,12
random_0,2026-08-14,9,8,-2.0,False,13
random_0,2026-08-15,9,3,0.0,True,14
random_0,2026-08-16,9,12,1.0,False,15
random_0,2026-08-17,9,4,-1.0,True,16
random_0,2026-08-18,9,1,-3.0,True,17
random_0,2026-08-19,9,17,-1.0,False,18
random_0,2026-08-20,9,19,-3.0,True,19
random_0,2026-08-21,9,16,-0.0,False,20
random_0,2026-08-22,9,2,-2.0,True,21
random_0,2026-08-23,9,0,-3.0,False,22
random_0,2026-08-24,9,14,0.0,True,23
random_0,2026-08-25,9,17,4.0,True,24
random_0,2026-08-26,9,1,-0.0,False,25
random_0,2026-08-27,9,12,-1.0,True,26
random_0,2026-08-28,9,4,3.0,False,27
random_0,2026-08-29,9,7,2.0,False,28
random_0,2026-08-30,9,13,0.0,True,29
random_0,2026-08-31,9,5,1.0,False,30
random_0,2026-09-01,9,18,3.0,True,31
random_0,2026-09-02,9,3,-3.0,False,32
random_0,2026-09-03,9,8,-1.0,True,33
random_0,2026-09-04,9,11,-2.0,True,34
random_0,2026-09-05,9,10,-1.0,False,35
random_0,2026-09-06,9,6,1.0,True,36
random_0,2026-09-07,9,15,-0.0,False,37
random_0,2026-08-01,10,15,0.0,True,0
random_0,2026-08-02,10,6,2.0,False,1
random_0,2026-08-03,10,2,0.0,True,2
random_0,2026-08-04,10,5,-3.0,False,3
random_0,2026-08-05,10,16,-0.0,False,4
random_0,2026-08-06,10,8,2.0,True,5
random_0,2026-08-07,10,9,-2.0,False,6
random_0,2026-08-08,10,3,1.0,True,7
random_0,2026-08-09,10,11,-1.0,True,8
random_0,2026-08-10,10,1,2.0,False,9
random_0,2026-08-11,10,4,-3.0,True,10
random_0,2026-08-12,10,7,1.0,False,11
random_0,2026-08-13,10,17,2.0,True,12
random_0,2026-08-14,10,0,-0.0,False,13
random_0,2026-08-15,10,19,-2.0,True,14
random_0,2026-08-16,10,14,-2.0,False,15
random_0,2026-08-17,10,13,0.0,True,16
random_0,2026-08-18,10,12,3.0,True,17
random_0,2026-08-19,10,18,2.0,False,18
random_0,2026-08-20,10,17,-0.0,False,19
random_0,2026-08-21,10,1,1.0,True,20
random_0,2026-08-22,10,11,-1.0,False,21
random_0,2026-08-23,10,7,1.0,True,22
random_0,2026-08-24,10,4,-1.0,False,23
random_0,2026-08-25,10,18,2.0,True,24
random_0,2026-08-26,10,13,2.0,False,25
random_0,2026-08-27,10,14,1.0,True,26
random_0,2026-08-28,10,12,2.0,False,27
random_0,2026-08-29,10,2,-0.0,False,28
random_0,2026-08-30,10,5,-1.0,True,29
random_0,2026-08-31,10,15,-1.0,False,30
random_0,2026-09-01,10,6,-5.0,True,31
random_0,2026-09-02,10,19,-1.0,False,32
random_0,2026-09-03,10,0,3.0,True,33
random_0,2026-09-04,10,8,-2.0,False,34
random_0,2026-09-05,10,9,1.0,True,35
random_0,2026-09-06,10,3,1.0,False,36
random_0,2026-09-07,10,16,1.0,True,37
random_0,2026-08-01,11,18,2.0,True,0
random_0,2026-08-02,11,15,-1.0,False,1
random_0,2026-08-03,11,13,-1.0,True,2
random_0,2026-08-04,11,7,2.0,False,3
random_0,2026-08-05,11,8,-1.0,False,4
random_0,2026-08-06,11,9,-1.0,True,5
random_0,2026-08-07,11,14,-0.0,False,6
random_0,2026-08-08,11,17,-2.0,True,7
random_0,2026-08-09,11,10,1.0,False,8
random_0,2026-08-10,11,0,2.0,True,9
random_0,2026-08-11,11,19,-0.0,False,10
random_0,2026-08-12,11,2,0.0,True,11
random_0,2026-08-13,11,6,2.0,False,12
random_0,2026-08-14,11,12,2.0,False,13
random_0,2026-08-15,11,16,0.0,True,14
random_0,2026-08-16,11,4,-1.0,False,15
random_0,2026-08-17,11,3,1.0,True,16
random_0,2026-08-18,11,5,2.0,True,17
random_0,2026-08-19,11,1,-3.0,False,18
random_0,2026-08-20,11,6,2.0,True,19
random_0,2026-08-21,11,0,4.0,False,20
random_0,2026-08-22,11,10,1.0,True,21
random_0,2026-08-23,11,2,-0.0,False,22
random_0,2026-08-24,11,19,-1.0,True,23
random_0,2026-08-25,11,1,0.0,True,24
random_0,2026-08-26,11,5,2.0,False,25
random_0,2026-08-27,11,4,0.0,True,26
random_0,2026-08-28,11,3,-1.0,False,27
random_0,2026-08-29,11,13,1.0,False,28
random_0,2026-08-30,11,7,2.0,True,29
random_0,2026-08-31,11,18,1.0,False,30
random_0,2026-09-01,11,15,2.0,True,31
random_0,2026-09-02,11,16,1.0,False,32
random_0,2026-09-03,11,12,1.0,True,33
random_0,2026-09-04,11,9,2.0,False,34
random_0,2026-09-05,11,14,3.0,True,35
random_0,2026-09-06,11,17,-0.0,False,36
random_0,2026-09-07,11,8,-1.0,True,37
random_0,2026-08-01,12,17,-1.0,False,0
random_0,2026-08-02,12,3,1.0,True,1
random_0,2026-08-03,12,4,-3.0,False,2
random_0,2026-08-04,12,16,-3.0,True,3
random_0,2026-08-05,12,7,-1.0,True,4
random_0,2026-08-06,12,1,2.0,False,5
random_0,2026-08-07,12,15,-2.0,True,6
random_0,2026-08-08,12,18,-4.0,False,7
random_0,2026-08-09,12,0,-1.0,False,8
random_0,2026-08-10,12,19,0.0,True,9
random_0,2026-08-11,12,5,-1.0,False,10
random_0,2026-08-12,12,6,-1.0,True,11
random_0,2026-08-13,12,14,-1.0,False,12
random_0,2026-08-14,12,11,-2.0,True,13
random_0,2026-08-15,12,13,-0.0,False,14
random_0,2026-08-16,12,9,-1.0,True,15
random_0,2026-08-17,12,2,1.0,False,16
random_0,2026-08-18,12,10,-3.0,False,17
random_0,2026-08-19,12,8,-2.0,True,18
random_0,2026-08-20,12,14,2.0,True,19
random_0,2026-08-21,12,19,-0.0,False,20
random_0,2026-08-22,12,5,-4.0,True,21
random_0,2026-08-23,12,6,3.0,False,22
random_0,2026-08-24,12,0,2.0,True,23
random_0,2026-08-25,12,8,-0.0,False,24
random_0,2026-08-26,12,2,-3.0,True,25
random_0,2026-08-27,12,9,1.0,False,26
random_0,2026-08-28,12,10,-2.0,True,27
random_0,2026-08-29,12,4,1.0,True,28
random_0,2026-08-30,12,16,4.0,False,29
random_0,2026-08-31,12,17,1.0,True,30
random_0,2026-09-01,12,3,-1.0,False,31
random_0,2026-09-02,12,13,-1.0,True,32
random_0,2026-09-03,12,11,-1.0,False,33
random_0,2026-09-04,12,1,-2.0,True,34
random_0,2026-09-05,12,15,-1.0,False,35
random_0,2026-09-06,12,18,-1.0,True,36
random_0,2026-09-07,12,7,-0.0,False,37
random_0,2026-08-01,13,16,1.0,False,0
random_0,2026-08-02,13,17,-3.0,True,1
random_0,2026-08-03,13,11,1.0,False,2
random_0,2026-08-04,13,9,1.0,True,3
random_0,2026-08-05,13,0,-2.0,False,4
random_0,2026-08-06,13,14,3.0,True,5
random_0,2026-08-07,13,3,-3.0,False,6
random_0,2026-08-08,13,4,0.0,True,7
random_0,2026-08-09,13,1,-1.0,True,8
random_0,2026-08-10,13,7,-0.0,False,9
random_0,2026-08-11,13,15,0.0,True,10
random_0,2026-08-12,13,8,-0.0,False,11
random_0,2026-08-13,13,18,2.0,True,12
random_0,2026-08-14,13,5,2.0,False,13
random_0,2026-08-15,13,12,0.0,True,14
random_0,2026-08-16,13,19,1.0,True,15
random_0,2026-08-17,13,10,-0.0,False,16
random_0,2026-08-18,13,2,-0.0,False,17
random_0,2026-08-19,13,6,-3.0,True,18
random_0,2026-08-20,13,18,2.0,False,19
random_0,2026-08-21,13,7,-2.0,True,20
random_0,2026-08-22,13,15,1.0,False,21
random_0,2026-08-23,13,8,0.0,True,22
random_0,2026-08-24,13,1,1.0,False,23
random_0,2026-08-25,13,6,1.0,False,24
random_0,2026-08-26,13,10,-2.0,True,25
random_0,2026-08-27,13,19,1.0,False,26
random_0,2026-08-28,13,2,0.0,True,27
random_0,2026-08-29,13,11,-1.0,True,28
random_0,2026-08-30,13,9,-0.0,False,29
random_0,2026-08-31,13,16,-1.0,True,30
random_0,2026-09-01,13,17,-0.0,False,31
random_0,2026-09-02,13,12,1.0,False,32
random_0,2026-09-03,13,5,-2.0,True,33
random_0,2026-09-04,13,14,-1.0,False,34
random_0,2026-09-05,13,3,1.0,True,35
random_0,2026-09-06,13,4,-0.0,False,36
random_0,2026-09-07,13,0,0.0,True,37
random_0,2026-08-01,14,0,-1.0,True,0
random_0,2026-08-02,14,7,-3.0,False,1
random_0,2026-08-03,14,6,0.0,True,2
random_0,2026-08-04,14,15,1.0,False,3
random_0,2026-08-05,14,18,2.0,True,4
random_0,2026-08-06,14,13,-3.0,False,5
random_0,2026-08-07,14,11,0.0,True,6
random_0,2026-08-08,14,2,2.0,False,7
random_0,2026-08-09,14,4,-1.0,True,8
random_0,2026-08-10,14,17,-3.0,False,9
random_0,2026-08-11,14,9,-1.0,True,10
random_0,2026-08-12,14,1,-1.0,False,11
random_0,2026-08-13,14,12,1.0,True,12
random_0,2026-08-14,14,3,-0.0,False,13
random_0,2026-08-15,14,5,-4.0,True,14
random_0,2026-08-16,14,10,2.0,True,15
random_0,2026-08-17,14,16,3.0,False,16
random_0,2026-08-18,14,8,-2.0,False,17
random_0,2026-08-19,14,19,4.0,True,18
random_0,2026-08-20,14,12,-2.0,False,19
random_0,2026-08-21,14,17,-1.0,True,20
random_0,2026-08-22,14,4,-1.0,False,21
random_0,2026-08-23,14,1,-2.0,True,22
random_0,2026-08-24,14,9,-0.0,False,23
random_0,2026-08-25,14,19,1.0,False,24
random_0,2026-08-26,14,16,-1.0,True,25
random_0,2026-08-27,14,10,-1.0,False,26
random_0,2026-08-28,14,8,5.0,True,27
random_0,2026-08-29,14,6,-0.0,False,28
random_0,2026-08-30,14,15,-1.0,True,29
random_0,2026-08-31,14,0,-0.0,False,30
random_0,2026-09-01,14,7,0.0,True,31
random_0,2026-09-02,14,5,-0.0,False,32
random_0,2026-09-03,14,3,-2.0,True,33
random_0,2026-09-04,14,13,1.0,True,34
random_0,2026-09-05,14,11,-3.0,False,35
random_0,2026-09-06,14,2,-1.0,True,36
random_0,2026-09-07,14,18,-2.0,False,37
random_0,2026-08-01,15,10,-0.0,False,0
random_0,2026-08-02,15,11,1.0,True,1
random_0,2026-08-03,15,8,-2.0,False,2
random_0,2026-08-04,15,14,-1.0,True,3
random_0,2026-08-05,15,9,-0.0,False,4
random_0,2026-08-06,15,19,-1.0,True,5
random_0,2026-08-07,15,12,2.0,False,6
random_0,2026-08-08,15,0,1.0,True,7
random_0,2026-08-09,15,5,-1.0,False,8
random_0,2026-08-10,15,2,0.0,True,9
random_0,2026-08-11,15,13,-0.0,False,10
random_0,2026-08-12,15,3,-3.0,True,11
random_0,2026-08-13,15,16,-0.0,False,12
random_0,2026-08-14,15,6,0.0,True,13
random_0,2026-08-15,15,7,-1.0,False,14
random_0,2026-08-16,15,1,-2.0,False,15
random_0,2026-08-17,15,17,-3.0,True,16
random_0,2026-08-18,15,18,-2.0,True,17
random_0,2026-08-19,15,4,-1.0,False,18
random_0,2026-08-20,15,16,-1.0,True,19
random_0,2026-08-21,15,2,-0.0,False,20
random_0,2026-08-22,15,13,-1.0,True,21
random_0,2026-08-23,15,3,-2.0,False,22
random_0,2026-08-24,15,5,1.0,True,23
random_0,2026-08-25,15,4,2.0,True,24
random_0,2026-08-26,15,17,1.0,False,25
random_0,2026-08-27,15,1,-2.0,True,26
random_0,2026-08-28,15,18,-0.0,False,27
random_0,2026-08-29,15,8,2.0,True,28
random_0,2026-08-30,15,14,1.0,False,29
random_0,2026-08-31,15,10,1.0,True,30
random_0,2026-09-01,15,11,-2.0,False,31
random_0,2026-09-02,15,7,3.0,True,32
random_0,2026-09-03,15,6,-3.0,False,33
random_0,2026-09-04,15,0,4.0,False,34
random_0,2026-09-05,15,12,1.0,True,35
random_0,2026-09-06,15,19,-1.0,False,36
random_0,2026-09-07,15,9,0.0,True,37
random_0,2026-08-01,16,13,-1.0,True,0
random_0,2026-08-02,16,19,-0.0,False,1
random_0,2026-08-03,16,0,-2.0,True,2
random_0,2026-08-04,16,12,3.0,False,3
random_0,2026-08-05,16,10,0.0,True,4
random_0,2026-08-06,16,6,1.0,False,5
random_0,2026-08-07,16,2,-1.0,True,6
random_0,2026-08-08,16,7,-1.0,False,7
random_0,2026-08-09,16,8,1.0,True,8
random_0,2026-08-10,16,9,-0.0,False,9
random_0,2026-08-11,16,1,-1.0,True,10
random_0,2026-08-12,16,4,-0.0,False,11
random_0,2026-08-13,16,15,0.0,True,12
random_0,2026-08-14,16,18,2.0,True,13
random_0,2026-08-15,16,11,-0.0,False,14
random_0,2026-08-16,16,3,-0.0,False,15
random_0,2026-08-17,16,14,-3.0,True,16
random_0,2026-08-18,16,17,2.0,True,17
random_0,2026-08-19,16,5,2.0,False,18
random_0,2026-08-20,16,15,1.0,False,19
random_0,2026-08-21,16,9,0.0,True,20
random_0,2026-08-22,16,1,-0.0,False,21
random_0,2026-08-23,16,4,5.0,True,22
random_0,2026-08-24,16,8,-0.0,False,23
random_0,2026-08-25,16,5,-4.0,True,24
random_0,2026-08-26,16,14,1.0,False,25
random_0,2026-08-27,16,3,2.0,True,26
random_0,2026-08-28,16,17,5.0,False,27
random_0,2026-08-29,16,0,1.0,False,28
random_0,2026-08-30,16,12,-4.0,True,29
random_0,2026-08-31,16,13,1.0,False,30
random_0,2026-09-01,16,19,0.0,True,31
random_0,2026-09-02,16,11,-1.0,True,32
random_0,2026-09-03,16,18,-1.0,False,33
random_0,2026-09-04,16,6,-1.0,True,34
random_0,2026-09-05,16,2,2.0,False,35
random_0,2026-09-06,16,7,1.0,True,36
random_0,2026-09-07,16,10,-1.0,False,37
random_0,2026-08-01,17,12,1.0,True,0
random_0,2026-08-02,17,13,3.0,False,1
random_0,2026-08-03,17,19,3.0,True,2
random_0,2026-08-04,17,2,-2.0,False,3
random_0,2026-08-05,17,6,2.0,True,4
random_0,2026-08-06,17,7,-0.0,False,5
random_0,2026-08-07,17,1,1.0,True,6
random_0,2026-08-08,17,11,2.0,False,7
random_0,2026-08-09,17,3,2.0,False,8
random_0,2026-08-10,17,14,3.0,True,9
random_0,2026-08-11,17,0,-1.0,False,10
random_0,2026-08-12,17,5,0.0,True,11
random_0,2026-08-13,17,10,-2.0,False,12
random_0,2026-08-14,17,4,-4.0,True,13
random_0,2026-08-15,17,18,-2.0,False,14
random_0,2026-08-16,17,8,-3.0,True,15
random_0,2026-08-17,17,15,3.0,False,16
random_0,2026-08-18,17,16,-2.0,False,17
random_0,2026-08-19,17,9,1.0,True,18
random_0,2026-08-20,17,10,0.0,True,19
random_0,2026-08-21,17,14,1.0,False,20
random_0,2026-08-22,17,0,2.0,True,21
random_0,2026-08-23,17,5,-2.0,False,22
random_0,2026-08-24,17,3,0.0,True,23
random_0,2026-08-25,17,9,-4.0,False,24
random_0,2026-08-26,17,15,-1.0,True,25
random_0,2026-08-27,17,8,-2.0,False,26
random_0,2026-08-28,17,16,-5.0,True,27
random_0,2026-08-29,17,19,-1.0,False,28
random_0,2026-08-30,17,2,-4.0,True,29
random_0,2026-08-31,17,12,-1.0,False,30
random_0,2026-09-01,17,13,0.0,True,31
random_0,2026-09-02,17,18,1.0,True,32
random_0,2026-09-03,17,4,-3.0,False,33
random_0,2026-09-04,17,7,-3.0,True,34
random_0,2026-09-05,17,1,-0.0,False,35
random_0,2026-09-06,17,11,0.0,True,36
random_0,2026-09-07,17,6,-1.0,False,37
random_0,2026-08-01,18,11,-2.0,False,0
random_0,2026-08-02,18,9,2.0,True,1
random_0,2026-08-03,18,3,3.0,False,2
random_0,2026-08-04,18,1,2.0,True,3
random_0,2026-08-05,18,14,-2.0,False,4
random_0,2026-08-06,18,4,0.0,True,5
random_0,2026-08-07,18,0,1.0,False,6
random_0,2026-08-08,18,12,4.0,True,7
random_0,2026-08-09,18,6,-2.0,False,8
random_0,2026-08-10,18,5,1.0,True,9
random_0,2026-08-11,18,2,-1.0,False,10
random_0,2026-08-12,18,19,-1.0,True,11
random_0,2026-08-13,18,13,-2.0,False,12
random_0,2026-08-14,18,16,-2.0,False,13
random_0,2026-08-15,18,17,2.0,True,14
random_0,2026-08-16,18,7,-1.0,True,15
random_0,2026-08-17,18,8,-0.0,False,16
random_0,2026-08-18,18,15,2.0,False,17
random_0,2026-08-19,18,10,-2.0,True,18
random_0,2026-08-20,18,13,-2.0,True,19
random_0,2026-08-21,18,5,-1.0,False,20
random_0,2026-08-22,18,6,-2.0,True,21
random_0,2026-08-23,18,19,2.0,False,22
random_0,2026-08-24,18,2,0.0,True,23
random_0,2026-08-25,18,10,-2.0,False,24
random_0,2026-08-26,18,8,-3.0,True,25
random_0,2026-08-27,18,7,-0.0,False,26
random_0,2026-08-28,18,15,0.0,True,27
random_0,2026-08-29,18,3,0.0,True,28
random_0,2026-08-30,18,1,-3.0,False,29
random_0,2026-08-31,18,11,-1.0,True,30
random_0,2026-09-01,18,9,-3.0,False,31
random_0,2026-09-02,18,17,-1.0,False,32
random_0,2026-09-03,18,16,1.0,True,33
random_0,2026-09-04,18,4,-1.0,False,34
random_0,2026-09-05,18,0,-1.0,True,35
random_0,2026-09-06,18,12,1.0,False,36
random_0,2026-09-07,18,14,2.0,True,37
random_0,2026-08-01,19,3,-1.0,False,0
random_0,2026-08-02,19,16,0.0,True,1
random_0,2026-08-03,19,17,-3.0,False,2
random_0,2026-08-04,19,8,1.0,True,3
random_0,2026-08-05,19,2,1.0,True,4
random_0,2026-08-06,19,15,1.0,False,5
random_0,2026-08-07,19,6,0.0,True,6
random_0,2026-08-08,19,5,2.0,False,7
random_0,2026-08-09,19,7,2.0,True,8
random_0,2026-08-10,19,12,-0.0,False,9
random_0,2026-08-11,19,11,0.0,True,10
random_0,2026-08-12,19,18,1.0,False,11
random_0,2026-08-13,19,9,-3.0,True,12
random_0,2026-08-14,19,1,-1.0,True,13
random_0,2026-08-15,19,10,2.0,False,14
random_0,2026-08-16,19,13,-1.0,False,15
random_0,2026-08-17,19,0,0.0,True,16
random_0,2026-08-18,19,4,3.0,True,17
random_0,2026-08-19,19,14,-4.0,False,18
random_0,2026-08-20,19,9,3.0,False,19
random_0,2026-08-21,19,12,0.0,True,20
random_0,2026-08-22,19,7,-0.0,False,21
random_0,2026-08-23,19,18,-2.0,True,22
random_0,2026-08-24,19,11,1.0,False,23
random_0,2026-08-25,19,14,-1.0,True,24
random_0,2026-08-26,19,4,2.0,False,25
random_0,2026-08-27,19,13,-1.0,True,26
random_0,2026-08-28,19,0,-2.0,False,27
random_0,2026-08-29,19,17,1.0,True,28
random_0,2026-08-30,19,8,-0.0,False,29
random_0,2026-08-31,19,3,1.0,True,30
random_0,2026-09-01,19,16,-0.0,False,31
random_0,2026-09-02,19,10,1.0,True,32
random_0,2026-09-03,19,1,-1.0,False,33
random_0,2026-09-04,19,5,-1.0,True,34
random_0,2026-09-05,19,6,-3.0,False,35
random_0,2026-09-06,19,15,1.0,True,36
random_0,2026-09-07,19,2,-2.0,False,37
random_1,2026-08-01,0,14,1.0,False,0
random_1,2026-08-02,0,8,-1.0,True,1
random_1,2026-08-03,0,16,1.0,False,2
random_1,2026-08-04,0,3,-1.0,True,3
random_1,2026-08-05,0,13,0.0,True,4
random_1,2026-08-06,0,5,1.0,False,5
random_1,2026-08-07,0,18,-1.0,True,6
random_1,2026-08-08,0,15,1.0,False,7
random_1,2026-08-09,0,12,-2.0,True,8
random_1,2026-08-10,0,11,-2.0,False,9
random_1,2026-08-11,0,17,2.0,True,10
random_1,2026-08-12,0,9,4.0,False,11
random_1,2026-08-13,0,4,1.0,True,12
random_1,2026-08-14,0,10,-5.0,True,13
random_1,2026-08-15,0,1,-1.0,False,14
random_1,2026-08-16,0,6,2.0,True,15
random_1,2026-08-17,0,19,-1.0,False,16
random_1,2026-08-18,0,7,-1.0,False,17
random_1,2026-08-19,0,2,0.0,True,18
random_1,2026-08-20,0,4,-1.0,False,19
random_1,2026-08-21,0,11,4.0,True,20
random_1,2026-08-22,0,17,-0.0,False,21
random_1,2026-08-23,0,9,-2.0,True,22
random_1,2026-08-24,0,12,-2.0,False,23
random_1,2026-08-25,0,2,-2.0,False,24
random_1,2026-08-26,0,7,1.0,True,25
random_1,2026-08-27,0,6,-0.0,False,26
random_1,2026-08-28,0,19,-3.0,True,27
random_1,2026-08-29,0,16,0.0,True,28
random_1,2026-08-30,0,3,1.0,False,29
random_1,2026-08-31,0,14,-2.0,True,30
random_1,2026-09-01,0,8,-2.0,False,31
random_1,2026-09-02,0,1,0.0,True,32
random_1,2026-09-03,0,10,1.0,False,33
random_1,2026-09-04,0,15,-1.0,True,34
random_1,2026-09-05,0,18,-1.0,False,35
random_1,2026-09-06,0,5,0.0,True,36
random_1,2026-09-07,0,13,-2.0,False,37
random_1,2026-08-01,1,6,-1.0,True,0
random_1,2026-08-02,1,2,-1.0,False,1
random_1,2026-08-03,1,5,0.0,True,2
random_1,2026-08-04,1,18,1.0,False,3
random_1,2026-08-05,1,4,1.0,False,4
random_1,2026-08-06,1,12,2.0,True,5
random_1,2026-08-07,1,17,1.0,False,6
random_1,2026-08-08,1,8,2.0,True,7
random_1,2026-08-09,1,13,4.0,False,8
random_1,2026-08-10,1,10,-1.0,True,9
random_1,2026-08-11,1,16,-4.0,False,10
random_1,2026-08-12,1,14,-1.0,True,11
random_1,2026-08-13,1,3,3.0,False,12
random_1,2026-08-14,1,19,-2.0,False,13
random_1,2026-08-15,1,0,1.0,True,14
random_1,2026-08-16,1,15,-3.0,True,15
random_1,2026-08-17,1,7,2.0,False,16
random_1,2026-08-18,1,9,-0.0,False,17
random_1,2026-08-19,1,11,1.0,True,18
random_1,2026-08-20,1,3,-2.0,True,19
random_1,2026-08-21,1,10,4.0,False,20
random_1,2026-08-22,1,16,0.0,True,21
random_1,2026-08-23,1,14,-0.0,False,22
random_1,2026-08-24,1,13,1.0,True,23
random_1,2026-08-25,1,11,-1.0,False,24
random_1,2026-08-26,1,9,0.0,True,25
random_1,2026-08-27,1,15,-3.0,False,26
random_1,2026-08-28,1,7,-7.0,True,27
random_1,2026-08-29,1,5,-0.0,False,28
random_1,2026-08-30,1,18,-1.0,True,29
random_1,2026-08-31,1,6,1.0,False,30
random_1,2026-09-01,1,2,1.0,True,31
random_1,2026-09-02,1,0,-0.0,False,32
random_1,2026-09-03,1,19,-2.0,True,33
random_1,2026-09-04,1,12,1.0,False,34
random_1,2026-09-05,1,17,0.0,True,35
random_1,2026-09-06,1,8,4.0,False,36
random_1,2026-09-07,1,4,0.0,True,37
random_1,2026-08-01,2,4,-3.0,False,0
random_1,2026-08-02,2,1,1.0,True,1
random_1,2026-08-03,2,10,-4.0,False,2
random_1,2026-08-04,2,17,0.0,True,3
random_1,2026-08-05,2,19,-0.0,False,4
random_1,2026-08-06,2,3,1.0,True,5
random_1,2026-08-07,2,16,2.0,False,6
random_1,2026-08-08,2,14,-1.0,True,7
random_1,2026-08-09,2,9,1.0,True,8
random_1,2026-08-10,2,15,-0.0,False,9
random_1,2026-08-11,2,18,-3.0,True,10
random_1,2026-08-12,2,11,1.0,False,11
random_1,2026-08-13,2,8,-4.0,True,12
random_1,2026-08-14,2,7,0.0,True,13
random_1,2026-08-15,2,6,1.0,False,14
random_1,2026-08-16,2,5,-2.0,False,15
random_1,2026-08-17,2,12,1.0,True,16
random_1,2026-08-18,2,13,1.0,True,17
random_1,2026-08-19,2,0,-0.0,False,18
random_1,2026-08-20,2,8,-2.0,False,19
random_1,2026-08-21,2,15,-2.0,True,20
random_1,2026-08-22,2,9,-0.0,False,21
random_1,2026-08-23,2,11,-1.0,True,22
random_1,2026-08-24,2,18,-1.0,False,23
random_1,2026-08-25,2,0,2.0,True,24
random_1,2026-08-26,2,12,2.0,False,25
random_1,2026-08-27,2,5,0.0,True,26
random_1,2026-08-28,2,13,-3.0,False,27
random_1,2026-08-29,2,10,-2.0,True,28
random_1,2026-08-30,2,17,1.0,False,29
random_1,2026-08-31,2,4,3.0,True,30
random_1,2026-09-01,2,1,-1.0,False,31
random_1,2026-09-02,2,6,-1.0,True,32
random_1,2026-09-03,2,7,1.0,False,33
random_1,2026-09-04,2,3,-0.0,False,34
random_1,2026-09-05,2,16,-1.0,True,35
random_1,2026-09-06,2,14,1.0,False,36
random_1,2026-09-07,2,19,0.0,True,37
random_1,2026-08-01,3,19,0.0,True,0
random_1,2026-08-02,3,12,2.0,False,1
random_1,2026-08-03,3,18,0.0,True,2
random_1,2026-08-04,3,0,1.0,False,3
random_1,2026-08-05,3,5,-5.0,True,4
random_1,2026-08-06,3,2,-1.0,False,5
random_1,2026-08-07,3,13,2.0,True,6
random_1,2026-08-08,3,10,1.0,False,7
random_1,2026-08-09,3,17,-1.0,True,8
random_1,2026-08-10,3,4,-0.0,False,9
random_1,2026-08-11,3,8,-1.0,True,10
random_1,2026-08-12,3,15,-1.0,False,11
random_1,2026-08-13,3,1,-3.0,True,12
random_1,2026-08-14,3,14,0.0,True,13
random_1,2026-08-15,3,9,1.0,False,14
random_1,2026-08-16,3,16,1.0,True,15
random_1,2026-08-17,3,11,-0.0,False,16
random_1,2026-08-18,3,6,3.0,False,17
random_1,2026-08-19,3,7,0.0,True,18
random_1,2026-08-20,3,1,2.0,False,19
random_1,2026-08-21,3,4,0.0,True,20
random_1,2026-08-22,3,8,-1.0,False,21
random_1,2026-08-23,3,15,0.0,True,22
random_1,2026-08-24,3,17,-0.0,False,23
random_1,2026-08-25,3,7,-1.0,False,24
random_1,2026-08-26,3,6,0.0,True,25
random_1,2026-08-27,3,16,1.0,False,26
random_1,2026-08-28,3,11,2.0,True,27
random_1,2026-08-29,3,18,3.0,False,28
random_1,2026-08-30,3,0,-1.0,True,29
random_1,2026-08-31,3,19,1.0,False,30
random_1,2026-09-01,3,12,-2.0,True,31
random_1,2026-09-02,3,9,1.0,True,32
random_1,2026-09-03,3,14,1.0,False,33
random_1,2026-09-04,3,2,0.0,True,34
random_1,2026-09-05,3,13,-0.0,False,35
random_1,2026-09-06,3,10,-1.0,True,36
random_1,2026-09-07,3,5,-1.0,False,37
random_1,2026-08-01,4,2,3.0,True,0
random_1,2026-08-02,4,5,3.0,False,1
random_1,2026-08-03,4,12,0.0,True,2
random_1,2026-08-04,4,6,-0.0,False,3
random_1,2026-08-05,4,1,-1.0,True,4
random_1,2026-08-06,4,18,1.0,False,5
random_1,2026-08-07,4,7,-2.0,True,6
random_1,2026-08-08,4,13,-4.0,False,7
random_1,2026-08-09,4,14,-1.0,False,8
random_1,2026-08-10,4,3,0.0,True,9
random_1,2026-08-11,4,10,2.0,False,10
random_1,2026-08-12,4,16,-4.0,True,11
random_1,2026-08-13,4,0,-1.0,False,12
random_1,2026-08-14,4,17,-1.0,False,13
random_1,2026-08-15,4,8,-3.0,True,14
random_1,2026-08-16,4,11,3.0,True,15
random_1,2026-08-17,4,9,3.0,False,16
random_1,2026-08-18,4,19,4.0,False,17
random_1,2026-08-19,4,15,-2.0,True,18
random_1,2026-08-20,4,0,1.0,True,19
random_1,2026-08-21,4,3,-0.0,False,20
random_1,2026-08-22,4,14,1.0,True,21
random_1,2026-08-23,4,16,2.0,False,22
random_1,2026-08-24,4,10,-1.0,True,23
random_1,2026-08-25,4,15,-0.0,False,24
random_1,2026-08-26,4,19,-1.0,True,25
random_1,2026-08-27,4,11,-1.0,False,26
random_1,2026-08-28,4,9,3.0,True,27
random_1,2026-08-29,4,12,-1.0,False,28
random_1,2026-08-30,4,6,-2.0,True,29
random_1,2026-08-31,4,2,-3.0,False,30
random_1,2026-09-01,4,5,0.0,True,31
random_1,2026-09-02,4,8,3.0,False,32
random_1,2026-09-03,4,17,-3.0,True,33
random_1,2026-09-04,4,18,-1.0,True,34
random_1,2026-09-05,4,7,1.0,False,35
random_1,2026-09-06,4,13,-2.0,True,36
random_1,2026-09-07,4,1,-0.0,False,37
random_1,2026-08-01,5,9,-0.0,False,0
random_1,2026-08-02,5,4,-3.0,True,1
random_1,2026-08-03,5,1,-0.0,False,2
random_1,2026-08-04,5,10,0.0,True,3
random_1,2026-08-05,5,3,5.0,False,4
random_1,2026-08-06,5,0,-1.0,True,5
random_1,2026-08-07,5,8,2.0,False,6
random_1,2026-08-08,5,19,3.0,True,7
random_1,2026-08-09,5,15,-1.0,True,8
random_1,2026-08-10,5,18,-0.0,False,9
random_1,2026-08-11,5,12,0.0,True,10
random_1,2026-08-12,5,17,2.0,False,11
random_1,2026-08-13,5,7,2.0,True,12
random_1,2026-08-14,5,13,0.0,True,13
random_1,2026-08-15,5,14,-1.0,False,14
random_1,2026-08-16,5,2,2.0,True,15
random_1,2026-08-17,5,6,-0.0,False,16
random_1,2026-08-18,5,11,-1.0,False,17
random_1,2026-08-19,5,16,-2.0,True,18
random_1,2026-08-20,5,7,2.0,False,19
random_1,2026-08-21,5,18,-3.0,True,20
random_1,2026-08-22,5,12,1.0,False,21
random_1,2026-08-23,5,17,-1.0,True,22
random_1,2026-08-24,5,15,-3.0,False,23
random_1,2026-08-25,5,16,1.0,False,24
random_1,2026-08-26,5,11,1.0,True,25
random_1,2026-08-27,5,2,-0.0,False,26
random_1,2026-08-28,5,6,-1.0,True,27
random_1,2026-08-29,5,1,0.0,True,28
random_1,2026-08-30,5,10,-2.0,False,29
random_1,2026-08-31,5,9,0.0,True,30
random_1,2026-09-01,5,4,-0.0,False,31
random_1,2026-09-02,5,14,0.0,True,32
random_1,2026-09-03,5,13,-1.0,False,33
random_1,2026-09-04,5,19,2.0,False,34
random_1,2026-09-05,5,8,1.0,True,35
random_1,2026-09-06,5,0,-0.0,False,36
random_1,2026-09-07,5,3,1.0,True,37
random_1,2026-08-01,6,1,1.0,False,0
random_1,2026-08-02,6,10,2.0,True,1
random_1,2026-08-03,6,14,-2.0,False,2
random_1,2026-08-04,6,4,0.0,True,3
random_1,2026-08-05,6,17,2.0,False,4
random_1,2026-08-06,6,16,1.0,True,5
random_1,2026-08-07,6,19,-2.0,False,6
random_1,2026-08-08,6,9,1.0,True,7
random_1,2026-08-09,6,18,-3.0,True,8
random_1,2026-08-10,6,8,3.0,False,9
random_1,2026-08-11,6,7,-4.0,True,10
random_1,2026-08-12,6,12,3.0,False,11
random_1,2026-08-13,6,11,-4.0,True,12
random_1,2026-08-14,6,15,1.0,False,13
random_1,2026-08-15,6,2,-1.0,True,14
random_1,2026-08-16,6,0,-2.0,False,15
random_1,2026-08-17,6,5,0.0,True,16
random_1,2026-08-18,6,3,-3.0,True,17
random_1,2026-08-19,6,13,1.0,False,18
random_1,2026-08-20,6,11,-0.0,False,19
random_1,2026-08-21,6,8,2.0,True,20
random_1,2026-08-22,6,18,-0.0,False,21
random_1,2026-08-23,6,12,-4.0,True,22
random_1,2026-08-24,6,7,2.0,False,23
random_1,2026-08-25,6,13,2.0,True,24
random_1,2026-08-26,6,3,-0.0,False,25
random_1,2026-08-27,6,0,0.0,True,26
random_1,2026-08-28,6,5,1.0,False,27
random_1,2026-08-29,6,14,1.0,True,28
random_1,2026-08-30,6,4,2.0,False,29
random_1,2026-08-31,6,1,-1.0,True,30
random_1,2026-09-01,6,10,-0.0,False,31
random_1,2026-09-02,6,2,1.0,False,32
random_1,2026-09-03,6,15,2.0,True,33
random_1,2026-09-04,6,16,3.0,False,34
random_1,2026-09-05,6,19,-1.0,True,35
random_1,2026-09-06,6,9,1.0,False,36
random_1,2026-09-07,6,17,1.0,True,37
random_1,2026-08-01,7,8,-1.0,False,0
random_1,2026-08-02,7,14,5.0,True,1
random_1,2026-08-03,7,9,-0.0,False,2
random_1,2026-08-04,7,11,-2.0,True,3
random_1,2026-08-05,7,12,3.0,False,4
random_1,2026-08-06,7,17,3.0,True,5
random_1,2026-08-07,7,4,2.0,False,6
random_1,2026-08-08,7,16,0.0,True,7
random_1,2026-08-09,7,19,1.0,False,8
random_1,2026-08-10,7,13,2.0,True,9
random_1,2026-08-11,7,6,4.0,False,10
random_1,2026-08-12,7,10,0.0,True,11
random_1,2026-08-13,7,5,-2.0,False,12
random_1,2026-08-14,7,2,-0.0,False,13
random_1,2026-08-15,7,15,2.0,True,14
random_1,2026-08-16,7,18,-1.0,False,15
random_1,2026-08-17,7,1,-2.0,True,16
random_1,2026-08-18,7,0,1.0,True,17
random_1,2026-08-19,7,3,-0.0,False,18
random_1,2026-08-20,7,5,-2.0,True,19
random_1,2026-08-21,7,13,2.0,False,20
random_1,2026-08-22,7,19,-1.0,True,21
random_1,2026-08-23,7,10,1.0,False,22
random_1,2026-08-24,7,6,-2.0,True,23
random_1,2026-08-25,7,3,1.0,True,24
random_1,2026-08-26,7,0,-1.0,False,25
random_1,2026-08-27,7,18,-1.0,True,26
random_1,2026-08-28,7,1,7.0,False,27
random_1,2026-08-29,7,9,1.0,True,28
random_1,2026-08-30,7,11,1.0,False,29
random_1,2026-08-31,7,8,4.0,True,30
random_1,2026-09-01,7,14,-2.0,False,31
random_1,2026-09-02,7,15,1.0,False,32
random_1,2026-09-03,7,2,-1.0,True,33
random_1,2026-09-04,7,17,-5.0,False,34
random_1,2026-09-05,7,4,-1.0,True,35
random_1,2026-09-06,7,16,-1.0,False,36
random_1,2026-09-07,7,12,2.0,True,37
random_1,2026-08-01,8,7,1.0,True,0
random_1,2026-08-02,8,0,1.0,False,1
random_1,2026-08-03,8,15,1.0,True,2
random_1,2026-08-04,8,19,-4.0,False,3
random_1,2026-08-05,8,11,-1.0,True,4
random_1,2026-08-06,8,10,-2.0,False,5
random_1,2026-08-07,8,5,-2.0,True,6
random_1,2026-08-08,8,1,-2.0,False,7
random_1,2026-08-09,8,16,-0.0,False,8
random_1,2026-08-10,8,6,-3.0,True,9
random_1,2026-08-11,8,3,1.0,False,10
random_1,2026-08-12,8,13,1.0,True,11
random_1,2026-08-13,8,2,4.0,False,12
random_1,2026-08-14,8,9,6.0,True,13
random_1,2026-08-15,8,4,3.0,False,14
random_1,2026-08-16,8,17,-0.0,False,15
random_1,2026-08-17,8,18,1.0,True,16
random_1,2026-08-18,8,14,2.0,True,17
random_1,2026-08-19,8,12,-1.0,False,18
random_1,2026-08-20,8,2,2.0,True,19
random_1,2026-08-21,8,6,-2.0,False,20
random_1,2026-08-22,8,3,1.0,True,21
random_1,2026-08-23,8,13,1.0,False,22
random_1,2026-08-24,8,16,0.0,True,23
random_1,2026-08-25,8,12,-1.0,True,24
random_1,2026-08-26,8,18,-0.0,False,25
random_1,2026-08-27,8,17,1.0,True,26
random_1,2026-08-28,8,14,-0.0,False,27
random_1,2026-08-29,8,15,-0.0,False,28
random_1,2026-08-30,8,19,-1.0,True,29
random_1,2026-08-31,8,7,-4.0,False,30
random_1,2026-09-01,8,0,2.0,True,31
random_1,2026-09-02,8,4,-3.0,True,32
random_1,2026-09-03,8,9,-3.0,False,33
random_1,2026-09-04,8,10,5.0,True,34
random_1,2026-09-05,8,5,-1.0,False,35
random_1,2026-09-06,8,1,-4.0,True,36
random_1,2026-09-07,8,11,-0.0,False,37
random_1,2026-08-01,9,5,0.0,True,0
random_1,2026-08-02,9,18,-5.0,False,1
random_1,2026-08-03,9,7,0.0,True,2
random_1,2026-08-04,9,13,1.0,False,3
random_1,2026-08-05,9,15,0.0,True,4
random_1,2026-08-06,9,11,2.0,False,5
random_1,2026-08-07,9,10,0.0,True,6
random_1,2026-08-08,9,6,-1.0,False,7
random_1,2026-08-09,9,2,-1.0,False,8
random_1,2026-08-10,9,16,1.0,True,9
random_1,2026-08-11,9,14,1.0,False,10
random_1,2026-08-12,9,0,-4.0,True,11
random_1,2026-08-13,9,19,-0.0,False,12
random_1,2026-08-14,9,8,-6.0,False,13
random_1,2026-08-15,9,3,-1.0,True,14
random_1,2026-08-16,9,12,-3.0,False,15
random_1,2026-08-17,9,4,-3.0,True,16
random_1,2026-08-18,9,1,0.0,True,17
random_1,2026-08-19,9,17,3.0,False,18
random_1,2026-08-20,9,19,-1.0,True,19
random_1,2026-08-21,9,16,-0.0,False,20
random_1,2026-08-22,9,2,0.0,True,21
random_1,2026-08-23,9,0,2.0,False,22
random_1,2026-08-24,9,14,-2.0,True,23
random_1,2026-08-25,9,17,-1.0,True,24
random_1,2026-08-26,9,1,-0.0,False,25
random_1,2026-08-27,9,12,0.0,True,26
random_1,2026-08-28,9,4,-3.0,False,27
random_1,2026-08-29,9,7,-1.0,False,28
random_1,2026-08-30,9,13,1.0,True,29
random_1,2026-08-31,9,5,-0.0,False,30
random_1,2026-09-01,9,18,-1.0,True,31
random_1,2026-09-02,9,3,-1.0,False,32
random_1,2026-09-03,9,8,3.0,True,33
random_1,2026-09-04,9,11,0.0,True,34
random_1,2026-09-05,9,10,-1.0,False,35
random_1,2026-09-06,9,6,-1.0,True,36
random_1,2026-09-07,9,15,1.0,False,37
random_1,2026-08-01,10,15,0.0,True,0
random_1,2026-08-02,10,6,-2.0,False,1
random_1,2026-08-03,10,2,4.0,True,2
random_1,2026-08-04,10,5,-0.0,False,3
random_1,2026-08-05,10,16,1.0,False,4
random_1,2026-08-06,10,8,2.0,True,5
random_1,2026-08-07,10,9,-0.0,False,6
random_1,2026-08-08,10,3,-1.0,True,7
random_1,2026-08-09,10,11,0.0,True,8
random_1,2026-08-10,10,1,1.0,False,9
random_1,2026-08-11,10,4,-2.0,True,10
random_1,2026-08-12,10,7,-0.0,False,11
random_1,2026-08-13,10,17,0.0,True,12
random_1,2026-08-14,10,0,5.0,False,13
random_1,2026-08-15,10,19,0.0,True,14
random_1,2026-08-16,10,14,1.0,False,15
random_1,2026-08-17,10,13,0.0,True,16
random_1,2026-08-18,10,12,2.0,True,17
random_1,2026-08-19,10,18,-3.0,False,18
random_1,2026-08-20,10,17,1.0,False,19
random_1,2026-08-21,10,1,-4.0,True,20
random_1,2026-08-22,10,11,-2.0,False,21
random_1,2026-08-23,10,7,-1.0,True,22
random_1,2026-08-24,10,4,1.0,False,23
random_1,2026-08-25,10,18,-1.0,True,24
random_1,2026-08-26,10,13,2.0,False,25
random_1,2026-08-27,10,14,-1.0,True,26
random_1,2026-08-28,10,12,-0.0,False,27
random_1,2026-08-29,10,2,2.0,False,28
random_1,2026-08-30,10,5,2.0,True,29
random_1,2026-08-31,10,15,1.0,False,30
random_1,2026-09-01,10,6,0.0,True,31
random_1,2026-09-02,10,19,-0.0,False,32
random_1,2026-09-03,10,0,-1.0,True,33
random_1,2026-09-04,10,8,-5.0,False,34
random_1,2026-09-05,10,9,1.0,True,35
random_1,2026-09-06,10,3,1.0,False,36
random_1,2026-09-07,10,16,1.0,True,37
random_1,2026-08-01,11,18,-2.0,True,0
random_1,2026-08-02,11,15,-1.0,False,1
random_1,2026-08-03,11,13,-1.0,True,2
random_1,2026-08-04,11,7,2.0,False,3
random_1,2026-08-05,11,8,1.0,False,4
random_1,2026-08-06,11,9,-2.0,True,5
random_1,2026-08-07,11,14,-1.0,False,6
random_1,2026-08-08,11,17,0.0,True,7
random_1,2026-08-09,11,10,-0.0,False,8
random_1,2026-08-10,11,0,2.0,True,9
random_1,2026-08-11,11,19,-1.0,False,10
random_1,2026-08-12,11,2,-1.0,True,11
random_1,2026-08-13,11,6,4.0,False,12
random_1,2026-08-14,11,12,1.0,False,13
random_1,2026-08-15,11,16,1.0,True,14
random_1,2026-08-16,11,4,-3.0,False,15
random_1,2026-08-17,11,3,0.0,True,16
random_1,2026-08-18,11,5,1.0,True,17
random_1,2026-08-19,11,1,-1.0,False,18
random_1,2026-08-20,11,6,0.0,True,19
random_1,2026-08-21,11,0,-4.0,False,20
random_1,2026-08-22,11,10,2.0,True,21
random_1,2026-08-23,11,2,1.0,False,22
random_1,2026-08-24,11,19,0.0,True,23
random_1,2026-08-25,11,1,1.0,True,24
random_1,2026-08-26,11,5,-1.0,False,25
random_1,2026-08-27,11,4,1.0,True,26
random_1,2026-08-28,11,3,-2.0,False,27
random_1,2026-08-29,11,13,1.0,False,28
random_1,2026-08-30,11,7,-1.0,True,29
random_1,2026-08-31,11,18,-1.0,False,30
random_1,2026-09-01,11,15,0.0,True,31
random_1,2026-09-02,11,16,-0.0,False,32
random_1,2026-09-03,11,12,1.0,True,33
random_1,2026-09-04,11,9,-0.0,False,34
random_1,2026-09-05,11,14,0.0,True,35
random_1,2026-09-06,11,17,1.0,False,36
random_1,2026-09-07,11,8,0.0,True,37
random_1,2026-08-01,12,17,-2.0,False,0
random_1,2026-08-02,12,3,-2.0,True,1
random_1,2026-08-03,12,4,-0.0,False,2
random_1,2026-08-04,12,16,1.0,True,3
random_1,2026-08-05,12,7,-3.0,True,4
random_1,2026-08-06,12,1,-2.0,False,5
random_1,2026-08-07,12,15,-1.0,True,6
random_1,2026-08-08,12,18,1.0,False,7
random_1,2026-08-09,12,0,2.0,False,8
random_1,2026-08-10,12,19,-1.0,True,9
random_1,2026-08-11,12,5,-0.0,False,10
random_1,2026-08-12,12,6,-3.0,True,11
random_1,2026-08-13,12,14,1.0,False,12
random_1,2026-08-14,12,11,-1.0,True,13
random_1,2026-08-15,12,13,-1.0,False,14
random_1,2026-08-16,12,9,3.0,True,15
random_1,2026-08-17,12,2,-1.0,False,16
random_1,2026-08-18,12,10,-2.0,False,17
random_1,2026-08-19,12,8,1.0,True,18
random_1,2026-08-20,12,14,7.0,True,19
random_1,2026-08-21,12,19,-2.0,False,20
random_1,2026-08-22,12,5,-1.0,True,21
random_1,2026-08-23,12,6,4.0,False,22
random_1,2026-08-24,12,0,2.0,True,23
random_1,2026-08-25,12,8,1.0,False,24
random_1,2026-08-26,12,2,-2.0,True,25
random_1,2026-08-27,12,9,-0.0,False,26
random_1,2026-08-28,12,10,0.0,True,27
random_1,2026-08-29,12,4,1.0,True,28
random_1,2026-08-30,12,16,-2.0,False,29
random_1,2026-08-31,12,17,-3.0,True,30
random_1,2026-09-01,12,3,2.0,False,31
random_1,2026-09-02,12,13,-1.0,True,32
random_1,2026-09-03,12,11,-1.0,False,33
random_1,2026-09-04,12,1,-1.0,True,34
random_1,2026-09-05,12,15,-1.0,False,35
random_1,2026-09-06,12,18,3.0,True,36
random_1,2026-09-07,12,7,-2.0,False,37
random_1,2026-08-01,13,16,1.0,False,0
random_1,2026-08-02,13,17,1.0,True,1
random_1,2026-08-03,13,11,1.0,False,2
random_1,2026-08-04,13,9,-1.0,True,3
random_1,2026-08-05,13,0,-0.0,False,4
random_1,2026-08-06,13,14,1.0,True,5
random_1,2026-08-07,13,3,-2.0,False,6
random_1,2026-08-08,13,4,4.0,True,7
random_1,2026-08-09,13,1,-4.0,True,8
random_1,2026-08-10,13,7,-2.0,False,9
random_1,2026-08-11,13,15,-1.0,True,10
random_1,2026-08-12,13,8,-1.0,False,11
random_1,2026-08-13,13,18,0.0,True,12
random_1,2026-08-14,13,5,-0.0,False,13
random_1,2026-08-15,13,12,1.0,True,14
random_1,2026-08-16,13,19,0.0,True,15
random_1,2026-08-17,13,10,-0.0,False,16
random_1,2026-08-18,13,2,-1.0,False,17
random_1,2026-08-19,13,6,-1.0,True,18
random_1,2026-08-20,13,18,3.0,False,19
random_1,2026-08-21,13,7,-2.0,True,20
random_1,2026-08-22,13,15,-2.0,False,21
random_1,2026-08-23,13,8,-1.0,True,22
random_1,2026-08-24,13,1,-1.0,False,23
random_1,2026-08-25,13,6,-2.0,False,24
random_1,2026-08-26,13,10,-2.0,True,25
random_1,2026-08-27,13,19,2.0,False,26
random_1,2026-08-28,13,2,3.0,True,27
random_1,2026-08-29,13,11,-1.0,True,28
random_1,2026-08-30,13,9,-1.0,False,29
random_1,2026-08-31,13,16,4.0,True,30
random_1,2026-09-01,13,17,1.0,False,31
random_1,2026-09-02,13,12,1.0,False,32
random_1,2026-09-03,13,5,1.0,True,33
random_1,2026-09-04,13,14,4.0,False,34
random_1,2026-09-05,13,3,0.0,True,35
random_1,2026-09-06,13,4,2.0,False,36
random_1,2026-09-07,13,0,2.0,True,37
random_1,2026-08-01,14,0,-1.0,True,0
random_1,2026-08-02,14,7,-5.0,False,1
random_1,2026-08-03,14,6,2.0,True,2
random_1,2026-08-04,14,15,1.0,False,3
random_1,2026-08-05,14,18,0.0,True,4
random_1,2026-08-06,14,13,-1.0,False,5
random_1,2026-08-07,14,11,1.0,True,6
random_1,2026-08-08,14,2,1.0,False,7
random_1,2026-08-09,14,4,1.0,True,8
random_1,2026-08-10,14,17,1.0,False,9
random_1,2026-08-11,14,9,-1.0,True,10
random_1,2026-08-12,14,1,1.0,False,11
random_1,2026-08-13,14,12,-1.0,True,12
random_1,2026-08-14,14,3,-0.0,False,13
random_1,2026-08-15,14,5,1.0,True,14
random_1,2026-08-16,14,10,-1.0,True,15
random_1,2026-08-17,14,16,-1.0,False,16
random_1,2026-08-18,14,8,-2.0,False,17
random_1,2026-08-19,14,19,0.0,True,18
random_1,2026-08-20,14,12,-7.0,False,19
random_1,2026-08-21,14,17,-2.0,True,20
random_1,2026-08-22,14,4,-1.0,False,21
random_1,2026-08-23,14,1,0.0,True,22
random_1,2026-08-24,14,9,2.0,False,23
random_1,2026-08-25,14,19,-0.0,False,24
random_1,2026-08-26,14,16,-1.0,True,25
random_1,2026-08-27,14,10,1.0,False,26
random_1,2026-08-28,14,8,0.0,True,27
random_1,2026-08-29,14,6,-1.0,False,28
random_1,2026-08-30,14,15,0.0,True,29
random_1,2026-08-31,14,0,2.0,False,30
random_1,2026-09-01,14,7,2.0,True,31
random_1,2026-09-02,14,5,-0.0,False,32
random_1,2026-09-03,14,3,-1.0,True,33
random_1,2026-09-04,14,13,-4.0,True,34
random_1,2026-09-05,14,11,-0.0,False,35
random_1,2026-09-06,14,2,-1.0,True,36
random_1,2026-09-07,14,18,-0.0,False,37
random_1,2026-08-01,15,10,-0.0,False,0
random_1,2026-08-02,15,11,1.0,True,1
random_1,2026-08-03,15,8,-1.0,False,2
random_1,2026-08-04,15,14,-1.0,True,3
random_1,2026-08-05,15,9,-0.0,False,4
random_1,2026-08-06,15,19,0.0,True,5
random_1,2026-08-07,15,12,1.0,False,6
random_1,2026-08-08,15,0,-1.0,True,7
random_1,2026-08-09,15,5,1.0,False,8
random_1,2026-08-10,15,2,0.0,True,9
random_1,2026-08-11,15,13,1.0,False,10
random_1,2026-08-12,15,3,1.0,True,11
random_1,2026-08-13,15,16,-0.0,False,12
random_1,2026-08-14,15,6,-1.0,True,13
random_1,2026-08-15,15,7,-2.0,False,14
random_1,2026-08-16,15,1,3.0,False,15
random_1,2026-08-17,15,17,0.0,True,16
random_1,2026-08-18,15,18,1.0,True,17
random_1,2026-08-19,15,4,2.0,False,18
random_1,2026-08-20,15,16,2.0,True,19
random_1,2026-08-21,15,2,2.0,False,20
random_1,2026-08-22,15,13,2.0,True,21
random_1,2026-08-23,15,3,-0.0,False,22
random_1,2026-08-24,15,5,3.0,True,23
random_1,2026-08-25,15,4,0.0,True,24
random_1,2026-08-26,15,17,-0.0,False,25
random_1,2026-08-27,15,1,3.0,True,26
random_1,2026-08-28,15,18,-0.0,False,27
random_1,2026-08-29,15,8,0.0,True,28
random_1,2026-08-30,15,14,-0.0,False,29
random_1,2026-08-31,15,10,-1.0,True,30
random_1,2026-09-01,15,11,-0.0,False,31
random_1,2026-09-02,15,7,-1.0,True,32
random_1,2026-09-03,15,6,-2.0,False,33
random_1,2026-09-04,15,0,1.0,False,34
random_1,2026-09-05,15,12,1.0,True,35
random_1,2026-09-06,15,19,-1.0,False,36
random_1,2026-09-07,15,9,-1.0,True,37
random_1,2026-08-01,16,13,-1.0,True,0
random_1,2026-08-02,16,19,-2.0,False,1
random_1,2026-08-03,16,0,-1.0,True,2
random_1,2026-08-04,16,12,-1.0,False,3
random_1,2026-08-05,16,10,-1.0,True,4
random_1,2026-08-06,16,6,-1.0,False,5
random_1,2026-08-07,16,2,-2.0,True,6
random_1,2026-08-08,16,7,-0.0,False,7
random_1,2026-08-09,16,8,0.0,True,8
random_1,2026-08-10,16,9,-1.0,False,9
random_1,2026-08-11,16,1,4.0,True,10
random_1,2026-08-12,16,4,4.0,False,11
random_1,2026-08-13,16,15,0.0,True,12
random_1,2026-08-14,16,18,-3.0,True,13
random_1,2026-08-15,16,11,-1.0,False,14
random_1,2026-08-16,16,3,-1.0,False,15
random_1,2026-08-17,16,14,1.0,True,16
random_1,2026-08-18,16,17,1.0,True,17
random_1,2026-08-19,16,5,2.0,False,18
random_1,2026-08-20,16,15,-2.0,False,19
random_1,2026-08-21,16,9,0.0,True,20
random_1,2026-08-22,16,1,-0.0,False,21
random_1,2026-08-23,16,4,-2.0,True,22
random_1,2026-08-24,16,8,-0.0,False,23
random_1,2026-08-25,16,5,-1.0,True,24
random_1,2026-08-26,16,14,1.0,False,25
random_1,2026-08-27,16,3,-1.0,True,26
random_1,2026-08-28,16,17,2.0,False,27
random_1,2026-08-29,16,0,-0.0,False,28
random_1,2026-08-30,16,12,2.0,True,29
random_1,2026-08-31,16,13,-4.0,False,30
random_1,2026-09-01,16,19,0.0,True,31
random_1,2026-09-02,16,11,0.0,True,32
random_1,2026-09-03,16,18,-0.0,False,33
random_1,2026-09-04,16,6,-3.0,True,34
random_1,2026-09-05,16,2,1.0,False,35
random_1,2026-09-06,16,7,1.0,True,36
random_1,2026-09-07,16,10,-1.0,False,37
random_1,2026-08-01,17,12,2.0,True,0
random_1,2026-08-02,17,13,-1.0,False,1
random_1,2026-08-03,17,19,0.0,True,2
random_1,2026-08-04,17,2,-0.0,False,3
random_1,2026-08-05,17,6,-2.0,True,4
random_1,2026-08-06,17,7,-3.0,False,5
random_1,2026-08-07,17,1,-1.0,True,6
random_1,2026-08-08,17,11,-0.0,False,7
random_1,2026-08-09,17,3,1.0,False,8
random_1,2026-08-10,17,14,-1.0,True,9
random_1,2026-08-11,17,0,-2.0,False,10
random_1,2026-08-12,17,5,-2.0,True,11
random_1,2026-08-13,17,10,-0.0,False,12
random_1,2026-08-14,17,4,1.0,True,13
random_1,2026-08-15,17,18,1.0,False,14
random_1,2026-08-16,17,8,0.0,True,15
random_1,2026-08-17,17,15,-0.0,False,16
random_1,2026-08-18,17,16,-1.0,False,17
random_1,2026-08-19,17,9,-3.0,True,18
random_1,2026-08-20,17,10,-1.0,True,19
random_1,2026-08-21,17,14,2.0,False,20
random_1,2026-08-22,17,0,0.0,True,21
random_1,2026-08-23,17,5,1.0,False,22
random_1,2026-08-24,17,3,0.0,True,23
random_1,2026-08-25,17,9,1.0,False,24
random_1,2026-08-26,17,15,0.0,True,25
random_1,2026-08-27,17,8,-1.0,False,26
random_1,2026-08-28,17,16,-2.0,True,27
random_1,2026-08-29,17,19,2.0,False,28
random_1,2026-08-30,17,2,-1.0,True,29
random_1,2026-08-31,17,12,3.0,False,30
random_1,2026-09-01,17,13,-1.0,True,31
random_1,2026-09-02,17,18,3.0,True,32
random_1,2026-09-03,17,4,3.0,False,33
random_1,2026-09-04,17,7,5.0,True,34
random_1,2026-09-05,17,1,-0.0,False,35
random_1,2026-09-06,17,11,-1.0,True,36
random_1,2026-09-07,17,6,-1.0,False,37
random_1,2026-08-01,18,11,2.0,False,0
random_1,2026-08-02,18,9,5.0,True,1
random_1,2026-08-03,18,3,-0.0,False,2
random_1,2026-08-04,18,1,-1.0,True,3
random_1,2026-08-05,18,14,-0.0,False,4
random_1,2026-08-06,18,4,-1.0,True,5
random_1,2026-08-07,18,0,1.0,False,6
random_1,2026-08-08,18,12,-1.0,True,7
random_1,2026-08-09,18,6,3.0,False,8
random_1,2026-08-10,18,5,0.0,True,9
random_1,2026-08-11,18,2,3.0,False,10
random_1,2026-08-12,18,19,0.0,True,11
random_1,2026-08-13,18,13,-0.0,False,12
random_1,2026-08-14,18,16,3.0,False,13
random_1,2026-08-15,18,17,-1.0,True,14
random_1,2026-08-16,18,7,1.0,True,15
random_1,2026-08-17,18,8,-1.0,False,16
random_1,2026-08-18,18,15,-1.0,False,17
random_1,2026-08-19,18,10,3.0,True,18
random_1,2026-08-20,18,13,-3.0,True,19
random_1,2026-08-21,18,5,3.0,False,20
random_1,2026-08-22,18,6,0.0,True,21
random_1,2026-08-23,18,19,1.0,False,22
random_1,2026-08-24,18,2,1.0,True,23
random_1,2026-08-25,18,10,1.0,False,24
random_1,2026-08-26,18,8,0.0,True,25
random_1,2026-08-27,18,7,1.0,False,26
random_1,2026-08-28,18,15,0.0,True,27
random_1,2026-08-29,18,3,-3.0,True,28
random_1,2026-08-30,18,1,1.0,False,29
random_1,2026-08-31,18,11,1.0,True,30
random_1,2026-09-01,18,9,1.0,False,31
random_1,2026-09-02,18,17,-3.0,False,32
random_1,2026-09-03,18,16,0.0,True,33
random_1,2026-09-04,18,4,1.0,False,34
random_1,2026-09-05,18,0,1.0,True,35
random_1,2026-09-06,18,12,-3.0,False,36
random_1,2026-09-07,18,14,0.0,True,37
random_1,2026-08-01,19,3,-0.0,False,0
random_1,2026-08-02,19,16,2.0,True,1
random_1,2026-08-03,19,17,-0.0,False,2
random_1,2026-08-04,19,8,4.0,True,3
random_1,2026-08-05,19,2,0.0,True,4
random_1,2026-08-06,19,15,-0.0,False,5
random_1,2026-08-07,19,6,2.0,True,6
random_1,2026-08-08,19,5,-3.0,False,7
random_1,2026-08-09,19,7,-1.0,True,8
random_1,2026-08-10,19,12,1.0,False,9
random_1,2026-08-11,19,11,1.0,True,10
random_1,2026-08-12,19,18,-0.0,False,11
random_1,2026-08-13,19,9,0.0,True,12
random_1,2026-08-14,19,1,2.0,True,13
random_1,2026-08-15,19,10,-0.0,False,14
random_1,2026-08-16,19,13,-0.0,False,15
random_1,2026-08-17,19,0,1.0,True,16
random_1,2026-08-18,19,4,-4.0,True,17
random_1,2026-08-19,19,14,-0.0,False,18
random_1,2026-08-20,19,9,1.0,False,19
random_1,2026-08-21,19,12,2.0,True,20
random_1,2026-08-22,19,7,1.0,False,21
random_1,2026-08-23,19,18,-1.0,True,22
random_1,2026-08-24,19,11,-0.0,False,23
random_1,2026-08-25,19,14,0.0,True,24
random_1,2026-08-26,19,4,1.0,False,25
random_1,2026-08-27,19,13,-2.0,True,26
random_1,2026-08-28,19,0,3.0,False,27
random_1,2026-08-29,19,17,-2.0,True,28
random_1,2026-08-30,19,8,1.0,False,29
random_1,2026-08-31,19,3,-1.0,True,30
random_1,2026-09-01,19,16,-0.0,False,31
random_1,2026-09-02,19,10,0.0,True,32
random_1,2026-09-03,19,1,2.0,False,33
random_1,2026-09-04,19,5,-2.0,True,34
random_1,2026-09-05,19,6,1.0,False,35
random_1,2026-09-06,19,15,1.0,True,36
random_1,2026-09-07,19,2,-0.0,False,37
random_10,2026-08-01,0,14,3.0,False,0
random_10,2026-08-02,0,8,-1.0,True,1
random_10,2026-08-03,0,16,-0.0,False,2
random_10,2026-08-04,0,3,2.0,True,3
random_10,2026-08-05,0,13,-1.0,True,4
random_10,2026-08-06,0,5,-3.0,False,5
random_10,2026-08-07,0,18,-1.0,True,6
random_10,2026-08-08,0,15,2.0,False,7
random_10,2026-08-09,0,12,0.0,True,8
random_10,2026-08-10,0,11,-0.0,False,9
random_10,2026-08-11,0,17,1.0,True,10
random_10,2026-08-12,0,9,-1.0,False,11
random_10,2026-08-13,0,4,-3.0,True,12
random_10,2026-08-14,0,10,0.0,True,13
random_10,2026-08-15,0,1,-3.0,False,14
random_10,2026-08-16,0,6,2.0,True,15
random_10,2026-08-17,0,19,1.0,False,16
random_10,2026-08-18,0,7,-1.0,False,17
random_10,2026-08-19,0,2,-1.0,True,18
random_10,2026-08-20,0,4,-2.0,False,19
random_10,2026-08-21,0,11,2.0,True,20
random_10,2026-08-22,0,17,1.0,False,21
random_10,2026-08-23,0,9,0.0,True,22
random_10,2026-08-24,0,12,-0.0,False,23
random_10,2026-08-25,0,2,-0.0,False,24
random_10,2026-08-26,0,7,-3.0,True,25
random_10,2026-08-27,0,6,1.0,False,26
random_10,2026-08-28,0,19,-2.0,True,27
random_10,2026-08-29,0,16,-2.0,True,28
random_10,2026-08-30,0,3,2.0,False,29
random_10,2026-08-31,0,14,-1.0,True,30
random_10,2026-09-01,0,8,5.0,False,31
random_10,2026-09-02,0,1,0.0,True,32
random_10,2026-09-03,0,10,1.0,False,33
random_10,2026-09-04,0,15,-2.0,True,34
random_10,2026-09-05,0,18,1.0,False,35
random_10,2026-09-06,0,5,1.0,True,36
random_10,2026-09-07,0,13,-0.0,False,37
random_10,2026-08-01,1,6,1.0,True,0
random_10,2026-08-02,1,2,1.0,False,1
random_10,2026-08-03,1,5,1.0,True,2
random_10,2026-08-04,1,18,-0.0,False,3
random_10,2026-08-05,1,4,-0.0,False,4
random_10,2026-08-06,1,12,3.0,True,5
random_10,2026-08-07,1,17,1.0,False,6
random_10,2026-08-08,1,8,1.0,True,7
random_10,2026-08-09,1,13,-0.0,False,8
random_10,2026-08-10,1,10,-3.0,True,9
random_10,2026-08-11,1,16,1.0,False,10
random_10,2026-08-12,1,14,-1.0,True,11
random_10,2026-08-13,1,3,3.0,False,12
random_10,2026-08-14,1,19,-1.0,False,13
random_10,2026-08-15,1,0,3.0,True,14
random_10,2026-08-16,1,15,-1.0,True,15
random_10,2026-08-17,1,7,-4.0,False,16
random_10,2026-08-18,1,9,1.0,False,17
random_10,2026-08-19,1,11,2.0,True,18
random_10,2026-08-20,1,3,0.0,True,19
random_10,2026-08-21,1,10,2.0,False,20
random_10,2026-08-22,1,16,2.0,True,21
random_10,2026-08-23,1,14,1.0,False,22
random_10,2026-08-24,1,13,2.0,True,23
random_10,2026-08-25,1,11,1.0,False,24
random_10,2026-08-26,1,9,1.0,True,25
random_10,2026-08-27,1,15,3.0,False,26
random_10,2026-08-28,1,7,-1.0,True,27
random_10,2026-08-29,1,5,1.0,False,28
random_10,2026-08-30,1,18,2.0,True,29
random_10,2026-08-31,1,6,-0.0,False,30
random_10,2026-09-01,1,2,3.0,True,31
random_10,2026-09-02,1,0,-0.0,False,32
random_10,2026-09-03,1,19,-3.0,True,33
random_10,2026-09-04,1,12,2.0,False,34
random_10,2026-09-05,1,17,0.0,True,35
random_10,2026-09-06,1,8,-0.0,False,36
random_10,2026-09-07,1,4,1.0,True,37
random_10,2026-08-01,2,4,-2.0,False,0
random_10,2026-08-02,2,1,-1.0,True,1
random_10,2026-08-03,2,10,-1.0,False,2
random_10,2026-08-04,2,17,3.0,True,3
random_10,2026-08-05,2,19,2.0,False,4
random_10,2026-08-06,2,3,-2.0,True,5
random_10,2026-08-07,2,16,1.0,False,6
random_10,2026-08-08,2,14,-1.0,True,7
random_10,2026-08-09,2,9,1.0,True,8
random_10,2026-08-10,2,15,1.0,False,9
random_10,2026-08-11,2,18,1.0,True,10
random_10,2026-08-12,2,11,-2.0,False,11
random_10,2026-08-13,2,8,-1.0,True,12
random_10,2026-08-14,2,7,-1.0,True,13
random_10,2026-08-15,2,6,1.0,False,14
random_10,2026-08-16,2,5,-1.0,False,15
random_10,2026-08-17,2,12,5.0,True,16
random_10,2026-08-18,2,13,0.0,True,17
random_10,2026-08-19,2,0,1.0,False,18
random_10,2026-08-20,2,8,2.0,False,19
random_10,2026-08-21,2,15,-1.0,True,20
random_10,2026-08-22,2,9,1.0,False,21
random_10,2026-08-23,2,11,-1.0,True,22
random_10,2026-08-24,2,18,2.0,False,23
random_10,2026-08-25,2,0,0.0,True,24
random_10,2026-08-26,2,12,-3.0,False,25
random_10,2026-08-27,2,5,0.0,True,26
random_10,2026-08-28,2,13,-1.0,False,27
random_10,2026-08-29,2,10,2.0,True,28
random_10,2026-08-30,2,17,-0.0,False,29
random_10,2026-08-31,2,4,-2.0,True,30
random_10,2026-09-01,2,1,-3.0,False,31
random_10,2026-09-02,2,6,-2.0,True,32
random_10,2026-09-03,2,7,-4.0,False,33
random_10,2026-09-04,2,3,2.0,False,34
random_10,2026-09-05,2,16,0.0,True,35
random_10,2026-09-06,2,14,-3.0,False,36
random_10,2026-09-07,2,19,0.0,True,37
random_10,2026-08-01,3,19,-1.0,True,0
random_10,2026-08-02,3,12,-0.0,False,1
random_10,2026-08-03,3,18,1.0,True,2
random_10,2026-08-04,3,0,-2.0,False,3
random_10,2026-08-05,3,5,1.0,True,4
random_10,2026-08-06,3,2,2.0,False,5
random_10,2026-08-07,3,13,-1.0,True,6
random_10,2026-08-08,3,10,-1.0,False,7
random_10,2026-08-09,3,17,-3.0,True,8
random_10,2026-08-10,3,4,-1.0,False,9
random_10,2026-08-11,3,8,-4.0,True,10
random_10,2026-08-12,3,15,-0.0,False,11
random_10,2026-08-13,3,1,-3.0,True,12
random_10,2026-08-14,3,14,-1.0,True,13
random_10,2026-08-15,3,9,-0.0,False,14
random_10,2026-08-16,3,16,-2.0,True,15
random_10,2026-08-17,3,11,-2.0,False,16
random_10,2026-08-18,3,6,1.0,False,17
random_10,2026-08-19,3,7,-2.0,True,18
random_10,2026-08-20,3,1,-0.0,False,19
random_10,2026-08-21,3,4,3.0,True,20
random_10,2026-08-22,3,8,-0.0,False,21
random_10,2026-08-23,3,15,1.0,True,22
random_10,2026-08-24,3,17,3.0,False,23
random_10,2026-08-25,3,7,-3.0,False,24
random_10,2026-08-26,3,6,3.0,True,25
random_10,2026-08-27,3,16,1.0,False,26
random_10,2026-08-28,3,11,0.0,True,27
random_10,2026-08-29,3,18,-0.0,False,28
random_10,2026-08-30,3,0,-2.0,True,29
random_10,2026-08-31,3,19,1.0,False,30
random_10,2026-09-01,3,12,-1.0,True,31
random_10,2026-09-02,3,9,-1.0,True,32
random_10,2026-09-03,3,14,-0.0,False,33
random_10,2026-09-04,3,2,-2.0,True,34
random_10,2026-09-05,3,13,-0.0,False,35
random_10,2026-09-06,3,10,-1.0,True,36
random_10,2026-09-07,3,5,-0.0,False,37
random_10,2026-08-01,4,2,2.0,True,0
random_10,2026-08-02,4,5,-2.0,False,1
random_10,2026-08-03,4,12,-2.0,True,2
random_10,2026-08-04,4,6,1.0,False,3
random_10,2026-08-05,4,1,0.0,True,4
random_10,2026-08-06,4,18,1.0,False,5
random_10,2026-08-07,4,7,0.0,True,6
random_10,2026-08-08,4,13,-1.0,False,7
random_10,2026-08-09,4,14,-0.0,False,8
random_10,2026-08-10,4,3,1.0,True,9
random_10,2026-08-11,4,10,4.0,False,10
random_10,2026-08-12,4,16,1.0,True,11
random_10,2026-08-13,4,0,3.0,False,12
random_10,2026-08-14,4,17,1.0,False,13
random_10,2026-08-15,4,8,1.0,True,14
random_10,2026-08-16,4,11,1.0,True,15
random_10,2026-08-17,4,9,1.0,False,16
random_10,2026-08-18,4,19,-1.0,False,17
random_10,2026-08-19,4,15,0.0,True,18
random_10,2026-08-20,4,0,2.0,True,19
random_10,2026-08-21,4,3,-3.0,False,20
random_10,2026-08-22,4,14,2.0,True,21
random_10,2026-08-23,4,16,-2.0,False,22
random_10,2026-08-24,4,10,1.0,True,23
random_10,2026-08-25,4,15,4.0,False,24
random_10,2026-08-26,4,19,-1.0,True,25
random_10,2026-08-27,4,11,1.0,False,26
random_10,2026-08-28,4,9,-3.0,True,27
random_10,2026-08-29,4,12,-1.0,False,28
random_10,2026-08-30,4,6,5.0,True,29
random_10,2026-08-31,4,2,2.0,False,30
random_10,2026-09-01,4,5,0.0,True,31
random_10,2026-09-02,4,8,3.0,False,32
random_10,2026-09-03,4,17,-2.0,True,33
random_10,2026-09-04,4,18,-1.0,True,34
random_10,2026-09-05,4,7,3.0,False,35
random_10,2026-09-06,4,13,0.0,True,36
random_10,2026-09-07,4,1,-1.0,False,37
random_10,2026-08-01,5,9,2.0,False,0
random_10,2026-08-02,5,4,2.0,True,1
random_10,2026-08-03,5,1,-1.0,False,2
random_10,2026-08-04,5,10,0.0,True,3
random_10,2026-08-05,5,3,-1.0,False,4
random_10,2026-08-06,5,0,3.0,True,5
random_10,2026-08-07,5,8,-2.0,False,6
random_10,2026-08-08,5,19,-2.0,True,7
random_10,2026-08-09,5,15,0.0,True,8
random_10,2026-08-10,5,18,1.0,False,9
random_10,2026-08-11,5,12,0.0,True,10
random_10,2026-08-12,5,17,-1.0,False,11
random_10,2026-08-13,5,7,4.0,True,12
random_10,2026-08-14,5,13,0.0,True,13
random_10,2026-08-15,5,14,2.0,False,14
random_10,2026-08-16,5,2,1.0,True,15
random_10,2026-08-17,5,6,-0.0,False,16
random_10,2026-08-18,5,11,-1.0,False,17
random_10,2026-08-19,5,16,-1.0,True,18
random_10,2026-08-20,5,7,1.0,False,19
random_10,2026-08-21,5,18,-6.0,True,20
random_10,2026-08-22,5,12,-0.0,False,21
random_10,2026-08-23,5,17,-3.0,True,22
random_10,2026-08-24,5,15,2.0,False,23
random_10,2026-08-25,5,16,-1.0,False,24
random_10,2026-08-26,5,11,2.0,True,25
random_10,2026-08-27,5,2,-0.0,False,26
random_10,2026-08-28,5,6,4.0,True,27
random_10,2026-08-29,5,1,-1.0,True,28
random_10,2026-08-30,5,10,-3.0,False,29
random_10,2026-08-31,5,9,4.0,True,30
random_10,2026-09-01,5,4,-0.0,False,31
random_10,2026-09-02,5,14,1.0,True,32
random_10,2026-09-03,5,13,-2.0,False,33
random_10,2026-09-04,5,19,1.0,False,34
random_10,2026-09-05,5,8,-5.0,True,35
random_10,2026-09-06,5,0,-1.0,False,36
random_10,2026-09-07,5,3,0.0,True,37
random_10,2026-08-01,6,1,-1.0,False,0
random_10,2026-08-02,6,10,5.0,True,1
random_10,2026-08-03,6,14,1.0,False,2
random_10,2026-08-04,6,4,-1.0,True,3
random_10,2026-08-05,6,17,-3.0,False,4
random_10,2026-08-06,6,16,-3.0,True,5
random_10,2026-08-07,6,19,-2.0,False,6
random_10,2026-08-08,6,9,-1.0,True,7
random_10,2026-08-09,6,18,1.0,True,8
random_10,2026-08-10,6,8,-1.0,False,9
random_10,2026-08-11,6,7,-3.0,True,10
random_10,2026-08-12,6,12,-0.0,False,11
random_10,2026-08-13,6,11,4.0,True,12
random_10,2026-08-14,6,15,-2.0,False,13
random_10,2026-08-15,6,2,-1.0,True,14
random_10,2026-08-16,6,0,-2.0,False,15
random_10,2026-08-17,6,5,0.0,True,16
random_10,2026-08-18,6,3,-1.0,True,17
random_10,2026-08-19,6,13,-0.0,False,18
random_10,2026-08-20,6,11,-3.0,False,19
random_10,2026-08-21,6,8,1.0,True,20
random_10,2026-08-22,6,18,3.0,False,21
random_10,2026-08-23,6,12,0.0,True,22
random_10,2026-08-24,6,7,4.0,False,23
random_10,2026-08-25,6,13,-1.0,True,24
random_10,2026-08-26,6,3,-3.0,False,25
random_10,2026-08-27,6,0,-1.0,True,26
random_10,2026-08-28,6,5,-4.0,False,27
random_10,2026-08-29,6,14,-2.0,True,28
random_10,2026-08-30,6,4,-5.0,False,29
random_10,2026-08-31,6,1,0.0,True,30
random_10,2026-09-01,6,10,2.0,False,31
random_10,2026-09-02,6,2,2.0,False,32
random_10,2026-09-03,6,15,2.0,True,33
random_10,2026-09-04,6,16,-0.0,False,34
random_10,2026-09-05,6,19,4.0,True,35
random_10,2026-09-06,6,9,1.0,False,36
random_10,2026-09-07,6,17,1.0,True,37
random_10,2026-08-01,7,8,-2.0,False,0
random_10,2026-08-02,7,14,-4.0,True,1
random_10,2026-08-03,7,9,-1.0,False,2
random_10,2026-08-04,7,11,1.0,True,3
random_10,2026-08-05,7,12,3.0,False,4
random_10,2026-08-06,7,17,3.0,True,5
random_10,2026-08-07,7,4,-0.0,False,6
random_10,2026-08-08,7,16,-4.0,True,7
random_10,2026-08-09,7,19,2.0,False,8
random_10,2026-08-10,7,13,2.0,True,9
random_10,2026-08-11,7,6,3.0,False,10
random_10,2026-08-12,7,10,-2.0,True,11
random_10,2026-08-13,7,5,-4.0,False,12
random_10,2026-08-14,7,2,1.0,False,13
random_10,2026-08-15,7,15,2.0,True,14
random_10,2026-08-16,7,18,6.0,False,15
random_10,2026-08-17,7,1,4.0,True,16
random_10,2026-08-18,7,0,1.0,True,17
random_10,2026-08-19,7,3,2.0,False,18
random_10,2026-08-20,7,5,-1.0,True,19
random_10,2026-08-21,7,13,-1.0,False,20
random_10,2026-08-22,7,19,-1.0,True,21
random_10,2026-08-23,7,10,-1.0,False,22
random_10,2026-08-24,7,6,-4.0,True,23
random_10,2026-08-25,7,3,3.0,True,24
random_10,2026-08-26,7,0,3.0,False,25
random_10,2026-08-27,7,18,2.0,True,26
random_10,2026-08-28,7,1,1.0,False,27
random_10,2026-08-29,7,9,-1.0,True,28
random_10,2026-08-30,7,11,3.0,False,29
random_10,2026-08-31,7,8,1.0,True,30
random_10,2026-09-01,7,14,-1.0,False,31
random_10,2026-09-02,7,15,-0.0,False,32
random_10,2026-09-03,7,2,4.0,True,33
random_10,2026-09-04,7,17,-2.0,False,34
random_10,2026-09-05,7,4,-3.0,True,35
random_10,2026-09-06,7,16,1.0,False,36
random_10,2026-09-07,7,12,-2.0,True,37
random_10,2026-08-01,8,7,2.0,True,0
random_10,2026-08-02,8,0,1.0,False,1
random_10,2026-08-03,8,15,0.0,True,2
random_10,2026-08-04,8,19,-2.0,False,3
random_10,2026-08-05,8,11,2.0,True,4
random_10,2026-08-06,8,10,-2.0,False,5
random_10,2026-08-07,8,5,2.0,True,6
random_10,2026-08-08,8,1,-1.0,False,7
random_10,2026-08-09,8,16,2.0,False,8
random_10,2026-08-10,8,6,1.0,True,9
random_10,2026-08-11,8,3,4.0,False,10
random_10,2026-08-12,8,13,-1.0,True,11
random_10,2026-08-13,8,2,1.0,False,12
random_10,2026-08-14,8,9,-1.0,True,13
random_10,2026-08-15,8,4,-1.0,False,14
random_10,2026-08-16,8,17,-0.0,False,15
random_10,2026-08-17,8,18,3.0,True,16
random_10,2026-08-18,8,14,1.0,True,17
random_10,2026-08-19,8,12,-0.0,False,18
random_10,2026-08-20,8,2,-2.0,True,19
random_10,2026-08-21,8,6,-1.0,False,20
random_10,2026-08-22,8,3,0.0,True,21
random_10,2026-08-23,8,13,-1.0,False,22
random_10,2026-08-24,8,16,2.0,True,23
random_10,2026-08-25,8,12,2.0,True,24
random_10,2026-08-26,8,18,-0.0,False,25
random_10,2026-08-27,8,17,1.0,True,26
random_10,2026-08-28,8,14,-0.0,False,27
random_10,2026-08-29,8,15,1.0,False,28
random_10,2026-08-30,8,19,2.0,True,29
random_10,2026-08-31,8,7,-1.0,False,30
random_10,2026-09-01,8,0,-5.0,True,31
random_10,2026-09-02,8,4,-3.0,True,32
random_10,2026-09-03,8,9,-3.0,False,33
random_10,2026-09-04,8,10,-3.0,True,34
random_10,2026-09-05,8,5,5.0,False,35
random_10,2026-09-06,8,1,0.0,True,36
random_10,2026-09-07,8,11,-3.0,False,37
random_10,2026-08-01,9,5,-2.0,True,0
random_10,2026-08-02,9,18,-0.0,False,1
random_10,2026-08-03,9,7,1.0,True,2
random_10,2026-08-04,9,13,3.0,False,3
random_10,2026-08-05,9,15,-1.0,True,4
random_10,2026-08-06,9,11,4.0,False,5
random_10,2026-08-07,9,10,-1.0,True,6
random_10,2026-08-08,9,6,1.0,False,7
random_10,2026-08-09,9,2,-1.0,False,8
random_10,2026-08-10,9,16,1.0,True,9
random_10,2026-08-11,9,14,2.0,False,10
random_10,2026-08-12,9,0,1.0,True,11
random_10,2026-08-13,9,19,3.0,False,12
random_10,2026-08-14,9,8,1.0,False,13
random_10,2026-08-15,9,3,0.0,True,14
random_10,2026-08-16,9,12,1.0,False,15
random_10,2026-08-17,9,4,-1.0,True,16
random_10,2026-08-18,9,1,-1.0,True,17
random_10,2026-08-19,9,17,2.0,False,18
random_10,2026-08-20,9,19,1.0,True,19
random_10,2026-08-21,9,16,-1.0,False,20
random_10,2026-08-22,9,2,-1.0,True,21
random_10,2026-08-23,9,0,-0.0,False,22
random_10,2026-08-24,9,14,3.0,True,23
random_10,2026-08-25,9,17,0.0,True,24
random_10,2026-08-26,9,1,-1.0,False,25
random_10,2026-08-27,9,12,-4.0,True,26
random_10,2026-08-28,9,4,3.0,False,27
random_10,2026-08-29,9,7,1.0,False,28
random_10,2026-08-30,9,13,-1.0,True,29
random_10,2026-08-31,9,5,-4.0,False,30
random_10,2026-09-01,9,18,1.0,True,31
random_10,2026-09-02,9,3,1.0,False,32
random_10,2026-09-03,9,8,3.0,True,33
random_10,2026-09-04,9,11,-2.0,True,34
random_10,2026-09-05,9,10,-0.0,False,35
random_10,2026-09-06,9,6,-1.0,True,36
random_10,2026-09-07,9,15,1.0,False,37
random_10,2026-08-01,10,15,0.0,True,0
random_10,2026-08-02,10,6,-5.0,False,1
random_10,2026-08-03,10,2,1.0,True,2
random_10,2026-08-04,10,5,-0.0,False,3
random_10,2026-08-05,10,16,-0.0,False,4
random_10,2026-08-06,10,8,2.0,True,5
random_10,2026-08-07,10,9,1.0,False,6
random_10,2026-08-08,10,3,1.0,True,7
random_10,2026-08-09,10,11,-1.0,True,8
random_10,2026-08-10,10,1,3.0,False,9
random_10,2026-08-11,10,4,-4.0,True,10
random_10,2026-08-12,10,7,2.0,False,11
random_10,2026-08-13,10,17,1.0,True,12
random_10,2026-08-14,10,0,-0.0,False,13
random_10,2026-08-15,10,19,2.0,True,14
random_10,2026-08-16,10,14,3.0,False,15
random_10,2026-08-17,10,13,-1.0,True,16
random_10,2026-08-18,10,12,0.0,True,17
random_10,2026-08-19,10,18,-3.0,False,18
random_10,2026-08-20,10,17,-0.0,False,19
random_10,2026-08-21,10,1,-2.0,True,20
random_10,2026-08-22,10,11,-2.0,False,21
random_10,2026-08-23,10,7,1.0,True,22
random_10,2026-08-24,10,4,-1.0,False,23
random_10,2026-08-25,10,18,0.0,True,24
random_10,2026-08-26,10,13,-0.0,False,25
random_10,2026-08-27,10,14,1.0,True,26
random_10,2026-08-28,10,12,-1.0,False,27
random_10,2026-08-29,10,2,-2.0,False,28
random_10,2026-08-30,10,5,3.0,True,29
random_10,2026-08-31,10,15,-2.0,False,30
random_10,2026-09-01,10,6,-2.0,True,31
random_10,2026-09-02,10,19,3.0,False,32
random_10,2026-09-03,10,0,-1.0,True,33
random_10,2026-09-04,10,8,3.0,False,34
random_10,2026-09-05,10,9,0.0,True,35
random_10,2026-09-06,10,3,1.0,False,36
random_10,2026-09-07,10,16,1.0,True,37
random_10,2026-08-01,11,18,1.0,True,0
random_10,2026-08-02,11,15,1.0,False,1
random_10,2026-08-03,11,13,5.0,True,2
random_10,2026-08-04,11,7,-1.0,False,3
random_10,2026-08-05,11,8,-2.0,False,4
random_10,2026-08-06,11,9,-4.0,True,5
random_10,2026-08-07,11,14,2.0,False,6
random_10,2026-08-08,11,17,-1.0,True,7
random_10,2026-08-09,11,10,1.0,False,8
random_10,2026-08-10,11,0,0.0,True,9
random_10,2026-08-11,11,19,-0.0,False,10
random_10,2026-08-12,11,2,2.0,True,11
random_10,2026-08-13,11,6,-4.0,False,12
random_10,2026-08-14,11,12,-4.0,False,13
random_10,2026-08-15,11,16,-3.0,True,14
random_10,2026-08-16,11,4,-1.0,False,15
random_10,2026-08-17,11,3,2.0,True,16
random_10,2026-08-18,11,5,1.0,True,17
random_10,2026-08-19,11,1,-2.0,False,18
random_10,2026-08-20,11,6,3.0,True,19
random_10,2026-08-21,11,0,-2.0,False,20
random_10,2026-08-22,11,10,2.0,True,21
random_10,2026-08-23,11,2,1.0,False,22
random_10,2026-08-24,11,19,-2.0,True,23
random_10,2026-08-25,11,1,-1.0,True,24
random_10,2026-08-26,11,5,-2.0,False,25
random_10,2026-08-27,11,4,-1.0,True,26
random_10,2026-08-28,11,3,-0.0,False,27
random_10,2026-08-29,11,13,2.0,False,28
random_10,2026-08-30,11,7,-3.0,True,29
random_10,2026-08-31,11,18,-2.0,False,30
random_10,2026-09-01,11,15,-1.0,True,31
random_10,2026-09-02,11,16,-3.0,False,32
random_10,2026-09-03,11,12,-4.0,True,33
random_10,2026-09-04,11,9,2.0,False,34
random_10,2026-09-05,11,14,-1.0,True,35
random_10,2026-09-06,11,17,2.0,False,36
random_10,2026-09-07,11,8,3.0,True,37
random_10,2026-08-01,12,17,-0.0,False,0
random_10,2026-08-02,12,3,0.0,True,1
random_10,2026-08-03,12,4,2.0,False,2
random_10,2026-08-04,12,16,0.0,True,3
random_10,2026-08-05,12,7,-3.0,True,4
random_10,2026-08-06,12,1,-3.0,False,5
random_10,2026-08-07,12,15,-4.0,True,6
random_10,2026-08-08,12,18,1.0,False,7
random_10,2026-08-09,12,0,-0.0,False,8
random_10,2026-08-10,12,19,2.0,True,9
random_10,2026-08-11,12,5,-0.0,False,10
random_10,2026-08-12,12,6,0.0,True,11
random_10,2026-08-13,12,14,1.0,False,12
random_10,2026-08-14,12,11,4.0,True,13
random_10,2026-08-15,12,13,-1.0,False,14
random_10,2026-08-16,12,9,-1.0,True,15
random_10,2026-08-17,12,2,-5.0,False,16
random_10,2026-08-18,12,10,-0.0,False,17
random_10,2026-08-19,12,8,0.0,True,18
random_10,2026-08-20,12,14,0.0,True,19
random_10,2026-08-21,12,19,1.0,False,20
random_10,2026-08-22,12,5,0.0,True,21
random_10,2026-08-23,12,6,-0.0,False,22
random_10,2026-08-24,12,0,0.0,True,23
random_10,2026-08-25,12,8,-2.0,False,24
random_10,2026-08-26,12,2,3.0,True,25
random_10,2026-08-27,12,9,4.0,False,26
random_10,2026-08-28,12,10,1.0,True,27
random_10,2026-08-29,12,4,1.0,True,28
random_10,2026-08-30,12,16,1.0,False,29
random_10,2026-08-31,12,17,1.0,True,30
random_10,2026-09-01,12,3,1.0,False,31
random_10,2026-09-02,12,13,-1.0,True,32
random_10,2026-09-03,12,11,4.0,False,33
random_10,2026-09-04,12,1,-2.0,True,34
random_10,2026-09-05,12,15,3.0,False,35
random_10,2026-09-06,12,18,0.0,True,36
random_10,2026-09-07,12,7,2.0,False,37
random_10,2026-08-01,13,16,2.0,False,0
random_10,2026-08-02,13,17,0.0,True,1
random_10,2026-08-03,13,11,-5.0,False,2
random_10,2026-08-04,13,9,-3.0,True,3
random_10,2026-08-05,13,0,1.0,False,4
random_10,2026-08-06,13,14,0.0,True,5
random_10,2026-08-07,13,3,1.0,False,6
random_10,2026-08-08,13,4,1.0,True,7
random_10,2026-08-09,13,1,0.0,True,8
random_10,2026-08-10,13,7,-2.0,False,9
random_10,2026-08-11,13,15,-1.0,True,10
random_10,2026-08-12,13,8,1.0,False,11
random_10,2026-08-13,13,18,-5.0,True,12
random_10,2026-08-14,13,5,-0.0,False,13
random_10,2026-08-15,13,12,1.0,True,14
random_10,2026-08-16,13,19,1.0,True,15
random_10,2026-08-17,13,10,1.0,False,16
random_10,2026-08-18,13,2,-0.0,False,17
random_10,2026-08-19,13,6,0.0,True,18
random_10,2026-08-20,13,18,3.0,False,19
random_10,2026-08-21,13,7,1.0,True,20
random_10,2026-08-22,13,15,-4.0,False,21
random_10,2026-08-23,13,8,1.0,True,22
random_10,2026-08-24,13,1,-2.0,False,23
random_10,2026-08-25,13,6,1.0,False,24
random_10,2026-08-26,13,10,0.0,True,25
random_10,2026-08-27,13,19,-1.0,False,26
random_10,2026-08-28,13,2,1.0,True,27
random_10,2026-08-29,13,11,-2.0,True,28
random_10,2026-08-30,13,9,1.0,False,29
random_10,2026-08-31,13,16,-4.0,True,30
random_10,2026-09-01,13,17,-1.0,False,31
random_10,2026-09-02,13,12,1.0,False,32
random_10,2026-09-03,13,5,2.0,True,33
random_10,2026-09-04,13,14,-2.0,False,34
random_10,2026-09-05,13,3,0.0,True,35
random_10,2026-09-06,13,4,-0.0,False,36
random_10,2026-09-07,13,0,0.0,True,37
random_10,2026-08-01,14,0,-3.0,True,0
random_10,2026-08-02,14,7,4.0,False,1
random_10,2026-08-03,14,6,-1.0,True,2
random_10,2026-08-04,14,15,-1.0,False,3
random_10,2026-08-05,14,18,0.0,True,4
random_10,2026-08-06,14,13,-0.0,False,5
random_10,2026-08-07,14,11,-2.0,True,6
random_10,2026-08-08,14,2,1.0,False,7
random_10,2026-08-09,14,4,0.0,True,8
random_10,2026-08-10,14,17,-2.0,False,9
random_10,2026-08-11,14,9,-2.0,True,10
random_10,2026-08-12,14,1,1.0,False,11
random_10,2026-08-13,14,12,-1.0,True,12
random_10,2026-08-14,14,3,1.0,False,13
random_10,2026-08-15,14,5,-2.0,True,14
random_10,2026-08-16,14,10,-3.0,True,15
random_10,2026-08-17,14,16,-1.0,False,16
random_10,2026-08-18,14,8,-1.0,False,17
random_10,2026-08-19,14,19,2.0,True,18
random_10,2026-08-20,14,12,-0.0,False,19
random_10,2026-08-21,14,17,2.0,True,20
random_10,2026-08-22,14,4,-2.0,False,21
random_10,2026-08-23,14,1,-1.0,True,22
random_10,2026-08-24,14,9,-3.0,False,23
random_10,2026-08-25,14,19,-3.0,False,24
random_10,2026-08-26,14,16,-1.0,True,25
random_10,2026-08-27,14,10,-1.0,False,26
random_10,2026-08-28,14,8,0.0,True,27
random_10,2026-08-29,14,6,2.0,False,28
random_10,2026-08-30,14,15,0.0,True,29
random_10,2026-08-31,14,0,1.0,False,30
random_10,2026-09-01,14,7,1.0,True,31
random_10,2026-09-02,14,5,-1.0,False,32
random_10,2026-09-03,14,3,0.0,True,33
random_10,2026-09-04,14,13,2.0,True,34
random_10,2026-09-05,14,11,1.0,False,35
random_10,2026-09-06,14,2,3.0,True,36
random_10,2026-09-07,14,18,-1.0,False,37
random_10,2026-08-01,15,10,-0.0,False,0
random_10,2026-08-02,15,11,-1.0,True,1
random_10,2026-08-03,15,8,-0.0,False,2
random_10,2026-08-04,15,14,1.0,True,3
random_10,2026-08-05,15,9,1.0,False,4
random_10,2026-08-06,15,19,2.0,True,5
random_10,2026-08-07,15,12,4.0,False,6
random_10,2026-08-08,15,0,-2.0,True,7
random_10,2026-08-09,15,5,-0.0,False,8
random_10,2026-08-10,15,2,-1.0,True,9
random_10,2026-08-11,15,13,1.0,False,10
random_10,2026-08-12,15,3,0.0,True,11
random_10,2026-08-13,15,16,-1.0,False,12
random_10,2026-08-14,15,6,2.0,True,13
random_10,2026-08-15,15,7,-2.0,False,14
random_10,2026-08-16,15,1,1.0,False,15
random_10,2026-08-17,15,17,-1.0,True,16
random_10,2026-08-18,15,18,1.0,True,17
random_10,2026-08-19,15,4,-0.0,False,18
random_10,2026-08-20,15,16,-4.0,True,19
random_10,2026-08-21,15,2,1.0,False,20
random_10,2026-08-22,15,13,4.0,True,21
random_10,2026-08-23,15,3,-1.0,False,22
random_10,2026-08-24,15,5,-2.0,True,23
random_10,2026-08-25,15,4,-4.0,True,24
random_10,2026-08-26,15,17,-0.0,False,25
random_10,2026-08-27,15,1,-3.0,True,26
random_10,2026-08-28,15,18,-0.0,False,27
random_10,2026-08-29,15,8,-1.0,True,28
random_10,2026-08-30,15,14,-0.0,False,29
random_10,2026-08-31,15,10,2.0,True,30
random_10,2026-09-01,15,11,1.0,False,31
random_10,2026-09-02,15,7,0.0,True,32
random_10,2026-09-03,15,6,-2.0,False,33
random_10,2026-09-04,15,0,2.0,False,34
random_10,2026-09-05,15,12,-3.0,True,35
random_10,2026-09-06,15,19,2.0,False,36
random_10,2026-09-07,15,9,-1.0,True,37
random_10,2026-08-01,16,13,-2.0,True,0
random_10,2026-08-02,16,19,-3.0,False,1
random_10,2026-08-03,16,0,0.0,True,2
random_10,2026-08-04,16,12,-0.0,False,3
random_10,2026-08-05,16,10,0.0,True,4
random_10,2026-08-06,16,6,3.0,False,5
random_10,2026-08-07,16,2,-1.0,True,6
random_10,2026-08-08,16,7,4.0,False,7
random_10,2026-08-09,16,8,-2.0,True,8
random_10,2026-08-10,16,9,-1.0,False,9
random_10,2026-08-11,16,1,-1.0,True,10
random_10,2026-08-12,16,4,-1.0,False,11
random_10,2026-08-13,16,15,1.0,True,12
random_10,2026-08-14,16,18,-3.0,True,13
random_10,2026-08-15,16,11,3.0,False,14
random_10,2026-08-16,16,3,2.0,False,15
random_10,2026-08-17,16,14,1.0,True,16
random_10,2026-08-18,16,17,2.0,True,17
random_10,2026-08-19,16,5,1.0,False,18
random_10,2026-08-20,16,15,4.0,False,19
random_10,2026-08-21,16,9,1.0,True,20
random_10,2026-08-22,16,1,-2.0,False,21
random_10,2026-08-23,16,4,2.0,True,22
random_10,2026-08-24,16,8,-2.0,False,23
random_10,2026-08-25,16,5,1.0,True,24
random_10,2026-08-26,16,14,1.0,False,25
random_10,2026-08-27,16,3,-1.0,True,26
random_10,2026-08-28,16,17,-3.0,False,27
random_10,2026-08-29,16,0,2.0,False,28
random_10,2026-08-30,16,12,-1.0,True,29
random_10,2026-08-31,16,13,4.0,False,30
random_10,2026-09-01,16,19,4.0,True,31
random_10,2026-09-02,16,11,3.0,True,32
random_10,2026-09-03,16,18,-1.0,False,33
random_10,2026-09-04,16,6,0.0,True,34
random_10,2026-09-05,16,2,-0.0,False,35
random_10,2026-09-06,16,7,-1.0,True,36
random_10,2026-09-07,16,10,-1.0,False,37
random_10,2026-08-01,17,12,0.0,True,0
random_10,2026-08-02,17,13,-0.0,False,1
random_10,2026-08-03,17,19,0.0,True,2
random_10,2026-08-04,17,2,-3.0,False,3
random_10,2026-08-05,17,6,3.0,True,4
random_10,2026-08-06,17,7,-3.0,False,5
random_10,2026-08-07,17,1,-1.0,True,6
random_10,2026-08-08,17,11,1.0,False,7
random_10,2026-08-09,17,3,3.0,False,8
random_10,2026-08-10,17,14,2.0,True,9
random_10,2026-08-11,17,0,-1.0,False,10
random_10,2026-08-12,17,5,1.0,True,11
random_10,2026-08-13,17,10,-1.0,False,12
random_10,2026-08-14,17,4,-1.0,True,13
random_10,2026-08-15,17,18,3.0,False,14
random_10,2026-08-16,17,8,0.0,True,15
random_10,2026-08-17,17,15,1.0,False,16
random_10,2026-08-18,17,16,-2.0,False,17
random_10,2026-08-19,17,9,-2.0,True,18
random_10,2026-08-20,17,10,0.0,True,19
random_10,2026-08-21,17,14,-2.0,False,20
random_10,2026-08-22,17,0,-1.0,True,21
random_10,2026-08-23,17,5,3.0,False,22
random_10,2026-08-24,17,3,-3.0,True,23
random_10,2026-08-25,17,9,-0.0,False,24
random_10,2026-08-26,17,15,0.0,True,25
random_10,2026-08-27,17,8,-1.0,False,26
random_10,2026-08-28,17,16,3.0,True,27
random_10,2026-08-29,17,19,-1.0,False,28
random_10,2026-08-30,17,2,0.0,True,29
random_10,2026-08-31,17,12,-1.0,False,30
random_10,2026-09-01,17,13,1.0,True,31
random_10,2026-09-02,17,18,1.0,True,32
random_10,2026-09-03,17,4,2.0,False,33
random_10,2026-09-04,17,7,2.0,True,34
random_10,2026-09-05,17,1,-0.0,False,35
random_10,2026-09-06,17,11,-2.0,True,36
random_10,2026-09-07,17,6,-1.0,False,37
random_10,2026-08-01,18,11,-1.0,False,0
random_10,2026-08-02,18,9,0.0,True,1
random_10,2026-08-03,18,3,-1.0,False,2
random_10,2026-08-04,18,1,0.0,True,3
random_10,2026-08-05,18,14,-0.0,False,4
random_10,2026-08-06,18,4,-1.0,True,5
random_10,2026-08-07,18,0,1.0,False,6
random_10,2026-08-08,18,12,-1.0,True,7
random_10,2026-08-09,18,6,-1.0,False,8
random_10,2026-08-10,18,5,-1.0,True,9
random_10,2026-08-11,18,2,-1.0,False,10
random_10,2026-08-12,18,19,-2.0,True,11
random_10,2026-08-13,18,13,5.0,False,12
random_10,2026-08-14,18,16,3.0,False,13
random_10,2026-08-15,18,17,-3.0,True,14
random_10,2026-08-16,18,7,-6.0,True,15
random_10,2026-08-17,18,8,-3.0,False,16
random_10,2026-08-18,18,15,-1.0,False,17
random_10,2026-08-19,18,10,3.0,True,18
random_10,2026-08-20,18,13,-3.0,True,19
random_10,2026-08-21,18,5,6.0,False,20
random_10,2026-08-22,18,6,-3.0,True,21
random_10,2026-08-23,18,19,-0.0,False,22
random_10,2026-08-24,18,2,-2.0,True,23
random_10,2026-08-25,18,10,-0.0,False,24
random_10,2026-08-26,18,8,0.0,True,25
random_10,2026-08-27,18,7,-2.0,False,26
random_10,2026-08-28,18,15,0.0,True,27
random_10,2026-08-29,18,3,0.0,True,28
random_10,2026-08-30,18,1,-2.0,False,29
random_10,2026-08-31,18,11,2.0,True,30
random_10,2026-09-01,18,9,-1.0,False,31
random_10,2026-09-02,18,17,-1.0,False,32
random_10,2026-09-03,18,16,1.0,True,33
random_10,2026-09-04,18,4,1.0,False,34
random_10,2026-09-05,18,0,-1.0,True,35
random_10,2026-09-06,18,12,-0.0,False,36
random_10,2026-09-07,18,14,1.0,True,37
random_10,2026-08-01,19,3,1.0,False,0
random_10,2026-08-02,19,16,3.0,True,1
random_10,2026-08-03,19,17,-0.0,False,2
random_10,2026-08-04,19,8,2.0,True,3
random_10,2026-08-05,19,2,-2.0,True,4
random_10,2026-08-06,19,15,-2.0,False,5
random_10,2026-08-07,19,6,2.0,True,6
random_10,2026-08-08,19,5,2.0,False,7
random_10,2026-08-09,19,7,-2.0,True,8
random_10,2026-08-10,19,12,-2.0,False,9
random_10,2026-08-11,19,11,0.0,True,10
random_10,2026-08-12,19,18,2.0,False,11
random_10,2026-08-13,19,9,-3.0,True,12
random_10,2026-08-14,19,1,1.0,True,13
random_10,2026-08-15,19,10,-2.0,False,14
random_10,2026-08-16,19,13,-1.0,False,15
random_10,2026-08-17,19,0,-1.0,True,16
random_10,2026-08-18,19,4,1.0,True,17
random_10,2026-08-19,19,14,-2.0,False,18
random_10,2026-08-20,19,9,-1.0,False,19
random_10,2026-08-21,19,12,-1.0,True,20
random_10,2026-08-22,19,7,1.0,False,21
random_10,2026-08-23,19,18,0.0,True,22
random_10,2026-08-24,19,11,2.0,False,23
random_10,2026-08-25,19,14,3.0,True,24
random_10,2026-08-26,19,4,1.0,False,25
random_10,2026-08-27,19,13,1.0,True,26
random_10,2026-08-28,19,0,2.0,False,27
random_10,2026-08-29,19,17,1.0,True,28
random_10,2026-08-30,19,8,-2.0,False,29
random_10,2026-08-31,19,3,-1.0,True,30
random_10,2026-09-01,19,16,-4.0,False,31
random_10,2026-09-02,19,10,-3.0,True,32
random_10,2026-09-03,19,1,3.0,False,33
random_10,2026-09-04,19,5,-1.0,True,34
random_10,2026-09-05,19,6,-4.0,False,35
random_10,2026-09-06,19,15,-2.0,True,36
random_10,2026-09-07,19,2,-0.0,False,37
random_11,2026-08-01,0,14,1.0,False,0
random_11,2026-08-02,0,8,-3.0,True,1
random_11,2026-08-03,0,16,-3.0,False,2
random_11,2026-08-04,0,3,-2.0,True,3
random_11,2026-08-05,0,13,-1.0,True,4
random_11,2026-08-06,0,5,1.0,False,5
random_11,2026-08-07,0,18,-4.0,True,6
random_11,2026-08-08,0,15,-2.0,False,7
random_11,2026-08-09,0,12,1.0,True,8
random_11,2026-08-10,0,11,-1.0,False,9
random_11,2026-08-11,0,17,4.0,True,10
random_11,2026-08-12,0,9,-0.0,False,11
random_11,2026-08-13,0,4,-3.0,True,12
random_11,2026-08-14,0,10,-1.0,True,13
random_11,2026-08-15,0,1,-1.0,False,14
random_11,2026-08-16,0,6,0.0,True,15
random_11,2026-08-17,0,19,-2.0,False,16
random_11,2026-08-18,0,7,2.0,False,17
random_11,2026-08-19,0,2,-1.0,True,18
random_11,2026-08-20,0,4,-0.0,False,19
random_11,2026-08-21,0,11,-2.0,True,20
random_11,2026-08-22,0,17,1.0,False,21
random_11,2026-08-23,0,9,-1.0,True,22
random_11,2026-08-24,0,12,-0.0,False,23
random_11,2026-08-25,0,2,-1.0,False,24
random_11,2026-08-26,0,7,1.0,True,25
random_11,2026-08-27,0,6,-1.0,False,26
random_11,2026-08-28,0,19,1.0,True,27
random_11,2026-08-29,0,16,1.0,True,28
random_11,2026-08-30,0,3,5.0,False,29
random_11,2026-08-31,0,14,-5.0,True,30
random_11,2026-09-01,0,8,-0.0,False,31
random_11,2026-09-02,0,1,-1.0,True,32
random_11,2026-09-03,0,10,2.0,False,33
random_11,2026-09-04,0,15,-2.0,True,34
random_11,2026-09-05,0,18,4.0,False,35
random_11,2026-09-06,0,5,-1.0,True,36
random_11,2026-09-07,0,13,2.0,False,37
random_11,2026-08-01,1,6,3.0,True,0
random_11,2026-08-02,1,2,-0.0,False,1
random_11,2026-08-03,1,5,-1.0,True,2
random_11,2026-08-04,1,18,-0.0,False,3
random_11,2026-08-05,1,4,1.0,False,4
random_11,2026-08-06,1,12,0.0,True,5
random_11,2026-08-07,1,17,-0.0,False,6
random_11,2026-08-08,1,8,-2.0,True,7
random_11,2026-08-09,1,13,-0.0,False,8
random_11,2026-08-10,1,10,-2.0,True,9
random_11,2026-08-11,1,16,2.0,False,10
random_11,2026-08-12,1,14,0.0,True,11
random_11,2026-08-13,1,3,2.0,False,12
random_11,2026-08-14,1,19,3.0,False,13
random_11,2026-08-15,1,0,1.0,True,14
random_11,2026-08-16,1,15,-2.0,True,15
random_11,2026-08-17,1,7,1.0,False,16
random_11,2026-08-18,1,9,1.0,False,17
random_11,2026-08-19,1,11,2.0,True,18
random_11,2026-08-20,1,3,0.0,True,19
random_11,2026-08-21,1,10,-0.0,False,20
random_11,2026-08-22,1,16,1.0,True,21
random_11,2026-08-23,1,14,-1.0,False,22
random_11,2026-08-24,1,13,1.0,True,23
random_11,2026-08-25,1,11,1.0,False,24
random_11,2026-08-26,1,9,-2.0,True,25
random_11,2026-08-27,1,15,-0.0,False,26
random_11,2026-08-28,1,7,3.0,True,27
random_11,2026-08-29,1,5,-0.0,False,28
random_11,2026-08-30,1,18,2.0,True,29
random_11,2026-08-31,1,6,-1.0,False,30
random_11,2026-09-01,1,2,-1.0,True,31
random_11,2026-09-02,1,0,1.0,False,32
random_11,2026-09-03,1,19,1.0,True,33
random_11,2026-09-04,1,12,3.0,False,34
random_11,2026-09-05,1,17,-1.0,True,35
random_11,2026-09-06,1,8,-4.0,False,36
random_11,2026-09-07,1,4,-1.0,True,37
random_11,2026-08-01,2,4,-0.0,False,0
random_11,2026-08-02,2,1,0.0,True,1
random_11,2026-08-03,2,10,1.0,False,2
random_11,2026-08-04,2,17,2.0,True,3
random_11,2026-08-05,2,19,-0.0,False,4
random_11,2026-08-06,2,3,-1.0,True,5
random_11,2026-08-07,2,16,-1.0,False,6
random_11,2026-08-08,2,14,-1.0,True,7
random_11,2026-08-09,2,9,1.0,True,8
random_11,2026-08-10,2,15,-2.0,False,9
random_11,2026-08-11,2,18,-2.0,True,10
random_11,2026-08-12,2,11,-2.0,False,11
random_11,2026-08-13,2,8,1.0,True,12
random_11,2026-08-14,2,7,-1.0,True,13
random_11,2026-08-15,2,6,-0.0,False,14
random_11,2026-08-16,2,5,3.0,False,15
random_11,2026-08-17,2,12,-2.0,True,16
random_11,2026-08-18,2,13,1.0,True,17
random_11,2026-08-19,2,0,1.0,False,18
random_11,2026-08-20,2,8,-1.0,False,19
random_11,2026-08-21,2,15,2.0,True,20
random_11,2026-08-22,2,9,-1.0,False,21
random_11,2026-08-23,2,11,-4.0,True,22
random_11,2026-08-24,2,18,1.0,False,23
random_11,2026-08-25,2,0,1.0,True,24
random_11,2026-08-26,2,12,1.0,False,25
random_11,2026-08-27,2,5,0.0,True,26
random_11,2026-08-28,2,13,-0.0,False,27
random_11,2026-08-29,2,10,1.0,True,28
random_11,2026-08-30,2,17,-1.0,False,29
random_11,2026-08-31,2,4,2.0,True,30
random_11,2026-09-01,2,1,1.0,False,31
random_11,2026-09-02,2,6,-1.0,True,32
random_11,2026-09-03,2,7,-3.0,False,33
random_11,2026-09-04,2,3,-1.0,False,34
random_11,2026-09-05,2,16,-1.0,True,35
random_11,2026-09-06,2,14,-2.0,False,36
random_11,2026-09-07,2,19,-1.0,True,37
random_11,2026-08-01,3,19,-2.0,True,0
random_11,2026-08-02,3,12,-0.0,False,1
random_11,2026-08-03,3,18,3.0,True,2
random_11,2026-08-04,3,0,2.0,False,3
random_11,2026-08-05,3,5,-1.0,True,4
random_11,2026-08-06,3,2,1.0,False,5
random_11,2026-08-07,3,13,-1.0,True,6
random_11,2026-08-08,3,10,3.0,False,7
random_11,2026-08-09,3,17,-2.0,True,8
random_11,2026-08-10,3,4,-0.0,False,9
random_11,2026-08-11,3,8,0.0,True,10
random_11,2026-08-12,3,15,3.0,False,11
random_11,2026-08-13,3,1,-2.0,True,12
random_11,2026-08-14,3,14,-3.0,True,13
random_11,2026-08-15,3,9,-5.0,False,14
random_11,2026-08-16,3,16,0.0,True,15
random_11,2026-08-17,3,11,-0.0,False,16
random_11,2026-08-18,3,6,-5.0,False,17
random_11,2026-08-19,3,7,3.0,True,18
random_11,2026-08-20,3,1,-0.0,False,19
random_11,2026-08-21,3,4,1.0,True,20
random_11,2026-08-22,3,8,-0.0,False,21
random_11,2026-08-23,3,15,2.0,True,22
random_11,2026-08-24,3,17,3.0,False,23
random_11,2026-08-25,3,7,-1.0,False,24
random_11,2026-08-26,3,6,0.0,True,25
random_11,2026-08-27,3,16,2.0,False,26
random_11,2026-08-28,3,11,-3.0,True,27
random_11,2026-08-29,3,18,-2.0,False,28
random_11,2026-08-30,3,0,-5.0,True,29
random_11,2026-08-31,3,19,-2.0,False,30
random_11,2026-09-01,3,12,-1.0,True,31
random_11,2026-09-02,3,9,1.0,True,32
random_11,2026-09-03,3,14,-1.0,False,33
random_11,2026-09-04,3,2,1.0,True,34
random_11,2026-09-05,3,13,-2.0,False,35
random_11,2026-09-06,3,10,-1.0,True,36
random_11,2026-09-07,3,5,-3.0,False,37
random_11,2026-08-01,4,2,0.0,True,0
random_11,2026-08-02,4,5,-1.0,False,1
random_11,2026-08-03,4,12,-1.0,True,2
random_11,2026-08-04,4,6,-1.0,False,3
random_11,2026-08-05,4,1,-1.0,True,4
random_11,2026-08-06,4,18,4.0,False,5
random_11,2026-08-07,4,7,3.0,True,6
random_11,2026-08-08,4,13,-3.0,False,7
random_11,2026-08-09,4,14,-0.0,False,8
random_11,2026-08-10,4,3,0.0,True,9
random_11,2026-08-11,4,10,-4.0,False,10
random_11,2026-08-12,4,16,2.0,True,11
random_11,2026-08-13,4,0,3.0,False,12
random_11,2026-08-14,4,17,1.0,False,13
random_11,2026-08-15,4,8,2.0,True,14
random_11,2026-08-16,4,11,-4.0,True,15
random_11,2026-08-17,4,9,-2.0,False,16
random_11,2026-08-18,4,19,-1.0,False,17
random_11,2026-08-19,4,15,-3.0,True,18
random_11,2026-08-20,4,0,0.0,True,19
random_11,2026-08-21,4,3,-1.0,False,20
random_11,2026-08-22,4,14,-1.0,True,21
random_11,2026-08-23,4,16,-0.0,False,22
random_11,2026-08-24,4,10,-3.0,True,23
random_11,2026-08-25,4,15,-2.0,False,24
random_11,2026-08-26,4,19,-2.0,True,25
random_11,2026-08-27,4,11,-2.0,False,26
random_11,2026-08-28,4,9,0.0,True,27
random_11,2026-08-29,4,12,-2.0,False,28
random_11,2026-08-30,4,6,-1.0,True,29
random_11,2026-08-31,4,2,-2.0,False,30
random_11,2026-09-01,4,5,0.0,True,31
random_11,2026-09-02,4,8,-2.0,False,32
random_11,2026-09-03,4,17,-1.0,True,33
random_11,2026-09-04,4,18,1.0,True,34
random_11,2026-09-05,4,7,-0.0,False,35
random_11,2026-09-06,4,13,-4.0,True,36
random_11,2026-09-07,4,1,1.0,False,37
random_11,2026-08-01,5,9,-1.0,False,0
random_11,2026-08-02,5,4,1.0,True,1
random_11,2026-08-03,5,1,1.0,False,2
random_11,2026-08-04,5,10,-2.0,True,3
random_11,2026-08-05,5,3,1.0,False,4
random_11,2026-08-06,5,0,-1.0,True,5
random_11,2026-08-07,5,8,-0.0,False,6
random_11,2026-08-08,5,19,-1.0,True,7
random_11,2026-08-09,5,15,2.0,True,8
random_11,2026-08-10,5,18,-1.0,False,9
random_11,2026-08-11,5,12,-1.0,True,10
random_11,2026-08-12,5,17,1.0,False,11
random_11,2026-08-13,5,7,-1.0,True,12
random_11,2026-08-14,5,13,4.0,True,13
random_11,2026-08-15,5,14,-0.0,False,14
random_11,2026-08-16,5,2,-3.0,True,15
random_11,2026-08-17,5,6,-0.0,False,16
random_11,2026-08-18,5,11,1.0,False,17
random_11,2026-08-19,5,16,2.0,True,18
random_11,2026-08-20,5,7,1.0,False,19
random_11,2026-08-21,5,18,-2.0,True,20
random_11,2026-08-22,5,12,1.0,False,21
random_11,2026-08-23,5,17,-1.0,True,22
random_11,2026-08-24,5,15,2.0,False,23
random_11,2026-08-25,5,16,-1.0,False,24
random_11,2026-08-26,5,11,-1.0,True,25
random_11,2026-08-27,5,2,-0.0,False,26
random_11,2026-08-28,5,6,3.0,True,27
random_11,2026-08-29,5,1,0.0,True,28
random_11,2026-08-30,5,10,-0.0,False,29
random_11,2026-08-31,5,9,0.0,True,30
random_11,2026-09-01,5,4,-0.0,False,31
random_11,2026-09-02,5,14,0.0,True,32
random_11,2026-09-03,5,13,2.0,False,33
random_11,2026-09-04,5,19,-0.0,False,34
random_11,2026-09-05,5,8,1.0,True,35
random_11,2026-09-06,5,0,1.0,False,36
random_11,2026-09-07,5,3,3.0,True,37
random_11,2026-08-01,6,1,-3.0,False,0
random_11,2026-08-02,6,10,0.0,True,1
random_11,2026-08-03,6,14,-1.0,False,2
random_11,2026-08-04,6,4,1.0,True,3
random_11,2026-08-05,6,17,2.0,False,4
random_11,2026-08-06,6,16,-2.0,True,5
random_11,2026-08-07,6,19,-0.0,False,6
random_11,2026-08-08,6,9,-2.0,True,7
random_11,2026-08-09,6,18,1.0,True,8
random_11,2026-08-10,6,8,-3.0,False,9
random_11,2026-08-11,6,7,-3.0,True,10
random_11,2026-08-12,6,12,-0.0,False,11
random_11,2026-08-13,6,11,0.0,True,12
random_11,2026-08-14,6,15,-2.0,False,13
random_11,2026-08-15,6,2,0.0,True,14
random_11,2026-08-16,6,0,-0.0,False,15
random_11,2026-08-17,6,5,0.0,True,16
random_11,2026-08-18,6,3,5.0,True,17
random_11,2026-08-19,6,13,1.0,False,18
random_11,2026-08-20,6,11,1.0,False,19
random_11,2026-08-21,6,8,1.0,True,20
random_11,2026-08-22,6,18,-2.0,False,21
random_11,2026-08-23,6,12,1.0,True,22
random_11,2026-08-24,6,7,-1.0,False,23
random_11,2026-08-25,6,13,-4.0,True,24
random_11,2026-08-26,6,3,-0.0,False,25
random_11,2026-08-27,6,0,1.0,True,26
random_11,2026-08-28,6,5,-3.0,False,27
random_11,2026-08-29,6,14,1.0,True,28
random_11,2026-08-30,6,4,1.0,False,29
random_11,2026-08-31,6,1,1.0,True,30
random_11,2026-09-01,6,10,-1.0,False,31
random_11,2026-09-02,6,2,1.0,False,32
random_11,2026-09-03,6,15,1.0,True,33
random_11,2026-09-04,6,16,1.0,False,34
random_11,2026-09-05,6,19,1.0,True,35
random_11,2026-09-06,6,9,-1.0,False,36
random_11,2026-09-07,6,17,2.0,True,37
random_11,2026-08-01,7,8,1.0,False,0
random_11,2026-08-02,7,14,-4.0,True,1
random_11,2026-08-03,7,9,-2.0,False,2
random_11,2026-08-04,7,11,2.0,True,3
random_11,2026-08-05,7,12,3.0,False,4
random_11,2026-08-06,7,17,-2.0,True,5
random_11,2026-08-07,7,4,-3.0,False,6
random_11,2026-08-08,7,16,2.0,True,7
random_11,2026-08-09,7,19,4.0,False,8
random_11,2026-08-10,7,13,-3.0,True,9
random_11,2026-08-11,7,6,3.0,False,10
random_11,2026-08-12,7,10,-3.0,True,11
random_11,2026-08-13,7,5,1.0,False,12
random_11,2026-08-14,7,2,1.0,False,13
random_11,2026-08-15,7,15,2.0,True,14
random_11,2026-08-16,7,18,-3.0,False,15
random_11,2026-08-17,7,1,-1.0,True,16
random_11,2026-08-18,7,0,-2.0,True,17
random_11,2026-08-19,7,3,-3.0,False,18
random_11,2026-08-20,7,5,-1.0,True,19
random_11,2026-08-21,7,13,2.0,False,20
random_11,2026-08-22,7,19,2.0,True,21
random_11,2026-08-23,7,10,-1.0,False,22
random_11,2026-08-24,7,6,1.0,True,23
random_11,2026-08-25,7,3,1.0,True,24
random_11,2026-08-26,7,0,-1.0,False,25
random_11,2026-08-27,7,18,0.0,True,26
random_11,2026-08-28,7,1,-3.0,False,27
random_11,2026-08-29,7,9,-1.0,True,28
random_11,2026-08-30,7,11,-0.0,False,29
random_11,2026-08-31,7,8,1.0,True,30
random_11,2026-09-01,7,14,1.0,False,31
random_11,2026-09-02,7,15,-0.0,False,32
random_11,2026-09-03,7,2,3.0,True,33
random_11,2026-09-04,7,17,-5.0,False,34
random_11,2026-09-05,7,4,0.0,True,35
random_11,2026-09-06,7,16,2.0,False,36
random_11,2026-09-07,7,12,3.0,True,37
random_11,2026-08-01,8,7,-1.0,True,0
random_11,2026-08-02,8,0,3.0,False,1
random_11,2026-08-03,8,15,6.0,True,2
random_11,2026-08-04,8,19,1.0,False,3
random_11,2026-08-05,8,11,3.0,True,4
random_11,2026-08-06,8,10,-0.0,False,5
random_11,2026-08-07,8,5,0.0,True,6
random_11,2026-08-08,8,1,2.0,False,7
random_11,2026-08-09,8,16,2.0,False,8
random_11,2026-08-10,8,6,3.0,True,9
random_11,2026-08-11,8,3,-0.0,False,10
random_11,2026-08-12,8,13,4.0,True,11
random_11,2026-08-13,8,2,-1.0,False,12
random_11,2026-08-14,8,9,3.0,True,13
random_11,2026-08-15,8,4,-2.0,False,14
random_11,2026-08-16,8,17,-0.0,False,15
random_11,2026-08-17,8,18,-3.0,True,16
random_11,2026-08-18,8,14,3.0,True,17
random_11,2026-08-19,8,12,1.0,False,18
random_11,2026-08-20,8,2,1.0,True,19
random_11,2026-08-21,8,6,-1.0,False,20
random_11,2026-08-22,8,3,0.0,True,21
random_11,2026-08-23,8,13,2.0,False,22
random_11,2026-08-24,8,16,2.0,True,23
random_11,2026-08-25,8,12,0.0,True,24
random_11,2026-08-26,8,18,-2.0,False,25
random_11,2026-08-27,8,17,-1.0,True,26
random_11,2026-08-28,8,14,-3.0,False,27
random_11,2026-08-29,8,15,1.0,False,28
random_11,2026-08-30,8,19,2.0,True,29
random_11,2026-08-31,8,7,-1.0,False,30
random_11,2026-09-01,8,0,0.0,True,31
random_11,2026-09-02,8,4,2.0,True,32
random_11,2026-09-03,8,9,1.0,False,33
random_11,2026-09-04,8,10,1.0,True,34
random_11,2026-09-05,8,5,-1.0,False,35
random_11,2026-09-06,8,1,4.0,True,36
random_11,2026-09-07,8,11,-1.0,False,37
random_11,2026-08-01,9,5,1.0,True,0
random_11,2026-08-02,9,18,4.0,False,1
random_11,2026-08-03,9,7,2.0,True,2
random_11,2026-08-04,9,13,1.0,False,3
random_11,2026-08-05,9,15,1.0,True,4
random_11,2026-08-06,9,11,-5.0,False,5
random_11,2026-08-07,9,10,-4.0,True,6
random_11,2026-08-08,9,6,2.0,False,7
random_11,2026-08-09,9,2,-1.0,False,8
random_11,2026-08-10,9,16,-2.0,True,9
random_11,2026-08-11,9,14,6.0,False,10
random_11,2026-08-12,9,0,0.0,True,11
random_11,2026-08-13,9,19,1.0,False,12
random_11,2026-08-14,9,8,-3.0,False,13
random_11,2026-08-15,9,3,5.0,True,14
random_11,2026-08-16,9,12,-5.0,False,15
random_11,2026-08-17,9,4,2.0,True,16
random_11,2026-08-18,9,1,-1.0,True,17
random_11,2026-08-19,9,17,-1.0,False,18
random_11,2026-08-20,9,19,2.0,True,19
random_11,2026-08-21,9,16,2.0,False,20
random_11,2026-08-22,9,2,1.0,True,21
random_11,2026-08-23,9,0,1.0,False,22
random_11,2026-08-24,9,14,1.0,True,23
random_11,2026-08-25,9,17,-1.0,True,24
random_11,2026-08-26,9,1,2.0,False,25
random_11,2026-08-27,9,12,3.0,True,26
random_11,2026-08-28,9,4,-0.0,False,27
random_11,2026-08-29,9,7,1.0,False,28
random_11,2026-08-30,9,13,-1.0,True,29
random_11,2026-08-31,9,5,-0.0,False,30
random_11,2026-09-01,9,18,1.0,True,31
random_11,2026-09-02,9,3,-1.0,False,32
random_11,2026-09-03,9,8,-1.0,True,33
random_11,2026-09-04,9,11,-1.0,True,34
random_11,2026-09-05,9,10,2.0,False,35
random_11,2026-09-06,9,6,1.0,True,36
random_11,2026-09-07,9,15,-1.0,False,37
random_11,2026-08-01,10,15,-1.0,True,0
random_11,2026-08-02,10,6,-0.0,False,1
random_11,2026-08-03,10,2,-1.0,True,2
random_11,2026-08-04,10,5,2.0,False,3
random_11,2026-08-05,10,16,-3.0,False,4
random_11,2026-08-06,10,8,0.0,True,5
random_11,2026-08-07,10,9,4.0,False,6
random_11,2026-08-08,10,3,-3.0,True,7
random_11,2026-08-09,10,11,-2.0,True,8
random_11,2026-08-10,10,1,2.0,False,9
random_11,2026-08-11,10,4,4.0,True,10
random_11,2026-08-12,10,7,3.0,False,11
random_11,2026-08-13,10,17,-1.0,True,12
random_11,2026-08-14,10,0,1.0,False,13
random_11,2026-08-15,10,19,-1.0,True,14
random_11,2026-08-16,10,14,-5.0,False,15
random_11,2026-08-17,10,13,-1.0,True,16
random_11,2026-08-18,10,12,-1.0,True,17
random_11,2026-08-19,10,18,-0.0,False,18
random_11,2026-08-20,10,17,-0.0,False,19
random_11,2026-08-21,10,1,0.0,True,20
random_11,2026-08-22,10,11,-0.0,False,21
random_11,2026-08-23,10,7,1.0,True,22
random_11,2026-08-24,10,4,3.0,False,23
random_11,2026-08-25,10,18,1.0,True,24
random_11,2026-08-26,10,13,-1.0,False,25
random_11,2026-08-27,10,14,1.0,True,26
random_11,2026-08-28,10,12,-2.0,False,27
random_11,2026-08-29,10,2,-1.0,False,28
random_11,2026-08-30,10,5,0.0,True,29
random_11,2026-08-31,10,15,5.0,False,30
random_11,2026-09-01,10,6,1.0,True,31
random_11,2026-09-02,10,19,-2.0,False,32
random_11,2026-09-03,10,0,-2.0,True,33
random_11,2026-09-04,10,8,-1.0,False,34
random_11,2026-09-05,10,9,-2.0,True,35
random_11,2026-09-06,10,3,1.0,False,36
random_11,2026-09-07,10,16,3.0,True,37
random_11,2026-08-01,11,18,-5.0,True,0
random_11,2026-08-02,11,15,1.0,False,1
random_11,2026-08-03,11,13,1.0,True,2
random_11,2026-08-04,11,7,-2.0,False,3
random_11,2026-08-05,11,8,-3.0,False,4
random_11,2026-08-06,11,9,5.0,True,5
random_11,2026-08-07,11,14,-1.0,False,6
random_11,2026-08-08,11,17,0.0,True,7
random_11,2026-08-09,11,10,2.0,False,8
random_11,2026-08-10,11,0,1.0,True,9
random_11,2026-08-11,11,19,-2.0,False,10
random_11,2026-08-12,11,2,2.0,True,11
random_11,2026-08-13,11,6,-0.0,False,12
random_11,2026-08-14,11,12,-1.0,False,13
random_11,2026-08-15,11,16,-3.0,True,14
random_11,2026-08-16,11,4,4.0,False,15
random_11,2026-08-17,11,3,0.0,True,16
random_11,2026-08-18,11,5,-1.0,True,17
random_11,2026-08-19,11,1,-2.0,False,18
random_11,2026-08-20,11,6,-1.0,True,19
random_11,2026-08-21,11,0,2.0,False,20
random_11,2026-08-22,11,10,0.0,True,21
random_11,2026-08-23,11,2,4.0,False,22
random_11,2026-08-24,11,19,-1.0,True,23
random_11,2026-08-25,11,1,-1.0,True,24
random_11,2026-08-26,11,5,1.0,False,25
random_11,2026-08-27,11,4,2.0,True,26
random_11,2026-08-28,11,3,3.0,False,27
random_11,2026-08-29,11,13,-0.0,False,28
random_11,2026-08-30,11,7,0.0,True,29
random_11,2026-08-31,11,18,-2.0,False,30
random_11,2026-09-01,11,15,0.0,True,31
random_11,2026-09-02,11,16,2.0,False,32
random_11,2026-09-03,11,12,1.0,True,33
random_11,2026-09-04,11,9,1.0,False,34
random_11,2026-09-05,11,14,0.0,True,35
random_11,2026-09-06,11,17,1.0,False,36
random_11,2026-09-07,11,8,1.0,True,37
random_11,2026-08-01,12,17,-0.0,False,0
random_11,2026-08-02,12,3,0.0,True,1
random_11,2026-08-03,12,4,1.0,False,2
random_11,2026-08-04,12,16,1.0,True,3
random_11,2026-08-05,12,7,-3.0,True,4
random_11,2026-08-06,12,1,-0.0,False,5
random_11,2026-08-07,12,15,-1.0,True,6
random_11,2026-08-08,12,18,-1.0,False,7
random_11,2026-08-09,12,0,-1.0,False,8
random_11,2026-08-10,12,19,1.0,True,9
random_11,2026-08-11,12,5,1.0,False,10
random_11,2026-08-12,12,6,0.0,True,11
random_11,2026-08-13,12,14,1.0,False,12
random_11,2026-08-14,12,11,1.0,True,13
random_11,2026-08-15,12,13,-1.0,False,14
random_11,2026-08-16,12,9,5.0,True,15
random_11,2026-08-17,12,2,2.0,False,16
random_11,2026-08-18,12,10,1.0,False,17
random_11,2026-08-19,12,8,-1.0,True,18
random_11,2026-08-20,12,14,4.0,True,19
random_11,2026-08-21,12,19,1.0,False,20
random_11,2026-08-22,12,5,-1.0,True,21
random_11,2026-08-23,12,6,-1.0,False,22
random_11,2026-08-24,12,0,0.0,True,23
random_11,2026-08-25,12,8,-0.0,False,24
random_11,2026-08-26,12,2,-1.0,True,25
random_11,2026-08-27,12,9,-3.0,False,26
random_11,2026-08-28,12,10,2.0,True,27
random_11,2026-08-29,12,4,2.0,True,28
random_11,2026-08-30,12,16,-1.0,False,29
random_11,2026-08-31,12,17,-2.0,True,30
random_11,2026-09-01,12,3,1.0,False,31
random_11,2026-09-02,12,13,1.0,True,32
random_11,2026-09-03,12,11,-1.0,False,33
random_11,2026-09-04,12,1,-3.0,True,34
random_11,2026-09-05,12,15,-4.0,False,35
random_11,2026-09-06,12,18,0.0,True,36
random_11,2026-09-07,12,7,-3.0,False,37
random_11,2026-08-01,13,16,-0.0,False,0
random_11,2026-08-02,13,17,-3.0,True,1
random_11,2026-08-03,13,11,-1.0,False,2
random_11,2026-08-04,13,9,-1.0,True,3
random_11,2026-08-05,13,0,1.0,False,4
random_11,2026-08-06,13,14,1.0,True,5
random_11,2026-08-07,13,3,1.0,False,6
random_11,2026-08-08,13,4,3.0,True,7
random_11,2026-08-09,13,1,0.0,True,8
random_11,2026-08-10,13,7,3.0,False,9
random_11,2026-08-11,13,15,-2.0,True,10
random_11,2026-08-12,13,8,-4.0,False,11
random_11,2026-08-13,13,18,2.0,True,12
random_11,2026-08-14,13,5,-4.0,False,13
random_11,2026-08-15,13,12,1.0,True,14
random_11,2026-08-16,13,19,1.0,True,15
random_11,2026-08-17,13,10,1.0,False,16
random_11,2026-08-18,13,2,-1.0,False,17
random_11,2026-08-19,13,6,-1.0,True,18
random_11,2026-08-20,13,18,-0.0,False,19
random_11,2026-08-21,13,7,-2.0,True,20
random_11,2026-08-22,13,15,-0.0,False,21
random_11,2026-08-23,13,8,-2.0,True,22
random_11,2026-08-24,13,1,-1.0,False,23
random_11,2026-08-25,13,6,4.0,False,24
random_11,2026-08-26,13,10,1.0,True,25
random_11,2026-08-27,13,19,2.0,False,26
random_11,2026-08-28,13,2,0.0,True,27
random_11,2026-08-29,13,11,0.0,True,28
random_11,2026-08-30,13,9,1.0,False,29
random_11,2026-08-31,13,16,0.0,True,30
random_11,2026-09-01,13,17,-1.0,False,31
random_11,2026-09-02,13,12,-1.0,False,32
random_11,2026-09-03,13,5,-2.0,True,33
random_11,2026-09-04,13,14,1.0,False,34
random_11,2026-09-05,13,3,2.0,True,35
random_11,2026-09-06,13,4,4.0,False,36
random_11,2026-09-07,13,0,-2.0,True,37
random_11,2026-08-01,14,0,-1.0,True,0
random_11,2026-08-02,14,7,4.0,False,1
random_11,2026-08-03,14,6,1.0,True,2
random_11,2026-08-04,14,15,5.0,False,3
random_11,2026-08-05,14,18,2.0,True,4
random_11,2026-08-06,14,13,-1.0,False,5
random_11,2026-08-07,14,11,1.0,True,6
random_11,2026-08-08,14,2,1.0,False,7
random_11,2026-08-09,14,4,0.0,True,8
random_11,2026-08-10,14,17,1.0,False,9
random_11,2026-08-11,14,9,-6.0,True,10
random_11,2026-08-12,14,1,-0.0,False,11
random_11,2026-08-13,14,12,-1.0,True,12
random_11,2026-08-14,14,3,3.0,False,13
random_11,2026-08-15,14,5,0.0,True,14
random_11,2026-08-16,14,10,5.0,True,15
random_11,2026-08-17,14,16,1.0,False,16
random_11,2026-08-18,14,8,-3.0,False,17
random_11,2026-08-19,14,19,1.0,True,18
random_11,2026-08-20,14,12,-4.0,False,19
random_11,2026-08-21,14,17,0.0,True,20
random_11,2026-08-22,14,4,1.0,False,21
random_11,2026-08-23,14,1,1.0,True,22
random_11,2026-08-24,14,9,-1.0,False,23
random_11,2026-08-25,14,19,1.0,False,24
random_11,2026-08-26,14,16,0.0,True,25
random_11,2026-08-27,14,10,-1.0,False,26
random_11,2026-08-28,14,8,3.0,True,27
random_11,2026-08-29,14,6,-1.0,False,28
random_11,2026-08-30,14,15,-1.0,True,29
random_11,2026-08-31,14,0,5.0,False,30
random_11,2026-09-01,14,7,-1.0,True,31
random_11,2026-09-02,14,5,-0.0,False,32
random_11,2026-09-03,14,3,1.0,True,33
random_11,2026-09-04,14,13,-1.0,True,34
random_11,2026-09-05,14,11,-0.0,False,35
random_11,2026-09-06,14,2,2.0,True,36
random_11,2026-09-07,14,18,1.0,False,37
random_11,2026-08-01,15,10,1.0,False,0
random_11,2026-08-02,15,11,-1.0,True,1
random_11,2026-08-03,15,8,-6.0,False,2
random_11,2026-08-04,15,14,-5.0,True,3
random_11,2026-08-05,15,9,-1.0,False,4
random_11,2026-08-06,15,19,0.0,True,5
random_11,2026-08-07,15,12,1.0,False,6
random_11,2026-08-08,15,0,2.0,True,7
random_11,2026-08-09,15,5,-2.0,False,8
random_11,2026-08-10,15,2,2.0,True,9
random_11,2026-08-11,15,13,2.0,False,10
random_11,2026-08-12,15,3,-3.0,True,11
random_11,2026-08-13,15,16,1.0,False,12
random_11,2026-08-14,15,6,2.0,True,13
random_11,2026-08-15,15,7,-2.0,False,14
random_11,2026-08-16,15,1,2.0,False,15
random_11,2026-08-17,15,17,-1.0,True,16
random_11,2026-08-18,15,18,-4.0,True,17
random_11,2026-08-19,15,4,3.0,False,18
random_11,2026-08-20,15,16,0.0,True,19
random_11,2026-08-21,15,2,-2.0,False,20
random_11,2026-08-22,15,13,0.0,True,21
random_11,2026-08-23,15,3,-2.0,False,22
random_11,2026-08-24,15,5,-2.0,True,23
random_11,2026-08-25,15,4,2.0,True,24
random_11,2026-08-26,15,17,-1.0,False,25
random_11,2026-08-27,15,1,0.0,True,26
random_11,2026-08-28,15,18,-1.0,False,27
random_11,2026-08-29,15,8,-1.0,True,28
random_11,2026-08-30,15,14,1.0,False,29
random_11,2026-08-31,15,10,-5.0,True,30
random_11,2026-09-01,15,11,-0.0,False,31
random_11,2026-09-02,15,7,0.0,True,32
random_11,2026-09-03,15,6,-1.0,False,33
random_11,2026-09-04,15,0,2.0,False,34
random_11,2026-09-05,15,12,4.0,True,35
random_11,2026-09-06,15,19,1.0,False,36
random_11,2026-09-07,15,9,1.0,True,37
random_11,2026-08-01,16,13,0.0,True,0
random_11,2026-08-02,16,19,-0.0,False,1
random_11,2026-08-03,16,0,3.0,True,2
random_11,2026-08-04,16,12,-1.0,False,3
random_11,2026-08-05,16,10,3.0,True,4
random_11,2026-08-06,16,6,2.0,False,5
random_11,2026-08-07,16,2,1.0,True,6
random_11,2026-08-08,16,7,-2.0,False,7
random_11,2026-08-09,16,8,-2.0,True,8
random_11,2026-08-10,16,9,2.0,False,9
random_11,2026-08-11,16,1,-2.0,True,10
random_11,2026-08-12,16,4,-2.0,False,11
random_11,2026-08-13,16,15,-1.0,True,12
random_11,2026-08-14,16,18,0.0,True,13
random_11,2026-08-15,16,11,3.0,False,14
random_11,2026-08-16,16,3,-0.0,False,15
random_11,2026-08-17,16,14,-1.0,True,16
random_11,2026-08-18,16,17,-2.0,True,17
random_11,2026-08-19,16,5,-2.0,False,18
random_11,2026-08-20,16,15,-0.0,False,19
random_11,2026-08-21,16,9,-2.0,True,20
random_11,2026-08-22,16,1,-1.0,False,21
random_11,2026-08-23,16,4,0.0,True,22
random_11,2026-08-24,16,8,-2.0,False,23
random_11,2026-08-25,16,5,1.0,True,24
random_11,2026-08-26,16,14,-0.0,False,25
random_11,2026-08-27,16,3,-2.0,True,26
random_11,2026-08-28,16,17,2.0,False,27
random_11,2026-08-29,16,0,-1.0,False,28
random_11,2026-08-30,16,12,1.0,True,29
random_11,2026-08-31,16,13,-0.0,False,30
random_11,2026-09-01,16,19,2.0,True,31
random_11,2026-09-02,16,11,-2.0,True,32
random_11,2026-09-03,16,18,1.0,False,33
random_11,2026-09-04,16,6,-1.0,True,34
random_11,2026-09-05,16,2,1.0,False,35
random_11,2026-09-06,16,7,-2.0,True,36
random_11,2026-09-07,16,10,-3.0,False,37
random_11,2026-08-01,17,12,0.0,True,0
random_11,2026-08-02,17,13,3.0,False,1
random_11,2026-08-03,17,19,-2.0,True,2
random_11,2026-08-04,17,2,-2.0,False,3
random_11,2026-08-05,17,6,-2.0,True,4
random_11,2026-08-06,17,7,2.0,False,5
random_11,2026-08-07,17,1,0.0,True,6
random_11,2026-08-08,17,11,-0.0,False,7
random_11,2026-08-09,17,3,2.0,False,8
random_11,2026-08-10,17,14,-1.0,True,9
random_11,2026-08-11,17,0,-4.0,False,10
random_11,2026-08-12,17,5,-1.0,True,11
random_11,2026-08-13,17,10,1.0,False,12
random_11,2026-08-14,17,4,-1.0,True,13
random_11,2026-08-15,17,18,3.0,False,14
random_11,2026-08-16,17,8,0.0,True,15
random_11,2026-08-17,17,15,1.0,False,16
random_11,2026-08-18,17,16,2.0,False,17
random_11,2026-08-19,17,9,1.0,True,18
random_11,2026-08-20,17,10,0.0,True,19
random_11,2026-08-21,17,14,-0.0,False,20
random_11,2026-08-22,17,0,-1.0,True,21
random_11,2026-08-23,17,5,1.0,False,22
random_11,2026-08-24,17,3,-3.0,True,23
random_11,2026-08-25,17,9,1.0,False,24
random_11,2026-08-26,17,15,1.0,True,25
random_11,2026-08-27,17,8,1.0,False,26
random_11,2026-08-28,17,16,-2.0,True,27
random_11,2026-08-29,17,19,1.0,False,28
random_11,2026-08-30,17,2,1.0,True,29
random_11,2026-08-31,17,12,2.0,False,30
random_11,2026-09-01,17,13,1.0,True,31
random_11,2026-09-02,17,18,1.0,True,32
random_11,2026-09-03,17,4,1.0,False,33
random_11,2026-09-04,17,7,5.0,True,34
random_11,2026-09-05,17,1,1.0,False,35
random_11,2026-09-06,17,11,-1.0,True,36
random_11,2026-09-07,17,6,-2.0,False,37
random_11,2026-08-01,18,11,5.0,False,0
random_11,2026-08-02,18,9,-4.0,True,1
random_11,2026-08-03,18,3,-3.0,False,2
random_11,2026-08-04,18,1,0.0,True,3
random_11,2026-08-05,18,14,-2.0,False,4
random_11,2026-08-06,18,4,-4.0,True,5
random_11,2026-08-07,18,0,4.0,False,6
random_11,2026-08-08,18,12,1.0,True,7
random_11,2026-08-09,18,6,-1.0,False,8
random_11,2026-08-10,18,5,1.0,True,9
random_11,2026-08-11,18,2,2.0,False,10
random_11,2026-08-12,18,19,2.0,True,11
random_11,2026-08-13,18,13,-2.0,False,12
random_11,2026-08-14,18,16,-0.0,False,13
random_11,2026-08-15,18,17,-3.0,True,14
random_11,2026-08-16,18,7,3.0,True,15
random_11,2026-08-17,18,8,3.0,False,16
random_11,2026-08-18,18,15,4.0,False,17
random_11,2026-08-19,18,10,0.0,True,18
random_11,2026-08-20,18,13,0.0,True,19
random_11,2026-08-21,18,5,2.0,False,20
random_11,2026-08-22,18,6,2.0,True,21
random_11,2026-08-23,18,19,4.0,False,22
random_11,2026-08-24,18,2,-1.0,True,23
random_11,2026-08-25,18,10,-1.0,False,24
random_11,2026-08-26,18,8,2.0,True,25
random_11,2026-08-27,18,7,-0.0,False,26
random_11,2026-08-28,18,15,1.0,True,27
random_11,2026-08-29,18,3,2.0,True,28
random_11,2026-08-30,18,1,-2.0,False,29
random_11,2026-08-31,18,11,2.0,True,30
random_11,2026-09-01,18,9,-1.0,False,31
random_11,2026-09-02,18,17,-1.0,False,32
random_11,2026-09-03,18,16,-1.0,True,33
random_11,2026-09-04,18,4,-1.0,False,34
random_11,2026-09-05,18,0,-4.0,True,35
random_11,2026-09-06,18,12,-0.0,False,36
random_11,2026-09-07,18,14,-1.0,True,37
random_11,2026-08-01,19,3,2.0,False,0
random_11,2026-08-02,19,16,0.0,True,1
random_11,2026-08-03,19,17,2.0,False,2
random_11,2026-08-04,19,8,-1.0,True,3
random_11,2026-08-05,19,2,0.0,True,4
random_11,2026-08-06,19,15,-0.0,False,5
random_11,2026-08-07,19,6,0.0,True,6
random_11,2026-08-08,19,5,1.0,False,7
random_11,2026-08-09,19,7,-4.0,True,8
random_11,2026-08-10,19,12,-1.0,False,9
random_11,2026-08-11,19,11,2.0,True,10
random_11,2026-08-12,19,18,-2.0,False,11
random_11,2026-08-13,19,9,-1.0,True,12
random_11,2026-08-14,19,1,-3.0,True,13
random_11,2026-08-15,19,10,1.0,False,14
random_11,2026-08-16,19,13,-1.0,False,15
random_11,2026-08-17,19,0,2.0,True,16
random_11,2026-08-18,19,4,1.0,True,17
random_11,2026-08-19,19,14,-1.0,False,18
random_11,2026-08-20,19,9,-2.0,False,19
random_11,2026-08-21,19,12,-1.0,True,20
random_11,2026-08-22,19,7,-2.0,False,21
random_11,2026-08-23,19,18,-4.0,True,22
random_11,2026-08-24,19,11,1.0,False,23
random_11,2026-08-25,19,14,-1.0,True,24
random_11,2026-08-26,19,4,2.0,False,25
random_11,2026-08-27,19,13,-2.0,True,26
random_11,2026-08-28,19,0,-1.0,False,27
random_11,2026-08-29,19,17,-1.0,True,28
random_11,2026-08-30,19,8,-2.0,False,29
random_11,2026-08-31,19,3,2.0,True,30
random_11,2026-09-01,19,16,-2.0,False,31
random_11,2026-09-02,19,10,2.0,True,32
random_11,2026-09-03,19,1,-1.0,False,33
random_11,2026-09-04,19,5,0.0,True,34
random_11,2026-09-05,19,6,-1.0,False,35
random_11,2026-09-06,19,15,-1.0,True,36
random_11,2026-09-07,19,2,1.0,False,37
random_12,2026-08-01,0,14,-0.0,False,0
random_12,2026-08-02,0,8,5.0,True,1
random_12,2026-08-03,0,16,2.0,False,2
random_12,2026-08-04,0,3,0.0,True,3
random_12,2026-08-05,0,13,1.0,True,4
random_12,2026-08-06,0,5,2.0,False,5
random_12,2026-08-07,0,18,-2.0,True,6
random_12,2026-08-08,0,15,-1.0,False,7
random_12,2026-08-09,0,12,0.0,True,8
random_12,2026-08-10,0,11,-3.0,False,9
random_12,2026-08-11,0,17,-1.0,True,10
random_12,2026-08-12,0,9,-1.0,False,11
random_12,2026-08-13,0,4,-1.0,True,12
random_12,2026-08-14,0,10,4.0,True,13
random_12,2026-08-15,0,1,1.0,False,14
random_12,2026-08-16,0,6,0.0,True,15
random_12,2026-08-17,0,19,1.0,False,16
random_12,2026-08-18,0,7,-4.0,False,17
random_12,2026-08-19,0,2,-2.0,True,18
random_12,2026-08-20,0,4,-2.0,False,19
random_12,2026-08-21,0,11,0.0,True,20
random_12,2026-08-22,0,17,-2.0,False,21
random_12,2026-08-23,0,9,1.0,True,22
random_12,2026-08-24,0,12,2.0,False,23
random_12,2026-08-25,0,2,-1.0,False,24
random_12,2026-08-26,0,7,1.0,True,25
random_12,2026-08-27,0,6,-1.0,False,26
random_12,2026-08-28,0,19,3.0,True,27
random_12,2026-08-29,0,16,1.0,True,28
random_12,2026-08-30,0,3,2.0,False,29
random_12,2026-08-31,0,14,-3.0,True,30
random_12,2026-09-01,0,8,3.0,False,31
random_12,2026-09-02,0,1,2.0,True,32
random_12,2026-09-03,0,10,3.0,False,33
random_12,2026-09-04,0,15,6.0,True,34
random_12,2026-09-05,0,18,-2.0,False,35
random_12,2026-09-06,0,5,-2.0,True,36
random_12,2026-09-07,0,13,-0.0,False,37
random_12,2026-08-01,1,6,-3.0,True,0
random_12,2026-08-02,1,2,-3.0,False,1
random_12,2026-08-03,1,5,-1.0,True,2
random_12,2026-08-04,1,18,-0.0,False,3
random_12,2026-08-05,1,4,-2.0,False,4
random_12,2026-08-06,1,12,2.0,True,5
random_12,2026-08-07,1,17,-1.0,False,6
random_12,2026-08-08,1,8,-1.0,True,7
random_12,2026-08-09,1,13,-0.0,False,8
random_12,2026-08-10,1,10,2.0,True,9
random_12,2026-08-11,1,16,5.0,False,10
random_12,2026-08-12,1,14,-1.0,True,11
random_12,2026-08-13,1,3,1.0,False,12
random_12,2026-08-14,1,19,-3.0,False,13
random_12,2026-08-15,1,0,-1.0,True,14
random_12,2026-08-16,1,15,4.0,True,15
random_12,2026-08-17,1,7,1.0,False,16
random_12,2026-08-18,1,9,-1.0,False,17
random_12,2026-08-19,1,11,3.0,True,18
random_12,2026-08-20,1,3,7.0,True,19
random_12,2026-08-21,1,10,-0.0,False,20
random_12,2026-08-22,1,16,2.0,True,21
random_12,2026-08-23,1,14,2.0,False,22
random_12,2026-08-24,1,13,0.0,True,23
random_12,2026-08-25,1,11,1.0,False,24
random_12,2026-08-26,1,9,-2.0,True,25
random_12,2026-08-27,1,15,-3.0,False,26
random_12,2026-08-28,1,7,0.0,True,27
random_12,2026-08-29,1,5,2.0,False,28
random_12,2026-08-30,1,18,2.0,True,29
random_12,2026-08-31,1,6,-0.0,False,30
random_12,2026-09-01,1,2,4.0,True,31
random_12,2026-09-02,1,0,-2.0,False,32
random_12,2026-09-03,1,19,3.0,True,33
random_12,2026-09-04,1,12,1.0,False,34
random_12,2026-09-05,1,17,-1.0,True,35
random_12,2026-09-06,1,8,1.0,False,36
random_12,2026-09-07,1,4,-2.0,True,37
random_12,2026-08-01,2,4,-0.0,False,0
random_12,2026-08-02,2,1,3.0,True,1
random_12,2026-08-03,2,10,-2.0,False,2
random_12,2026-08-04,2,17,0.0,True,3
random_12,2026-08-05,2,19,1.0,False,4
random_12,2026-08-06,2,3,2.0,True,5
random_12,2026-08-07,2,16,-2.0,False,6
random_12,2026-08-08,2,14,1.0,True,7
random_12,2026-08-09,2,9,0.0,True,8
random_12,2026-08-10,2,15,2.0,False,9
random_12,2026-08-11,2,18,-2.0,True,10
random_12,2026-08-12,2,11,-0.0,False,11
random_12,2026-08-13,2,8,3.0,True,12
random_12,2026-08-14,2,7,1.0,True,13
random_12,2026-08-15,2,6,2.0,False,14
random_12,2026-08-16,2,5,-2.0,False,15
random_12,2026-08-17,2,12,4.0,True,16
random_12,2026-08-18,2,13,1.0,True,17
random_12,2026-08-19,2,0,2.0,False,18
random_12,2026-08-20,2,8,2.0,False,19
random_12,2026-08-21,2,15,1.0,True,20
random_12,2026-08-22,2,9,2.0,False,21
random_12,2026-08-23,2,11,-1.0,True,22
random_12,2026-08-24,2,18,-0.0,False,23
random_12,2026-08-25,2,0,1.0,True,24
random_12,2026-08-26,2,12,-4.0,False,25
random_12,2026-08-27,2,5,3.0,True,26
random_12,2026-08-28,2,13,-1.0,False,27
random_12,2026-08-29,2,10,1.0,True,28
random_12,2026-08-30,2,17,3.0,False,29
random_12,2026-08-31,2,4,2.0,True,30
random_12,2026-09-01,2,1,-4.0,False,31
random_12,2026-09-02,2,6,1.0,True,32
random_12,2026-09-03,2,7,2.0,False,33
random_12,2026-09-04,2,3,-0.0,False,34
random_12,2026-09-05,2,16,2.0,True,35
random_12,2026-09-06,2,14,3.0,False,36
random_12,2026-09-07,2,19,-2.0,True,37
random_12,2026-08-01,3,19,1.0,True,0
random_12,2026-08-02,3,12,-0.0,False,1
random_12,2026-08-03,3,18,0.0,True,2
random_12,2026-08-04,3,0,-0.0,False,3
random_12,2026-08-05,3,5,0.0,True,4
random_12,2026-08-06,3,2,-2.0,False,5
random_12,2026-08-07,3,13,1.0,True,6
random_12,2026-08-08,3,10,-0.0,False,7
random_12,2026-08-09,3,17,0.0,True,8
random_12,2026-08-10,3,4,1.0,False,9
random_12,2026-08-11,3,8,0.0,True,10
random_12,2026-08-12,3,15,-0.0,False,11
random_12,2026-08-13,3,1,-1.0,True,12
random_12,2026-08-14,3,14,-1.0,True,13
random_12,2026-08-15,3,9,-3.0,False,14
random_12,2026-08-16,3,16,3.0,True,15
random_12,2026-08-17,3,11,1.0,False,16
random_12,2026-08-18,3,6,-0.0,False,17
random_12,2026-08-19,3,7,2.0,True,18
random_12,2026-08-20,3,1,-7.0,False,19
random_12,2026-08-21,3,4,3.0,True,20
random_12,2026-08-22,3,8,1.0,False,21
random_12,2026-08-23,3,15,-3.0,True,22
random_12,2026-08-24,3,17,1.0,False,23
random_12,2026-08-25,3,7,-2.0,False,24
random_12,2026-08-26,3,6,1.0,True,25
random_12,2026-08-27,3,16,-0.0,False,26
random_12,2026-08-28,3,11,2.0,True,27
random_12,2026-08-29,3,18,-3.0,False,28
random_12,2026-08-30,3,0,-2.0,True,29
random_12,2026-08-31,3,19,-2.0,False,30
random_12,2026-09-01,3,12,1.0,True,31
random_12,2026-09-02,3,9,-2.0,True,32
random_12,2026-09-03,3,14,-0.0,False,33
random_12,2026-09-04,3,2,0.0,True,34
random_12,2026-09-05,3,13,-4.0,False,35
random_12,2026-09-06,3,10,1.0,True,36
random_12,2026-09-07,3,5,1.0,False,37
random_12,2026-08-01,4,2,0.0,True,0
random_12,2026-08-02,4,5,-1.0,False,1
random_12,2026-08-03,4,12,1.0,True,2
random_12,2026-08-04,4,6,-1.0,False,3
random_12,2026-08-05,4,1,2.0,True,4
random_12,2026-08-06,4,18,-0.0,False,5
random_12,2026-08-07,4,7,1.0,True,6
random_12,2026-08-08,4,13,2.0,False,7
random_12,2026-08-09,4,14,1.0,False,8
random_12,2026-08-10,4,3,-1.0,True,9
random_12,2026-08-11,4,10,-1.0,False,10
random_12,2026-08-12,4,16,-1.0,True,11
random_12,2026-08-13,4,0,1.0,False,12
random_12,2026-08-14,4,17,-1.0,False,13
random_12,2026-08-15,4,8,0.0,True,14
random_12,2026-08-16,4,11,-1.0,True,15
random_12,2026-08-17,4,9,1.0,False,16
random_12,2026-08-18,4,19,-2.0,False,17
random_12,2026-08-19,4,15,-1.0,True,18
random_12,2026-08-20,4,0,2.0,True,19
random_12,2026-08-21,4,3,-3.0,False,20
random_12,2026-08-22,4,14,-1.0,True,21
random_12,2026-08-23,4,16,-0.0,False,22
random_12,2026-08-24,4,10,1.0,True,23
random_12,2026-08-25,4,15,-2.0,False,24
random_12,2026-08-26,4,19,1.0,True,25
random_12,2026-08-27,4,11,-0.0,False,26
random_12,2026-08-28,4,9,-1.0,True,27
random_12,2026-08-29,4,12,-2.0,False,28
random_12,2026-08-30,4,6,-1.0,True,29
random_12,2026-08-31,4,2,-2.0,False,30
random_12,2026-09-01,4,5,-1.0,True,31
random_12,2026-09-02,4,8,1.0,False,32
random_12,2026-09-03,4,17,-3.0,True,33
random_12,2026-09-04,4,18,3.0,True,34
random_12,2026-09-05,4,7,-0.0,False,35
random_12,2026-09-06,4,13,0.0,True,36
random_12,2026-09-07,4,1,2.0,False,37
random_12,2026-08-01,5,9,1.0,False,0
random_12,2026-08-02,5,4,1.0,True,1
random_12,2026-08-03,5,1,1.0,False,2
random_12,2026-08-04,5,10,0.0,True,3
random_12,2026-08-05,5,3,-0.0,False,4
random_12,2026-08-06,5,0,-2.0,True,5
random_12,2026-08-07,5,8,1.0,False,6
random_12,2026-08-08,5,19,0.0,True,7
random_12,2026-08-09,5,15,2.0,True,8
random_12,2026-08-10,5,18,-2.0,False,9
random_12,2026-08-11,5,12,-1.0,True,10
random_12,2026-08-12,5,17,-1.0,False,11
random_12,2026-08-13,5,7,0.0,True,12
random_12,2026-08-14,5,13,4.0,True,13
random_12,2026-08-15,5,14,2.0,False,14
random_12,2026-08-16,5,2,2.0,True,15
random_12,2026-08-17,5,6,-1.0,False,16
random_12,2026-08-18,5,11,-1.0,False,17
random_12,2026-08-19,5,16,1.0,True,18
random_12,2026-08-20,5,7,2.0,False,19
random_12,2026-08-21,5,18,0.0,True,20
random_12,2026-08-22,5,12,-4.0,False,21
random_12,2026-08-23,5,17,0.0,True,22
random_12,2026-08-24,5,15,-1.0,False,23
random_12,2026-08-25,5,16,-0.0,False,24
random_12,2026-08-26,5,11,3.0,True,25
random_12,2026-08-27,5,2,-3.0,False,26
random_12,2026-08-28,5,6,4.0,True,27
random_12,2026-08-29,5,1,-2.0,True,28
random_12,2026-08-30,5,10,-1.0,False,29
random_12,2026-08-31,5,9,-1.0,True,30
random_12,2026-09-01,5,4,1.0,False,31
random_12,2026-09-02,5,14,-1.0,True,32
random_12,2026-09-03,5,13,-2.0,False,33
random_12,2026-09-04,5,19,2.0,False,34
random_12,2026-09-05,5,8,0.0,True,35
random_12,2026-09-06,5,0,2.0,False,36
random_12,2026-09-07,5,3,-1.0,True,37
random_12,2026-08-01,6,1,3.0,False,0
random_12,2026-08-02,6,10,2.0,True,1
random_12,2026-08-03,6,14,1.0,False,2
random_12,2026-08-04,6,4,1.0,True,3
random_12,2026-08-05,6,17,1.0,False,4
random_12,2026-08-06,6,16,-3.0,True,5
random_12,2026-08-07,6,19,1.0,False,6
random_12,2026-08-08,6,9,1.0,True,7
random_12,2026-08-09,6,18,2.0,True,8
random_12,2026-08-10,6,8,3.0,False,9
random_12,2026-08-11,6,7,1.0,True,10
random_12,2026-08-12,6,12,3.0,False,11
random_12,2026-08-13,6,11,2.0,True,12
random_12,2026-08-14,6,15,-2.0,False,13
random_12,2026-08-15,6,2,-2.0,True,14
random_12,2026-08-16,6,0,-0.0,False,15
random_12,2026-08-17,6,5,1.0,True,16
random_12,2026-08-18,6,3,0.0,True,17
random_12,2026-08-19,6,13,2.0,False,18
random_12,2026-08-20,6,11,-1.0,False,19
random_12,2026-08-21,6,8,-2.0,True,20
random_12,2026-08-22,6,18,-2.0,False,21
random_12,2026-08-23,6,12,0.0,True,22
random_12,2026-08-24,6,7,-2.0,False,23
random_12,2026-08-25,6,13,2.0,True,24
random_12,2026-08-26,6,3,-1.0,False,25
random_12,2026-08-27,6,0,1.0,True,26
random_12,2026-08-28,6,5,-4.0,False,27
random_12,2026-08-29,6,14,2.0,True,28
random_12,2026-08-30,6,4,1.0,False,29
random_12,2026-08-31,6,1,0.0,True,30
random_12,2026-09-01,6,10,-1.0,False,31
random_12,2026-09-02,6,2,-1.0,False,32
random_12,2026-09-03,6,15,0.0,True,33
random_12,2026-09-04,6,16,-1.0,False,34
random_12,2026-09-05,6,19,-1.0,True,35
random_12,2026-09-06,6,9,-1.0,False,36
random_12,2026-09-07,6,17,0.0,True,37
random_12,2026-08-01,7,8,1.0,False,0
random_12,2026-08-02,7,14,0.0,True,1
random_12,2026-08-03,7,9,-3.0,False,2
random_12,2026-08-04,7,11,1.0,True,3
random_12,2026-08-05,7,12,-1.0,False,4
random_12,2026-08-06,7,17,-3.0,True,5
random_12,2026-08-07,7,4,-1.0,False,6
random_12,2026-08-08,7,16,1.0,True,7
random_12,2026-08-09,7,19,3.0,False,8
random_12,2026-08-10,7,13,2.0,True,9
random_12,2026-08-11,7,6,-1.0,False,10
random_12,2026-08-12,7,10,-2.0,True,11
random_12,2026-08-13,7,5,-0.0,False,12
random_12,2026-08-14,7,2,-1.0,False,13
random_12,2026-08-15,7,15,0.0,True,14
random_12,2026-08-16,7,18,1.0,False,15
random_12,2026-08-17,7,1,-1.0,True,16
random_12,2026-08-18,7,0,4.0,True,17
random_12,2026-08-19,7,3,-2.0,False,18
random_12,2026-08-20,7,5,-2.0,True,19
random_12,2026-08-21,7,13,-2.0,False,20
random_12,2026-08-22,7,19,0.0,True,21
random_12,2026-08-23,7,10,1.0,False,22
random_12,2026-08-24,7,6,2.0,True,23
random_12,2026-08-25,7,3,2.0,True,24
random_12,2026-08-26,7,0,-1.0,False,25
random_12,2026-08-27,7,18,1.0,True,26
random_12,2026-08-28,7,1,-0.0,False,27
random_12,2026-08-29,7,9,-1.0,True,28
random_12,2026-08-30,7,11,-0.0,False,29
random_12,2026-08-31,7,8,2.0,True,30
random_12,2026-09-01,7,14,-2.0,False,31
random_12,2026-09-02,7,15,-0.0,False,32
random_12,2026-09-03,7,2,-2.0,True,33
random_12,2026-09-04,7,17,-0.0,False,34
random_12,2026-09-05,7,4,0.0,True,35
random_12,2026-09-06,7,16,-3.0,False,36
random_12,2026-09-07,7,12,0.0,True,37
random_12,2026-08-01,8,7,-1.0,True,0
random_12,2026-08-02,8,0,-5.0,False,1
random_12,2026-08-03,8,15,0.0,True,2
random_12,2026-08-04,8,19,-0.0,False,3
random_12,2026-08-05,8,11,1.0,True,4
random_12,2026-08-06,8,10,-3.0,False,5
random_12,2026-08-07,8,5,-1.0,True,6
random_12,2026-08-08,8,1,1.0,False,7
random_12,2026-08-09,8,16,2.0,False,8
random_12,2026-08-10,8,6,-3.0,True,9
random_12,2026-08-11,8,3,-0.0,False,10
random_12,2026-08-12,8,13,1.0,True,11
random_12,2026-08-13,8,2,-3.0,False,12
random_12,2026-08-14,8,9,0.0,True,13
random_12,2026-08-15,8,4,-0.0,False,14
random_12,2026-08-16,8,17,1.0,False,15
random_12,2026-08-17,8,18,1.0,True,16
random_12,2026-08-18,8,14,2.0,True,17
random_12,2026-08-19,8,12,1.0,False,18
random_12,2026-08-20,8,2,-2.0,True,19
random_12,2026-08-21,8,6,2.0,False,20
random_12,2026-08-22,8,3,-1.0,True,21
random_12,2026-08-23,8,13,-0.0,False,22
random_12,2026-08-24,8,16,-6.0,True,23
random_12,2026-08-25,8,12,-2.0,True,24
random_12,2026-08-26,8,18,-1.0,False,25
random_12,2026-08-27,8,17,2.0,True,26
random_12,2026-08-28,8,14,-1.0,False,27
random_12,2026-08-29,8,15,-5.0,False,28
random_12,2026-08-30,8,19,-1.0,True,29
random_12,2026-08-31,8,7,-2.0,False,30
random_12,2026-09-01,8,0,-3.0,True,31
random_12,2026-09-02,8,4,-1.0,True,32
random_12,2026-09-03,8,9,1.0,False,33
random_12,2026-09-04,8,10,-2.0,True,34
random_12,2026-09-05,8,5,-0.0,False,35
random_12,2026-09-06,8,1,-1.0,True,36
random_12,2026-09-07,8,11,-2.0,False,37
random_12,2026-08-01,9,5,-1.0,True,0
random_12,2026-08-02,9,18,-2.0,False,1
random_12,2026-08-03,9,7,3.0,True,2
random_12,2026-08-04,9,13,-3.0,False,3
random_12,2026-08-05,9,15,0.0,True,4
random_12,2026-08-06,9,11,1.0,False,5
random_12,2026-08-07,9,10,1.0,True,6
random_12,2026-08-08,9,6,-1.0,False,7
random_12,2026-08-09,9,2,-0.0,False,8
random_12,2026-08-10,9,16,-2.0,True,9
random_12,2026-08-11,9,14,3.0,False,10
random_12,2026-08-12,9,0,1.0,True,11
random_12,2026-08-13,9,19,2.0,False,12
random_12,2026-08-14,9,8,-0.0,False,13
random_12,2026-08-15,9,3,3.0,True,14
random_12,2026-08-16,9,12,4.0,False,15
random_12,2026-08-17,9,4,-1.0,True,16
random_12,2026-08-18,9,1,1.0,True,17
random_12,2026-08-19,9,17,-1.0,False,18
random_12,2026-08-20,9,19,-2.0,True,19
random_12,2026-08-21,9,16,1.0,False,20
random_12,2026-08-22,9,2,-2.0,True,21
random_12,2026-08-23,9,0,-1.0,False,22
random_12,2026-08-24,9,14,1.0,True,23
random_12,2026-08-25,9,17,0.0,True,24
random_12,2026-08-26,9,1,2.0,False,25
random_12,2026-08-27,9,12,1.0,True,26
random_12,2026-08-28,9,4,1.0,False,27
random_12,2026-08-29,9,7,1.0,False,28
random_12,2026-08-30,9,13,0.0,True,29
random_12,2026-08-31,9,5,1.0,False,30
random_12,2026-09-01,9,18,2.0,True,31
random_12,2026-09-02,9,3,2.0,False,32
random_12,2026-09-03,9,8,-1.0,True,33
random_12,2026-09-04,9,11,0.0,True,34
random_12,2026-09-05,9,10,1.0,False,35
random_12,2026-09-06,9,6,1.0,True,36
random_12,2026-09-07,9,15,-0.0,False,37
random_12,2026-08-01,10,15,-1.0,True,0
random_12,2026-08-02,10,6,-2.0,False,1
random_12,2026-08-03,10,2,2.0,True,2
random_12,2026-08-04,10,5,-0.0,False,3
random_12,2026-08-05,10,16,3.0,False,4
random_12,2026-08-06,10,8,3.0,True,5
random_12,2026-08-07,10,9,-1.0,False,6
random_12,2026-08-08,10,3,0.0,True,7
random_12,2026-08-09,10,11,4.0,True,8
random_12,2026-08-10,10,1,-2.0,False,9
random_12,2026-08-11,10,4,1.0,True,10
random_12,2026-08-12,10,7,2.0,False,11
random_12,2026-08-13,10,17,0.0,True,12
random_12,2026-08-14,10,0,-4.0,False,13
random_12,2026-08-15,10,19,-2.0,True,14
random_12,2026-08-16,10,14,-3.0,False,15
random_12,2026-08-17,10,13,-1.0,True,16
random_12,2026-08-18,10,12,1.0,True,17
random_12,2026-08-19,10,18,-3.0,False,18
random_12,2026-08-20,10,17,2.0,False,19
random_12,2026-08-21,10,1,0.0,True,20
random_12,2026-08-22,10,11,1.0,False,21
random_12,2026-08-23,10,7,-1.0,True,22
random_12,2026-08-24,10,4,-1.0,False,23
random_12,2026-08-25,10,18,-2.0,True,24
random_12,2026-08-26,10,13,-1.0,False,25
random_12,2026-08-27,10,14,0.0,True,26
random_12,2026-08-28,10,12,4.0,False,27
random_12,2026-08-29,10,2,-1.0,False,28
random_12,2026-08-30,10,5,1.0,True,29
random_12,2026-08-31,10,15,1.0,False,30
random_12,2026-09-01,10,6,1.0,True,31
random_12,2026-09-02,10,19,2.0,False,32
random_12,2026-09-03,10,0,-3.0,True,33
random_12,2026-09-04,10,8,2.0,False,34
random_12,2026-09-05,10,9,-1.0,True,35
random_12,2026-09-06,10,3,-1.0,False,36
random_12,2026-09-07,10,16,1.0,True,37
random_12,2026-08-01,11,18,4.0,True,0
random_12,2026-08-02,11,15,1.0,False,1
random_12,2026-08-03,11,13,0.0,True,2
random_12,2026-08-04,11,7,-1.0,False,3
random_12,2026-08-05,11,8,-1.0,False,4
random_12,2026-08-06,11,9,-1.0,True,5
random_12,2026-08-07,11,14,-2.0,False,6
random_12,2026-08-08,11,17,0.0,True,7
random_12,2026-08-09,11,10,-4.0,False,8
random_12,2026-08-10,11,0,3.0,True,9
random_12,2026-08-11,11,19,1.0,False,10
random_12,2026-08-12,11,2,0.0,True,11
random_12,2026-08-13,11,6,-2.0,False,12
random_12,2026-08-14,11,12,4.0,False,13
random_12,2026-08-15,11,16,-5.0,True,14
random_12,2026-08-16,11,4,1.0,False,15
random_12,2026-08-17,11,3,-1.0,True,16
random_12,2026-08-18,11,5,1.0,True,17
random_12,2026-08-19,11,1,-3.0,False,18
random_12,2026-08-20,11,6,1.0,True,19
random_12,2026-08-21,11,0,-0.0,False,20
random_12,2026-08-22,11,10,-1.0,True,21
random_12,2026-08-23,11,2,1.0,False,22
random_12,2026-08-24,11,19,-1.0,True,23
random_12,2026-08-25,11,1,-1.0,True,24
random_12,2026-08-26,11,5,-3.0,False,25
random_12,2026-08-27,11,4,0.0,True,26
random_12,2026-08-28,11,3,-2.0,False,27
random_12,2026-08-29,11,13,4.0,False,28
random_12,2026-08-30,11,7,0.0,True,29
random_12,2026-08-31,11,18,3.0,False,30
random_12,2026-09-01,11,15,-1.0,True,31
random_12,2026-09-02,11,16,-1.0,False,32
random_12,2026-09-03,11,12,1.0,True,33
random_12,2026-09-04,11,9,-0.0,False,34
random_12,2026-09-05,11,14,2.0,True,35
random_12,2026-09-06,11,17,-0.0,False,36
random_12,2026-09-07,11,8,2.0,True,37
random_12,2026-08-01,12,17,2.0,False,0
random_12,2026-08-02,12,3,0.0,True,1
random_12,2026-08-03,12,4,-1.0,False,2
random_12,2026-08-04,12,16,1.0,True,3
random_12,2026-08-05,12,7,1.0,True,4
random_12,2026-08-06,12,1,-2.0,False,5
random_12,2026-08-07,12,15,0.0,True,6
random_12,2026-08-08,12,18,-1.0,False,7
random_12,2026-08-09,12,0,-0.0,False,8
random_12,2026-08-10,12,19,-1.0,True,9
random_12,2026-08-11,12,5,1.0,False,10
random_12,2026-08-12,12,6,-3.0,True,11
random_12,2026-08-13,12,14,1.0,False,12
random_12,2026-08-14,12,11,-4.0,True,13
random_12,2026-08-15,12,13,-0.0,False,14
random_12,2026-08-16,12,9,-4.0,True,15
random_12,2026-08-17,12,2,-4.0,False,16
random_12,2026-08-18,12,10,-1.0,False,17
random_12,2026-08-19,12,8,-1.0,True,18
random_12,2026-08-20,12,14,0.0,True,19
random_12,2026-08-21,12,19,1.0,False,20
random_12,2026-08-22,12,5,4.0,True,21
random_12,2026-08-23,12,6,-0.0,False,22
random_12,2026-08-24,12,0,-2.0,True,23
random_12,2026-08-25,12,8,2.0,False,24
random_12,2026-08-26,12,2,4.0,True,25
random_12,2026-08-27,12,9,-1.0,False,26
random_12,2026-08-28,12,10,-4.0,True,27
random_12,2026-08-29,12,4,2.0,True,28
random_12,2026-08-30,12,16,2.0,False,29
random_12,2026-08-31,12,17,-1.0,True,30
random_12,2026-09-01,12,3,-1.0,False,31
random_12,2026-09-02,12,13,1.0,True,32
random_12,2026-09-03,12,11,-1.0,False,33
random_12,2026-09-04,12,1,-1.0,True,34
random_12,2026-09-05,12,15,-0.0,False,35
random_12,2026-09-06,12,18,-2.0,True,36
random_12,2026-09-07,12,7,-0.0,False,37
random_12,2026-08-01,13,16,2.0,False,0
random_12,2026-08-02,13,17,2.0,True,1
random_12,2026-08-03,13,11,-0.0,False,2
random_12,2026-08-04,13,9,3.0,True,3
random_12,2026-08-05,13,0,-1.0,False,4
random_12,2026-08-06,13,14,-1.0,True,5
random_12,2026-08-07,13,3,-1.0,False,6
random_12,2026-08-08,13,4,-2.0,True,7
random_12,2026-08-09,13,1,0.0,True,8
random_12,2026-08-10,13,7,-2.0,False,9
random_12,2026-08-11,13,15,1.0,True,10
random_12,2026-08-12,13,8,-1.0,False,11
random_12,2026-08-13,13,18,-1.0,True,12
random_12,2026-08-14,13,5,-4.0,False,13
random_12,2026-08-15,13,12,0.0,True,14
random_12,2026-08-16,13,19,-1.0,True,15
random_12,2026-08-17,13,10,1.0,False,16
random_12,2026-08-18,13,2,-1.0,False,17
random_12,2026-08-19,13,6,-2.0,True,18
random_12,2026-08-20,13,18,3.0,False,19
random_12,2026-08-21,13,7,2.0,True,20
random_12,2026-08-22,13,15,3.0,False,21
random_12,2026-08-23,13,8,0.0,True,22
random_12,2026-08-24,13,1,-0.0,False,23
random_12,2026-08-25,13,6,-2.0,False,24
random_12,2026-08-26,13,10,1.0,True,25
random_12,2026-08-27,13,19,5.0,False,26
random_12,2026-08-28,13,2,1.0,True,27
random_12,2026-08-29,13,11,-4.0,True,28
random_12,2026-08-30,13,9,-0.0,False,29
random_12,2026-08-31,13,16,-1.0,True,30
random_12,2026-09-01,13,17,1.0,False,31
random_12,2026-09-02,13,12,-1.0,False,32
random_12,2026-09-03,13,5,2.0,True,33
random_12,2026-09-04,13,14,-3.0,False,34
random_12,2026-09-05,13,3,4.0,True,35
random_12,2026-09-06,13,4,-0.0,False,36
random_12,2026-09-07,13,0,0.0,True,37
random_12,2026-08-01,14,0,0.0,True,0
random_12,2026-08-02,14,7,-0.0,False,1
random_12,2026-08-03,14,6,-1.0,True,2
random_12,2026-08-04,14,15,5.0,False,3
random_12,2026-08-05,14,18,-1.0,True,4
random_12,2026-08-06,14,13,1.0,False,5
random_12,2026-08-07,14,11,2.0,True,6
random_12,2026-08-08,14,2,-1.0,False,7
random_12,2026-08-09,14,4,-1.0,True,8
random_12,2026-08-10,14,17,-0.0,False,9
random_12,2026-08-11,14,9,-3.0,True,10
random_12,2026-08-12,14,1,1.0,False,11
random_12,2026-08-13,14,12,-1.0,True,12
random_12,2026-08-14,14,3,1.0,False,13
random_12,2026-08-15,14,5,-2.0,True,14
random_12,2026-08-16,14,10,3.0,True,15
random_12,2026-08-17,14,16,1.0,False,16
random_12,2026-08-18,14,8,-2.0,False,17
random_12,2026-08-19,14,19,0.0,True,18
random_12,2026-08-20,14,12,-0.0,False,19
random_12,2026-08-21,14,17,2.0,True,20
random_12,2026-08-22,14,4,1.0,False,21
random_12,2026-08-23,14,1,-2.0,True,22
random_12,2026-08-24,14,9,-1.0,False,23
random_12,2026-08-25,14,19,-2.0,False,24
random_12,2026-08-26,14,16,0.0,True,25
random_12,2026-08-27,14,10,-0.0,False,26
random_12,2026-08-28,14,8,1.0,True,27
random_12,2026-08-29,14,6,-2.0,False,28
random_12,2026-08-30,14,15,-1.0,True,29
random_12,2026-08-31,14,0,3.0,False,30
random_12,2026-09-01,14,7,2.0,True,31
random_12,2026-09-02,14,5,1.0,False,32
random_12,2026-09-03,14,3,0.0,True,33
random_12,2026-09-04,14,13,3.0,True,34
random_12,2026-09-05,14,11,-2.0,False,35
random_12,2026-09-06,14,2,-3.0,True,36
random_12,2026-09-07,14,18,-2.0,False,37
random_12,2026-08-01,15,10,1.0,False,0
random_12,2026-08-02,15,11,-1.0,True,1
random_12,2026-08-03,15,8,-0.0,False,2
random_12,2026-08-04,15,14,-5.0,True,3
random_12,2026-08-05,15,9,-0.0,False,4
random_12,2026-08-06,15,19,1.0,True,5
random_12,2026-08-07,15,12,-0.0,False,6
random_12,2026-08-08,15,0,1.0,True,7
random_12,2026-08-09,15,5,-2.0,False,8
random_12,2026-08-10,15,2,-2.0,True,9
random_12,2026-08-11,15,13,-1.0,False,10
random_12,2026-08-12,15,3,0.0,True,11
random_12,2026-08-13,15,16,-0.0,False,12
random_12,2026-08-14,15,6,2.0,True,13
random_12,2026-08-15,15,7,-0.0,False,14
random_12,2026-08-16,15,1,-4.0,False,15
random_12,2026-08-17,15,17,0.0,True,16
random_12,2026-08-18,15,18,0.0,True,17
random_12,2026-08-19,15,4,1.0,False,18
random_12,2026-08-20,15,16,0.0,True,19
random_12,2026-08-21,15,2,-1.0,False,20
random_12,2026-08-22,15,13,-3.0,True,21
random_12,2026-08-23,15,3,3.0,False,22
random_12,2026-08-24,15,5,1.0,True,23
random_12,2026-08-25,15,4,2.0,True,24
random_12,2026-08-26,15,17,1.0,False,25
random_12,2026-08-27,15,1,3.0,True,26
random_12,2026-08-28,15,18,3.0,False,27
random_12,2026-08-29,15,8,5.0,True,28
random_12,2026-08-30,15,14,1.0,False,29
random_12,2026-08-31,15,10,-1.0,True,30
random_12,2026-09-01,15,11,1.0,False,31
random_12,2026-09-02,15,7,0.0,True,32
random_12,2026-09-03,15,6,-0.0,False,33
random_12,2026-09-04,15,0,-6.0,False,34
random_12,2026-09-05,15,12,0.0,True,35
random_12,2026-09-06,15,19,-0.0,False,36
random_12,2026-09-07,15,9,0.0,True,37
random_12,2026-08-01,16,13,-2.0,True,0
random_12,2026-08-02,16,19,1.0,False,1
random_12,2026-08-03,16,0,-2.0,True,2
random_12,2026-08-04,16,12,-1.0,False,3
random_12,2026-08-05,16,10,-3.0,True,4
random_12,2026-08-06,16,6,3.0,False,5
random_12,2026-08-07,16,2,2.0,True,6
random_12,2026-08-08,16,7,-1.0,False,7
random_12,2026-08-09,16,8,-2.0,True,8
random_12,2026-08-10,16,9,2.0,False,9
random_12,2026-08-11,16,1,-5.0,True,10
random_12,2026-08-12,16,4,1.0,False,11
random_12,2026-08-13,16,15,0.0,True,12
random_12,2026-08-14,16,18,1.0,True,13
random_12,2026-08-15,16,11,5.0,False,14
random_12,2026-08-16,16,3,-3.0,False,15
random_12,2026-08-17,16,14,-1.0,True,16
random_12,2026-08-18,16,17,-2.0,True,17
random_12,2026-08-19,16,5,-1.0,False,18
random_12,2026-08-20,16,15,-0.0,False,19
random_12,2026-08-21,16,9,-1.0,True,20
random_12,2026-08-22,16,1,-2.0,False,21
random_12,2026-08-23,16,4,0.0,True,22
random_12,2026-08-24,16,8,6.0,False,23
random_12,2026-08-25,16,5,0.0,True,24
random_12,2026-08-26,16,14,-0.0,False,25
random_12,2026-08-27,16,3,0.0,True,26
random_12,2026-08-28,16,17,1.0,False,27
random_12,2026-08-29,16,0,-1.0,False,28
random_12,2026-08-30,16,12,-2.0,True,29
random_12,2026-08-31,16,13,1.0,False,30
random_12,2026-09-01,16,19,-4.0,True,31
random_12,2026-09-02,16,11,1.0,True,32
random_12,2026-09-03,16,18,1.0,False,33
random_12,2026-09-04,16,6,1.0,True,34
random_12,2026-09-05,16,2,-2.0,False,35
random_12,2026-09-06,16,7,3.0,True,36
random_12,2026-09-07,16,10,-1.0,False,37
random_12,2026-08-01,17,12,-2.0,True,0
random_12,2026-08-02,17,13,-2.0,False,1
random_12,2026-08-03,17,19,0.0,True,2
random_12,2026-08-04,17,2,-0.0,False,3
random_12,2026-08-05,17,6,-1.0,True,4
random_12,2026-08-06,17,7,3.0,False,5
random_12,2026-08-07,17,1,1.0,True,6
random_12,2026-08-08,17,11,-0.0,False,7
random_12,2026-08-09,17,3,-0.0,False,8
random_12,2026-08-10,17,14,0.0,True,9
random_12,2026-08-11,17,0,1.0,False,10
random_12,2026-08-12,17,5,1.0,True,11
random_12,2026-08-13,17,10,-0.0,False,12
random_12,2026-08-14,17,4,1.0,True,13
random_12,2026-08-15,17,18,-1.0,False,14
random_12,2026-08-16,17,8,-1.0,True,15
random_12,2026-08-17,17,15,-0.0,False,16
random_12,2026-08-18,17,16,2.0,False,17
random_12,2026-08-19,17,9,1.0,True,18
random_12,2026-08-20,17,10,-2.0,True,19
random_12,2026-08-21,17,14,-2.0,False,20
random_12,2026-08-22,17,0,2.0,True,21
random_12,2026-08-23,17,5,-0.0,False,22
random_12,2026-08-24,17,3,-1.0,True,23
random_12,2026-08-25,17,9,-0.0,False,24
random_12,2026-08-26,17,15,-1.0,True,25
random_12,2026-08-27,17,8,-2.0,False,26
random_12,2026-08-28,17,16,-1.0,True,27
random_12,2026-08-29,17,19,-0.0,False,28
random_12,2026-08-30,17,2,-3.0,True,29
random_12,2026-08-31,17,12,1.0,False,30
random_12,2026-09-01,17,13,-1.0,True,31
random_12,2026-09-02,17,18,2.0,True,32
random_12,2026-09-03,17,4,3.0,False,33
random_12,2026-09-04,17,7,0.0,True,34
random_12,2026-09-05,17,1,1.0,False,35
random_12,2026-09-06,17,11,0.0,True,36
random_12,2026-09-07,17,6,-0.0,False,37
random_12,2026-08-01,18,11,-4.0,False,0
random_12,2026-08-02,18,9,2.0,True,1
random_12,2026-08-03,18,3,-0.0,False,2
random_12,2026-08-04,18,1,0.0,True,3
random_12,2026-08-05,18,14,1.0,False,4
random_12,2026-08-06,18,4,0.0,True,5
random_12,2026-08-07,18,0,2.0,False,6
random_12,2026-08-08,18,12,1.0,True,7
random_12,2026-08-09,18,6,-2.0,False,8
random_12,2026-08-10,18,5,2.0,True,9
random_12,2026-08-11,18,2,2.0,False,10
random_12,2026-08-12,18,19,-2.0,True,11
random_12,2026-08-13,18,13,1.0,False,12
random_12,2026-08-14,18,16,-1.0,False,13
random_12,2026-08-15,18,17,1.0,True,14
random_12,2026-08-16,18,7,-1.0,True,15
random_12,2026-08-17,18,8,-1.0,False,16
random_12,2026-08-18,18,15,-0.0,False,17
random_12,2026-08-19,18,10,3.0,True,18
random_12,2026-08-20,18,13,-3.0,True,19
random_12,2026-08-21,18,5,-0.0,False,20
random_12,2026-08-22,18,6,2.0,True,21
random_12,2026-08-23,18,19,-2.0,False,22
random_12,2026-08-24,18,2,0.0,True,23
random_12,2026-08-25,18,10,2.0,False,24
random_12,2026-08-26,18,8,1.0,True,25
random_12,2026-08-27,18,7,-1.0,False,26
random_12,2026-08-28,18,15,-3.0,True,27
random_12,2026-08-29,18,3,3.0,True,28
random_12,2026-08-30,18,1,-2.0,False,29
random_12,2026-08-31,18,11,-3.0,True,30
random_12,2026-09-01,18,9,-2.0,False,31
random_12,2026-09-02,18,17,-2.0,False,32
random_12,2026-09-03,18,16,-1.0,True,33
random_12,2026-09-04,18,4,-3.0,False,34
random_12,2026-09-05,18,0,2.0,True,35
random_12,2026-09-06,18,12,2.0,False,36
random_12,2026-09-07,18,14,2.0,True,37
random_12,2026-08-01,19,3,-1.0,False,0
random_12,2026-08-02,19,16,-1.0,True,1
random_12,2026-08-03,19,17,-0.0,False,2
random_12,2026-08-04,19,8,0.0,True,3
random_12,2026-08-05,19,2,-1.0,True,4
random_12,2026-08-06,19,15,-1.0,False,5
random_12,2026-08-07,19,6,-1.0,True,6
random_12,2026-08-08,19,5,-0.0,False,7
random_12,2026-08-09,19,7,-3.0,True,8
random_12,2026-08-10,19,12,1.0,False,9
random_12,2026-08-11,19,11,-1.0,True,10
random_12,2026-08-12,19,18,2.0,False,11
random_12,2026-08-13,19,9,-2.0,True,12
random_12,2026-08-14,19,1,3.0,True,13
random_12,2026-08-15,19,10,2.0,False,14
random_12,2026-08-16,19,13,1.0,False,15
random_12,2026-08-17,19,0,-1.0,True,16
random_12,2026-08-18,19,4,2.0,True,17
random_12,2026-08-19,19,14,-0.0,False,18
random_12,2026-08-20,19,9,2.0,False,19
random_12,2026-08-21,19,12,-1.0,True,20
random_12,2026-08-22,19,7,-0.0,False,21
random_12,2026-08-23,19,18,2.0,True,22
random_12,2026-08-24,19,11,1.0,False,23
random_12,2026-08-25,19,14,2.0,True,24
random_12,2026-08-26,19,4,-1.0,False,25
random_12,2026-08-27,19,13,-5.0,True,26
random_12,2026-08-28,19,0,-3.0,False,27
random_12,2026-08-29,19,17,0.0,True,28
random_12,2026-08-30,19,8,1.0,False,29
random_12,2026-08-31,19,3,2.0,True,30
random_12,2026-09-01,19,16,4.0,False,31
random_12,2026-09-02,19,10,-2.0,True,32
random_12,2026-09-03,19,1,-3.0,False,33
random_12,2026-09-04,19,5,-2.0,True,34
random_12,2026-09-05,19,6,1.0,False,35
random_12,2026-09-06,19,15,0.0,True,36
random_12,2026-09-07,19,2,2.0,False,37
random_13,2026-08-01,0,14,-2.0,False,0
random_13,2026-08-02,0,8,1.0,True,1
random_13,2026-08-03,0,16,3.0,False,2
random_13,2026-08-04,0,3,1.0,True,3
random_13,2026-08-05,0,13,2.0,True,4
random_13,2026-08-06,0,5,-1.0,False,5
random_13,2026-08-07,0,18,3.0,True,6
random_13,2026-08-08,0,15,-0.0,False,7
random_13,2026-08-09,0,12,-1.0,True,8
random_13,2026-08-10,0,11,-0.0,False,9
random_13,2026-08-11,0,17,3.0,True,10
random_13,2026-08-12,0,9,-1.0,False,11
random_13,2026-08-13,0,4,0.0,True,12
random_13,2026-08-14,0,10,0.0,True,13
random_13,2026-08-15,0,1,-2.0,False,14
random_13,2026-08-16,0,6,0.0,True,15
random_13,2026-08-17,0,19,1.0,False,16
random_13,2026-08-18,0,7,-1.0,False,17
random_13,2026-08-19,0,2,-1.0,True,18
random_13,2026-08-20,0,4,-0.0,False,19
random_13,2026-08-21,0,11,0.0,True,20
random_13,2026-08-22,0,17,1.0,False,21
random_13,2026-08-23,0,9,2.0,True,22
random_13,2026-08-24,0,12,3.0,False,23
random_13,2026-08-25,0,2,-2.0,False,24
random_13,2026-08-26,0,7,2.0,True,25
random_13,2026-08-27,0,6,-0.0,False,26
random_13,2026-08-28,0,19,0.0,True,27
random_13,2026-08-29,0,16,-2.0,True,28
random_13,2026-08-30,0,3,-2.0,False,29
random_13,2026-08-31,0,14,2.0,True,30
random_13,2026-09-01,0,8,-0.0,False,31
random_13,2026-09-02,0,1,-1.0,True,32
random_13,2026-09-03,0,10,2.0,False,33
random_13,2026-09-04,0,15,-1.0,True,34
random_13,2026-09-05,0,18,2.0,False,35
random_13,2026-09-06,0,5,-2.0,True,36
random_13,2026-09-07,0,13,3.0,False,37
random_13,2026-08-01,1,6,1.0,True,0
random_13,2026-08-02,1,2,1.0,False,1
random_13,2026-08-03,1,5,-2.0,True,2
random_13,2026-08-04,1,18,-0.0,False,3
random_13,2026-08-05,1,4,-1.0,False,4
random_13,2026-08-06,1,12,-1.0,True,5
random_13,2026-08-07,1,17,2.0,False,6
random_13,2026-08-08,1,8,0.0,True,7
random_13,2026-08-09,1,13,1.0,False,8
random_13,2026-08-10,1,10,2.0,True,9
random_13,2026-08-11,1,16,-0.0,False,10
random_13,2026-08-12,1,14,-2.0,True,11
random_13,2026-08-13,1,3,-2.0,False,12
random_13,2026-08-14,1,19,2.0,False,13
random_13,2026-08-15,1,0,2.0,True,14
random_13,2026-08-16,1,15,3.0,True,15
random_13,2026-08-17,1,7,3.0,False,16
random_13,2026-08-18,1,9,2.0,False,17
random_13,2026-08-19,1,11,2.0,True,18
random_13,2026-08-20,1,3,-1.0,True,19
random_13,2026-08-21,1,10,4.0,False,20
random_13,2026-08-22,1,16,-3.0,True,21
random_13,2026-08-23,1,14,-1.0,False,22
random_13,2026-08-24,1,13,-3.0,True,23
random_13,2026-08-25,1,11,-0.0,False,24
random_13,2026-08-26,1,9,-1.0,True,25
random_13,2026-08-27,1,15,-2.0,False,26
random_13,2026-08-28,1,7,2.0,True,27
random_13,2026-08-29,1,5,2.0,False,28
random_13,2026-08-30,1,18,-2.0,True,29
random_13,2026-08-31,1,6,-3.0,False,30
random_13,2026-09-01,1,2,1.0,True,31
random_13,2026-09-02,1,0,1.0,False,32
random_13,2026-09-03,1,19,0.0,True,33
random_13,2026-09-04,1,12,-1.0,False,34
random_13,2026-09-05,1,17,0.0,True,35
random_13,2026-09-06,1,8,1.0,False,36
random_13,2026-09-07,1,4,-1.0,True,37
random_13,2026-08-01,2,4,-1.0,False,0
random_13,2026-08-02,2,1,-1.0,True,1
random_13,2026-08-03,2,10,-0.0,False,2
random_13,2026-08-04,2,17,0.0,True,3
random_13,2026-08-05,2,19,-2.0,False,4
random_13,2026-08-06,2,3,-2.0,True,5
random_13,2026-08-07,2,16,-0.0,False,6
random_13,2026-08-08,2,14,-1.0,True,7
random_13,2026-08-09,2,9,1.0,True,8
random_13,2026-08-10,2,15,2.0,False,9
random_13,2026-08-11,2,18,2.0,True,10
random_13,2026-08-12,2,11,-2.0,False,11
random_13,2026-08-13,2,8,0.0,True,12
random_13,2026-08-14,2,7,-2.0,True,13
random_13,2026-08-15,2,6,2.0,False,14
random_13,2026-08-16,2,5,2.0,False,15
random_13,2026-08-17,2,12,4.0,True,16
random_13,2026-08-18,2,13,4.0,True,17
random_13,2026-08-19,2,0,1.0,False,18
random_13,2026-08-20,2,8,1.0,False,19
random_13,2026-08-21,2,15,4.0,True,20
random_13,2026-08-22,2,9,1.0,False,21
random_13,2026-08-23,2,11,0.0,True,22
random_13,2026-08-24,2,18,1.0,False,23
random_13,2026-08-25,2,0,2.0,True,24
random_13,2026-08-26,2,12,-5.0,False,25
random_13,2026-08-27,2,5,0.0,True,26
random_13,2026-08-28,2,13,-0.0,False,27
random_13,2026-08-29,2,10,-2.0,True,28
random_13,2026-08-30,2,17,3.0,False,29
random_13,2026-08-31,2,4,0.0,True,30
random_13,2026-09-01,2,1,-1.0,False,31
random_13,2026-09-02,2,6,-1.0,True,32
random_13,2026-09-03,2,7,-0.0,False,33
random_13,2026-09-04,2,3,-3.0,False,34
random_13,2026-09-05,2,16,0.0,True,35
random_13,2026-09-06,2,14,-0.0,False,36
random_13,2026-09-07,2,19,3.0,True,37
random_13,2026-08-01,3,19,1.0,True,0
random_13,2026-08-02,3,12,-1.0,False,1
random_13,2026-08-03,3,18,-1.0,True,2
random_13,2026-08-04,3,0,-1.0,False,3
random_13,2026-08-05,3,5,2.0,True,4
random_13,2026-08-06,3,2,2.0,False,5
random_13,2026-08-07,3,13,-3.0,True,6
random_13,2026-08-08,3,10,-0.0,False,7
random_13,2026-08-09,3,17,-1.0,True,8
random_13,2026-08-10,3,4,-0.0,False,9
random_13,2026-08-11,3,8,-2.0,True,10
random_13,2026-08-12,3,15,1.0,False,11
random_13,2026-08-13,3,1,2.0,True,12
random_13,2026-08-14,3,14,-3.0,True,13
random_13,2026-08-15,3,9,-1.0,False,14
random_13,2026-08-16,3,16,-4.0,True,15
random_13,2026-08-17,3,11,-1.0,False,16
random_13,2026-08-18,3,6,-0.0,False,17
random_13,2026-08-19,3,7,0.0,True,18
random_13,2026-08-20,3,1,1.0,False,19
random_13,2026-08-21,3,4,0.0,True,20
random_13,2026-08-22,3,8,-1.0,False,21
random_13,2026-08-23,3,15,-1.0,True,22
random_13,2026-08-24,3,17,-0.0,False,23
random_13,2026-08-25,3,7,-2.0,False,24
random_13,2026-08-26,3,6,0.0,True,25
random_13,2026-08-27,3,16,6.0,False,26
random_13,2026-08-28,3,11,1.0,True,27
random_13,2026-08-29,3,18,-0.0,False,28
random_13,2026-08-30,3,0,2.0,True,29
random_13,2026-08-31,3,19,-2.0,False,30
random_13,2026-09-01,3,12,0.0,True,31
random_13,2026-09-02,3,9,-1.0,True,32
random_13,2026-09-03,3,14,-3.0,False,33
random_13,2026-09-04,3,2,3.0,True,34
random_13,2026-09-05,3,13,3.0,False,35
random_13,2026-09-06,3,10,-1.0,True,36
random_13,2026-09-07,3,5,-2.0,False,37
random_13,2026-08-01,4,2,1.0,True,0
random_13,2026-08-02,4,5,-0.0,False,1
random_13,2026-08-03,4,12,-1.0,True,2
random_13,2026-08-04,4,6,-1.0,False,3
random_13,2026-08-05,4,1,1.0,True,4
random_13,2026-08-06,4,18,-0.0,False,5
random_13,2026-08-07,4,7,2.0,True,6
random_13,2026-08-08,4,13,-0.0,False,7
random_13,2026-08-09,4,14,-1.0,False,8
random_13,2026-08-10,4,3,0.0,True,9
random_13,2026-08-11,4,10,3.0,False,10
random_13,2026-08-12,4,16,2.0,True,11
random_13,2026-08-13,4,0,-0.0,False,12
random_13,2026-08-14,4,17,2.0,False,13
random_13,2026-08-15,4,8,-1.0,True,14
random_13,2026-08-16,4,11,0.0,True,15
random_13,2026-08-17,4,9,-1.0,False,16
random_13,2026-08-18,4,19,-2.0,False,17
random_13,2026-08-19,4,15,0.0,True,18
random_13,2026-08-20,4,0,0.0,True,19
random_13,2026-08-21,4,3,-0.0,False,20
random_13,2026-08-22,4,14,0.0,True,21
random_13,2026-08-23,4,16,-3.0,False,22
random_13,2026-08-24,4,10,2.0,True,23
random_13,2026-08-25,4,15,-4.0,False,24
random_13,2026-08-26,4,19,-1.0,True,25
random_13,2026-08-27,4,11,-1.0,False,26
random_13,2026-08-28,4,9,-2.0,True,27
random_13,2026-08-29,4,12,-4.0,False,28
random_13,2026-08-30,4,6,0.0,True,29
random_13,2026-08-31,4,2,-0.0,False,30
random_13,2026-09-01,4,5,1.0,True,31
random_13,2026-09-02,4,8,-1.0,False,32
random_13,2026-09-03,4,17,1.0,True,33
random_13,2026-09-04,4,18,1.0,True,34
random_13,2026-09-05,4,7,-0.0,False,35
random_13,2026-09-06,4,13,0.0,True,36
random_13,2026-09-07,4,1,1.0,False,37
random_13,2026-08-01,5,9,-4.0,False,0
random_13,2026-08-02,5,4,0.0,True,1
random_13,2026-08-03,5,1,2.0,False,2
random_13,2026-08-04,5,10,0.0,True,3
random_13,2026-08-05,5,3,-2.0,False,4
random_13,2026-08-06,5,0,1.0,True,5
random_13,2026-08-07,5,8,-0.0,False,6
random_13,2026-08-08,5,19,0.0,True,7
random_13,2026-08-09,5,15,0.0,True,8
random_13,2026-08-10,5,18,-1.0,False,9
random_13,2026-08-11,5,12,-2.0,True,10
random_13,2026-08-12,5,17,-2.0,False,11
random_13,2026-08-13,5,7,-1.0,True,12
random_13,2026-08-14,5,13,-2.0,True,13
random_13,2026-08-15,5,14,-4.0,False,14
random_13,2026-08-16,5,2,-2.0,True,15
random_13,2026-08-17,5,6,-0.0,False,16
random_13,2026-08-18,5,11,1.0,False,17
random_13,2026-08-19,5,16,-3.0,True,18
random_13,2026-08-20,5,7,5.0,False,19
random_13,2026-08-21,5,18,1.0,True,20
random_13,2026-08-22,5,12,1.0,False,21
random_13,2026-08-23,5,17,-1.0,True,22
random_13,2026-08-24,5,15,3.0,False,23
random_13,2026-08-25,5,16,1.0,False,24
random_13,2026-08-26,5,11,-1.0,True,25
random_13,2026-08-27,5,2,-0.0,False,26
random_13,2026-08-28,5,6,0.0,True,27
random_13,2026-08-29,5,1,-2.0,True,28
random_13,2026-08-30,5,10,1.0,False,29
random_13,2026-08-31,5,9,1.0,True,30
random_13,2026-09-01,5,4,-1.0,False,31
random_13,2026-09-02,5,14,1.0,True,32
random_13,2026-09-03,5,13,3.0,False,33
random_13,2026-09-04,5,19,-0.0,False,34
random_13,2026-09-05,5,8,2.0,True,35
random_13,2026-09-06,5,0,2.0,False,36
random_13,2026-09-07,5,3,2.0,True,37
random_13,2026-08-01,6,1,-1.0,False,0
random_13,2026-08-02,6,10,0.0,True,1
random_13,2026-08-03,6,14,1.0,False,2
random_13,2026-08-04,6,4,1.0,True,3
random_13,2026-08-05,6,17,1.0,False,4
random_13,2026-08-06,6,16,1.0,True,5
random_13,2026-08-07,6,19,1.0,False,6
random_13,2026-08-08,6,9,1.0,True,7
random_13,2026-08-09,6,18,-2.0,True,8
random_13,2026-08-10,6,8,2.0,False,9
random_13,2026-08-11,6,7,0.0,True,10
random_13,2026-08-12,6,12,-3.0,False,11
random_13,2026-08-13,6,11,-1.0,True,12
random_13,2026-08-14,6,15,-0.0,False,13
random_13,2026-08-15,6,2,-2.0,True,14
random_13,2026-08-16,6,0,-0.0,False,15
random_13,2026-08-17,6,5,0.0,True,16
random_13,2026-08-18,6,3,0.0,True,17
random_13,2026-08-19,6,13,-2.0,False,18
random_13,2026-08-20,6,11,1.0,False,19
random_13,2026-08-21,6,8,1.0,True,20
random_13,2026-08-22,6,18,1.0,False,21
random_13,2026-08-23,6,12,1.0,True,22
random_13,2026-08-24,6,7,1.0,False,23
random_13,2026-08-25,6,13,-2.0,True,24
random_13,2026-08-26,6,3,-0.0,False,25
random_13,2026-08-27,6,0,0.0,True,26
random_13,2026-08-28,6,5,-0.0,False,27
random_13,2026-08-29,6,14,1.0,True,28
random_13,2026-08-30,6,4,-0.0,False,29
random_13,2026-08-31,6,1,3.0,True,30
random_13,2026-09-01,6,10,-0.0,False,31
random_13,2026-09-02,6,2,1.0,False,32
random_13,2026-09-03,6,15,1.0,True,33
random_13,2026-09-04,6,16,-1.0,False,34
random_13,2026-09-05,6,19,1.0,True,35
random_13,2026-09-06,6,9,-1.0,False,36
random_13,2026-09-07,6,17,-2.0,True,37
random_13,2026-08-01,7,8,1.0,False,0
random_13,2026-08-02,7,14,0.0,True,1
random_13,2026-08-03,7,9,-2.0,False,2
random_13,2026-08-04,7,11,0.0,True,3
random_13,2026-08-05,7,12,-4.0,False,4
random_13,2026-08-06,7,17,-2.0,True,5
random_13,2026-08-07,7,4,-2.0,False,6
random_13,2026-08-08,7,16,0.0,True,7
random_13,2026-08-09,7,19,-2.0,False,8
random_13,2026-08-10,7,13,3.0,True,9
random_13,2026-08-11,7,6,-0.0,False,10
random_13,2026-08-12,7,10,3.0,True,11
random_13,2026-08-13,7,5,1.0,False,12
random_13,2026-08-14,7,2,2.0,False,13
random_13,2026-08-15,7,15,0.0,True,14
random_13,2026-08-16,7,18,-1.0,False,15
random_13,2026-08-17,7,1,-3.0,True,16
random_13,2026-08-18,7,0,1.0,True,17
random_13,2026-08-19,7,3,-0.0,False,18
random_13,2026-08-20,7,5,-5.0,True,19
random_13,2026-08-21,7,13,1.0,False,20
random_13,2026-08-22,7,19,1.0,True,21
random_13,2026-08-23,7,10,-2.0,False,22
random_13,2026-08-24,7,6,-1.0,True,23
random_13,2026-08-25,7,3,2.0,True,24
random_13,2026-08-26,7,0,-2.0,False,25
random_13,2026-08-27,7,18,-1.0,True,26
random_13,2026-08-28,7,1,-2.0,False,27
random_13,2026-08-29,7,9,1.0,True,28
random_13,2026-08-30,7,11,-1.0,False,29
random_13,2026-08-31,7,8,0.0,True,30
random_13,2026-09-01,7,14,1.0,False,31
random_13,2026-09-02,7,15,2.0,False,32
random_13,2026-09-03,7,2,0.0,True,33
random_13,2026-09-04,7,17,2.0,False,34
random_13,2026-09-05,7,4,0.0,True,35
random_13,2026-09-06,7,16,-0.0,False,36
random_13,2026-09-07,7,12,1.0,True,37
random_13,2026-08-01,8,7,-1.0,True,0
random_13,2026-08-02,8,0,-1.0,False,1
random_13,2026-08-03,8,15,-3.0,True,2
random_13,2026-08-04,8,19,-1.0,False,3
random_13,2026-08-05,8,11,-3.0,True,4
random_13,2026-08-06,8,10,-2.0,False,5
random_13,2026-08-07,8,5,0.0,True,6
random_13,2026-08-08,8,1,-0.0,False,7
random_13,2026-08-09,8,16,1.0,False,8
random_13,2026-08-10,8,6,-2.0,True,9
random_13,2026-08-11,8,3,2.0,False,10
random_13,2026-08-12,8,13,1.0,True,11
random_13,2026-08-13,8,2,-0.0,False,12
random_13,2026-08-14,8,9,-2.0,True,13
random_13,2026-08-15,8,4,1.0,False,14
random_13,2026-08-16,8,17,-0.0,False,15
random_13,2026-08-17,8,18,-1.0,True,16
random_13,2026-08-18,8,14,-2.0,True,17
random_13,2026-08-19,8,12,3.0,False,18
random_13,2026-08-20,8,2,-1.0,True,19
random_13,2026-08-21,8,6,-1.0,False,20
random_13,2026-08-22,8,3,1.0,True,21
random_13,2026-08-23,8,13,-0.0,False,22
random_13,2026-08-24,8,16,-5.0,True,23
random_13,2026-08-25,8,12,0.0,True,24
random_13,2026-08-26,8,18,-0.0,False,25
random_13,2026-08-27,8,17,-1.0,True,26
random_13,2026-08-28,8,14,-3.0,False,27
random_13,2026-08-29,8,15,-1.0,False,28
random_13,2026-08-30,8,19,-1.0,True,29
random_13,2026-08-31,8,7,-0.0,False,30
random_13,2026-09-01,8,0,0.0,True,31
random_13,2026-09-02,8,4,1.0,True,32
random_13,2026-09-03,8,9,-1.0,False,33
random_13,2026-09-04,8,10,2.0,True,34
random_13,2026-09-05,8,5,-2.0,False,35
random_13,2026-09-06,8,1,-1.0,True,36
random_13,2026-09-07,8,11,5.0,False,37
random_13,2026-08-01,9,5,4.0,True,0
random_13,2026-08-02,9,18,1.0,False,1
random_13,2026-08-03,9,7,2.0,True,2
random_13,2026-08-04,9,13,-3.0,False,3
random_13,2026-08-05,9,15,2.0,True,4
random_13,2026-08-06,9,11,-1.0,False,5
random_13,2026-08-07,9,10,0.0,True,6
random_13,2026-08-08,9,6,-1.0,False,7
random_13,2026-08-09,9,2,-1.0,False,8
random_13,2026-08-10,9,16,2.0,True,9
random_13,2026-08-11,9,14,-2.0,False,10
random_13,2026-08-12,9,0,1.0,True,11
random_13,2026-08-13,9,19,-0.0,False,12
random_13,2026-08-14,9,8,2.0,False,13
random_13,2026-08-15,9,3,1.0,True,14
random_13,2026-08-16,9,12,2.0,False,15
random_13,2026-08-17,9,4,1.0,True,16
random_13,2026-08-18,9,1,-2.0,True,17
random_13,2026-08-19,9,17,-1.0,False,18
random_13,2026-08-20,9,19,0.0,True,19
random_13,2026-08-21,9,16,1.0,False,20
random_13,2026-08-22,9,2,-1.0,True,21
random_13,2026-08-23,9,0,-2.0,False,22
random_13,2026-08-24,9,14,0.0,True,23
random_13,2026-08-25,9,17,-1.0,True,24
random_13,2026-08-26,9,1,1.0,False,25
random_13,2026-08-27,9,12,-1.0,True,26
random_13,2026-08-28,9,4,2.0,False,27
random_13,2026-08-29,9,7,-1.0,False,28
random_13,2026-08-30,9,13,1.0,True,29
random_13,2026-08-31,9,5,-1.0,False,30
random_13,2026-09-01,9,18,0.0,True,31
random_13,2026-09-02,9,3,1.0,False,32
random_13,2026-09-03,9,8,1.0,True,33
random_13,2026-09-04,9,11,1.0,True,34
random_13,2026-09-05,9,10,2.0,False,35
random_13,2026-09-06,9,6,1.0,True,36
random_13,2026-09-07,9,15,-1.0,False,37
random_13,2026-08-01,10,15,0.0,True,0
random_13,2026-08-02,10,6,-0.0,False,1
random_13,2026-08-03,10,2,0.0,True,2
random_13,2026-08-04,10,5,-0.0,False,3
random_13,2026-08-05,10,16,1.0,False,4
random_13,2026-08-06,10,8,2.0,True,5
random_13,2026-08-07,10,9,-0.0,False,6
random_13,2026-08-08,10,3,0.0,True,7
random_13,2026-08-09,10,11,0.0,True,8
random_13,2026-08-10,10,1,-2.0,False,9
random_13,2026-08-11,10,4,-3.0,True,10
random_13,2026-08-12,10,7,-3.0,False,11
random_13,2026-08-13,10,17,1.0,True,12
random_13,2026-08-14,10,0,-0.0,False,13
random_13,2026-08-15,10,19,-2.0,True,14
random_13,2026-08-16,10,14,-0.0,False,15
random_13,2026-08-17,10,13,-1.0,True,16
random_13,2026-08-18,10,12,1.0,True,17
random_13,2026-08-19,10,18,-2.0,False,18
random_13,2026-08-20,10,17,-0.0,False,19
random_13,2026-08-21,10,1,-4.0,True,20
random_13,2026-08-22,10,11,-2.0,False,21
random_13,2026-08-23,10,7,2.0,True,22
random_13,2026-08-24,10,4,-2.0,False,23
random_13,2026-08-25,10,18,2.0,True,24
random_13,2026-08-26,10,13,1.0,False,25
random_13,2026-08-27,10,14,5.0,True,26
random_13,2026-08-28,10,12,2.0,False,27
random_13,2026-08-29,10,2,2.0,False,28
random_13,2026-08-30,10,5,-1.0,True,29
random_13,2026-08-31,10,15,1.0,False,30
random_13,2026-09-01,10,6,0.0,True,31
random_13,2026-09-02,10,19,-1.0,False,32
random_13,2026-09-03,10,0,-2.0,True,33
random_13,2026-09-04,10,8,-2.0,False,34
random_13,2026-09-05,10,9,-2.0,True,35
random_13,2026-09-06,10,3,1.0,False,36
random_13,2026-09-07,10,16,1.0,True,37
random_13,2026-08-01,11,18,-1.0,True,0
random_13,2026-08-02,11,15,2.0,False,1
random_13,2026-08-03,11,13,2.0,True,2
random_13,2026-08-04,11,7,-0.0,False,3
random_13,2026-08-05,11,8,3.0,False,4
random_13,2026-08-06,11,9,1.0,True,5
random_13,2026-08-07,11,14,1.0,False,6
random_13,2026-08-08,11,17,0.0,True,7
random_13,2026-08-09,11,10,-0.0,False,8
random_13,2026-08-10,11,0,0.0,True,9
random_13,2026-08-11,11,19,2.0,False,10
random_13,2026-08-12,11,2,2.0,True,11
random_13,2026-08-13,11,6,1.0,False,12
random_13,2026-08-14,11,12,1.0,False,13
random_13,2026-08-15,11,16,0.0,True,14
random_13,2026-08-16,11,4,-0.0,False,15
random_13,2026-08-17,11,3,1.0,True,16
random_13,2026-08-18,11,5,-1.0,True,17
random_13,2026-08-19,11,1,-2.0,False,18
random_13,2026-08-20,11,6,-1.0,True,19
random_13,2026-08-21,11,0,-0.0,False,20
random_13,2026-08-22,11,10,2.0,True,21
random_13,2026-08-23,11,2,-0.0,False,22
random_13,2026-08-24,11,19,2.0,True,23
random_13,2026-08-25,11,1,0.0,True,24
random_13,2026-08-26,11,5,1.0,False,25
random_13,2026-08-27,11,4,1.0,True,26
random_13,2026-08-28,11,3,-1.0,False,27
random_13,2026-08-29,11,13,-2.0,False,28
random_13,2026-08-30,11,7,1.0,True,29
random_13,2026-08-31,11,18,1.0,False,30
random_13,2026-09-01,11,15,-1.0,True,31
random_13,2026-09-02,11,16,-1.0,False,32
random_13,2026-09-03,11,12,1.0,True,33
random_13,2026-09-04,11,9,-1.0,False,34
random_13,2026-09-05,11,14,0.0,True,35
random_13,2026-09-06,11,17,-4.0,False,36
random_13,2026-09-07,11,8,-5.0,True,37
random_13,2026-08-01,12,17,1.0,False,0
random_13,2026-08-02,12,3,1.0,True,1
random_13,2026-08-03,12,4,1.0,False,2
random_13,2026-08-04,12,16,4.0,True,3
random_13,2026-08-05,12,7,4.0,True,4
random_13,2026-08-06,12,1,1.0,False,5
random_13,2026-08-07,12,15,-1.0,True,6
random_13,2026-08-08,12,18,-0.0,False,7
random_13,2026-08-09,12,0,1.0,False,8
random_13,2026-08-10,12,19,-2.0,True,9
random_13,2026-08-11,12,5,2.0,False,10
random_13,2026-08-12,12,6,3.0,True,11
random_13,2026-08-13,12,14,-0.0,False,12
random_13,2026-08-14,12,11,-1.0,True,13
random_13,2026-08-15,12,13,2.0,False,14
random_13,2026-08-16,12,9,-2.0,True,15
random_13,2026-08-17,12,2,-4.0,False,16
random_13,2026-08-18,12,10,-1.0,False,17
random_13,2026-08-19,12,8,-3.0,True,18
random_13,2026-08-20,12,14,-2.0,True,19
random_13,2026-08-21,12,19,-3.0,False,20
random_13,2026-08-22,12,5,-1.0,True,21
random_13,2026-08-23,12,6,-1.0,False,22
random_13,2026-08-24,12,0,-3.0,True,23
random_13,2026-08-25,12,8,-0.0,False,24
random_13,2026-08-26,12,2,5.0,True,25
random_13,2026-08-27,12,9,1.0,False,26
random_13,2026-08-28,12,10,-2.0,True,27
random_13,2026-08-29,12,4,4.0,True,28
random_13,2026-08-30,12,16,-0.0,False,29
random_13,2026-08-31,12,17,2.0,True,30
random_13,2026-09-01,12,3,-0.0,False,31
random_13,2026-09-02,12,13,1.0,True,32
random_13,2026-09-03,12,11,-1.0,False,33
random_13,2026-09-04,12,1,1.0,True,34
random_13,2026-09-05,12,15,-3.0,False,35
random_13,2026-09-06,12,18,4.0,True,36
random_13,2026-09-07,12,7,-1.0,False,37
random_13,2026-08-01,13,16,-1.0,False,0
random_13,2026-08-02,13,17,-1.0,True,1
random_13,2026-08-03,13,11,-2.0,False,2
random_13,2026-08-04,13,9,3.0,True,3
random_13,2026-08-05,13,0,-2.0,False,4
random_13,2026-08-06,13,14,0.0,True,5
random_13,2026-08-07,13,3,3.0,False,6
random_13,2026-08-08,13,4,0.0,True,7
random_13,2026-08-09,13,1,-1.0,True,8
random_13,2026-08-10,13,7,-3.0,False,9
random_13,2026-08-11,13,15,3.0,True,10
random_13,2026-08-12,13,8,-1.0,False,11
random_13,2026-08-13,13,18,2.0,True,12
random_13,2026-08-14,13,5,2.0,False,13
random_13,2026-08-15,13,12,-2.0,True,14
random_13,2026-08-16,13,19,0.0,True,15
random_13,2026-08-17,13,10,1.0,False,16
random_13,2026-08-18,13,2,-4.0,False,17
random_13,2026-08-19,13,6,2.0,True,18
random_13,2026-08-20,13,18,1.0,False,19
random_13,2026-08-21,13,7,-1.0,True,20
random_13,2026-08-22,13,15,1.0,False,21
random_13,2026-08-23,13,8,0.0,True,22
random_13,2026-08-24,13,1,3.0,False,23
random_13,2026-08-25,13,6,2.0,False,24
random_13,2026-08-26,13,10,-1.0,True,25
random_13,2026-08-27,13,19,-3.0,False,26
random_13,2026-08-28,13,2,0.0,True,27
random_13,2026-08-29,13,11,2.0,True,28
random_13,2026-08-30,13,9,-1.0,False,29
random_13,2026-08-31,13,16,-1.0,True,30
random_13,2026-09-01,13,17,4.0,False,31
random_13,2026-09-02,13,12,-1.0,False,32
random_13,2026-09-03,13,5,-3.0,True,33
random_13,2026-09-04,13,14,-0.0,False,34
random_13,2026-09-05,13,3,-3.0,True,35
random_13,2026-09-06,13,4,-0.0,False,36
random_13,2026-09-07,13,0,-3.0,True,37
random_13,2026-08-01,14,0,2.0,True,0
random_13,2026-08-02,14,7,-0.0,False,1
random_13,2026-08-03,14,6,-1.0,True,2
random_13,2026-08-04,14,15,-0.0,False,3
random_13,2026-08-05,14,18,2.0,True,4
random_13,2026-08-06,14,13,-0.0,False,5
random_13,2026-08-07,14,11,-1.0,True,6
random_13,2026-08-08,14,2,1.0,False,7
random_13,2026-08-09,14,4,1.0,True,8
random_13,2026-08-10,14,17,-0.0,False,9
random_13,2026-08-11,14,9,2.0,True,10
random_13,2026-08-12,14,1,2.0,False,11
random_13,2026-08-13,14,12,0.0,True,12
random_13,2026-08-14,14,3,3.0,False,13
random_13,2026-08-15,14,5,4.0,True,14
random_13,2026-08-16,14,10,0.0,True,15
random_13,2026-08-17,14,16,3.0,False,16
random_13,2026-08-18,14,8,2.0,False,17
random_13,2026-08-19,14,19,2.0,True,18
random_13,2026-08-20,14,12,2.0,False,19
random_13,2026-08-21,14,17,2.0,True,20
random_13,2026-08-22,14,4,-0.0,False,21
random_13,2026-08-23,14,1,1.0,True,22
random_13,2026-08-24,14,9,-0.0,False,23
random_13,2026-08-25,14,19,2.0,False,24
random_13,2026-08-26,14,16,1.0,True,25
random_13,2026-08-27,14,10,-5.0,False,26
random_13,2026-08-28,14,8,3.0,True,27
random_13,2026-08-29,14,6,-1.0,False,28
random_13,2026-08-30,14,15,-1.0,True,29
random_13,2026-08-31,14,0,-2.0,False,30
random_13,2026-09-01,14,7,-1.0,True,31
random_13,2026-09-02,14,5,-1.0,False,32
random_13,2026-09-03,14,3,3.0,True,33
random_13,2026-09-04,14,13,0.0,True,34
random_13,2026-09-05,14,11,-0.0,False,35
random_13,2026-09-06,14,2,0.0,True,36
random_13,2026-09-07,14,18,5.0,False,37
random_13,2026-08-01,15,10,-0.0,False,0
random_13,2026-08-02,15,11,-2.0,True,1
random_13,2026-08-03,15,8,3.0,False,2
random_13,2026-08-04,15,14,0.0,True,3
random_13,2026-08-05,15,9,-2.0,False,4
random_13,2026-08-06,15,19,0.0,True,5
random_13,2026-08-07,15,12,1.0,False,6
random_13,2026-08-08,15,0,0.0,True,7
random_13,2026-08-09,15,5,-0.0,False,8
random_13,2026-08-10,15,2,-2.0,True,9
random_13,2026-08-11,15,13,-3.0,False,10
random_13,2026-08-12,15,3,-1.0,True,11
random_13,2026-08-13,15,16,-3.0,False,12
random_13,2026-08-14,15,6,0.0,True,13
random_13,2026-08-15,15,7,-0.0,False,14
random_13,2026-08-16,15,1,-3.0,False,15
random_13,2026-08-17,15,17,-1.0,True,16
random_13,2026-08-18,15,18,0.0,True,17
random_13,2026-08-19,15,4,-0.0,False,18
random_13,2026-08-20,15,16,1.0,True,19
random_13,2026-08-21,15,2,-4.0,False,20
random_13,2026-08-22,15,13,-1.0,True,21
random_13,2026-08-23,15,3,1.0,False,22
random_13,2026-08-24,15,5,-3.0,True,23
random_13,2026-08-25,15,4,4.0,True,24
random_13,2026-08-26,15,17,-0.0,False,25
random_13,2026-08-27,15,1,2.0,True,26
random_13,2026-08-28,15,18,-0.0,False,27
random_13,2026-08-29,15,8,1.0,True,28
random_13,2026-08-30,15,14,1.0,False,29
random_13,2026-08-31,15,10,-1.0,True,30
random_13,2026-09-01,15,11,1.0,False,31
random_13,2026-09-02,15,7,-2.0,True,32
random_13,2026-09-03,15,6,-1.0,False,33
random_13,2026-09-04,15,0,1.0,False,34
random_13,2026-09-05,15,12,3.0,True,35
random_13,2026-09-06,15,19,2.0,False,36
random_13,2026-09-07,15,9,1.0,True,37
random_13,2026-08-01,16,13,1.0,True,0
random_13,2026-08-02,16,19,3.0,False,1
random_13,2026-08-03,16,0,-3.0,True,2
random_13,2026-08-04,16,12,-4.0,False,3
random_13,2026-08-05,16,10,-1.0,True,4
random_13,2026-08-06,16,6,-1.0,False,5
random_13,2026-08-07,16,2,0.0,True,6
random_13,2026-08-08,16,7,-0.0,False,7
random_13,2026-08-09,16,8,-1.0,True,8
random_13,2026-08-10,16,9,-2.0,False,9
random_13,2026-08-11,16,1,0.0,True,10
random_13,2026-08-12,16,4,-2.0,False,11
random_13,2026-08-13,16,15,3.0,True,12
random_13,2026-08-14,16,18,0.0,True,13
random_13,2026-08-15,16,11,-0.0,False,14
random_13,2026-08-16,16,3,4.0,False,15
random_13,2026-08-17,16,14,-3.0,True,16
random_13,2026-08-18,16,17,6.0,True,17
random_13,2026-08-19,16,5,3.0,False,18
random_13,2026-08-20,16,15,-1.0,False,19
random_13,2026-08-21,16,9,-1.0,True,20
random_13,2026-08-22,16,1,3.0,False,21
random_13,2026-08-23,16,4,3.0,True,22
random_13,2026-08-24,16,8,5.0,False,23
random_13,2026-08-25,16,5,-1.0,True,24
random_13,2026-08-26,16,14,-1.0,False,25
random_13,2026-08-27,16,3,-6.0,True,26
random_13,2026-08-28,16,17,-3.0,False,27
random_13,2026-08-29,16,0,2.0,False,28
random_13,2026-08-30,16,12,0.0,True,29
random_13,2026-08-31,16,13,1.0,False,30
random_13,2026-09-01,16,19,-1.0,True,31
random_13,2026-09-02,16,11,1.0,True,32
random_13,2026-09-03,16,18,-0.0,False,33
random_13,2026-09-04,16,6,1.0,True,34
random_13,2026-09-05,16,2,-0.0,False,35
random_13,2026-09-06,16,7,0.0,True,36
random_13,2026-09-07,16,10,-1.0,False,37
random_13,2026-08-01,17,12,-1.0,True,0
random_13,2026-08-02,17,13,1.0,False,1
random_13,2026-08-03,17,19,-5.0,True,2
random_13,2026-08-04,17,2,-0.0,False,3
random_13,2026-08-05,17,6,-1.0,True,4
random_13,2026-08-06,17,7,2.0,False,5
random_13,2026-08-07,17,1,-2.0,True,6
random_13,2026-08-08,17,11,-0.0,False,7
random_13,2026-08-09,17,3,1.0,False,8
random_13,2026-08-10,17,14,0.0,True,9
random_13,2026-08-11,17,0,-3.0,False,10
random_13,2026-08-12,17,5,2.0,True,11
random_13,2026-08-13,17,10,-1.0,False,12
random_13,2026-08-14,17,4,-2.0,True,13
random_13,2026-08-15,17,18,-1.0,False,14
random_13,2026-08-16,17,8,0.0,True,15
random_13,2026-08-17,17,15,1.0,False,16
random_13,2026-08-18,17,16,-6.0,False,17
random_13,2026-08-19,17,9,1.0,True,18
random_13,2026-08-20,17,10,0.0,True,19
random_13,2026-08-21,17,14,-2.0,False,20
random_13,2026-08-22,17,0,-1.0,True,21
random_13,2026-08-23,17,5,1.0,False,22
random_13,2026-08-24,17,3,0.0,True,23
random_13,2026-08-25,17,9,1.0,False,24
random_13,2026-08-26,17,15,0.0,True,25
random_13,2026-08-27,17,8,1.0,False,26
random_13,2026-08-28,17,16,3.0,True,27
random_13,2026-08-29,17,19,2.0,False,28
random_13,2026-08-30,17,2,-3.0,True,29
random_13,2026-08-31,17,12,-2.0,False,30
random_13,2026-09-01,17,13,-4.0,True,31
random_13,2026-09-02,17,18,0.0,True,32
random_13,2026-09-03,17,4,-1.0,False,33
random_13,2026-09-04,17,7,-2.0,True,34
random_13,2026-09-05,17,1,-0.0,False,35
random_13,2026-09-06,17,11,4.0,True,36
random_13,2026-09-07,17,6,2.0,False,37
random_13,2026-08-01,18,11,1.0,False,0
random_13,2026-08-02,18,9,-1.0,True,1
random_13,2026-08-03,18,3,1.0,False,2
random_13,2026-08-04,18,1,0.0,True,3
random_13,2026-08-05,18,14,-2.0,False,4
random_13,2026-08-06,18,4,0.0,True,5
random_13,2026-08-07,18,0,-3.0,False,6
random_13,2026-08-08,18,12,0.0,True,7
random_13,2026-08-09,18,6,2.0,False,8
random_13,2026-08-10,18,5,1.0,True,9
random_13,2026-08-11,18,2,-2.0,False,10
random_13,2026-08-12,18,19,0.0,True,11
random_13,2026-08-13,18,13,-2.0,False,12
random_13,2026-08-14,18,16,-0.0,False,13
random_13,2026-08-15,18,17,1.0,True,14
random_13,2026-08-16,18,7,1.0,True,15
random_13,2026-08-17,18,8,1.0,False,16
random_13,2026-08-18,18,15,-0.0,False,17
random_13,2026-08-19,18,10,2.0,True,18
random_13,2026-08-20,18,13,-1.0,True,19
random_13,2026-08-21,18,5,-1.0,False,20
random_13,2026-08-22,18,6,-1.0,True,21
random_13,2026-08-23,18,19,3.0,False,22
random_13,2026-08-24,18,2,-1.0,True,23
random_13,2026-08-25,18,10,-2.0,False,24
random_13,2026-08-26,18,8,0.0,True,25
random_13,2026-08-27,18,7,1.0,False,26
random_13,2026-08-28,18,15,0.0,True,27
random_13,2026-08-29,18,3,0.0,True,28
random_13,2026-08-30,18,1,2.0,False,29
random_13,2026-08-31,18,11,-1.0,True,30
random_13,2026-09-01,18,9,-0.0,False,31
random_13,2026-09-02,18,17,-0.0,False,32
random_13,2026-09-03,18,16,0.0,True,33
random_13,2026-09-04,18,4,-1.0,False,34
random_13,2026-09-05,18,0,-2.0,True,35
random_13,2026-09-06,18,12,-4.0,False,36
random_13,2026-09-07,18,14,-5.0,True,37
random_13,2026-08-01,19,3,-1.0,False,0
random_13,2026-08-02,19,16,-3.0,True,1
random_13,2026-08-03,19,17,5.0,False,2
random_13,2026-08-04,19,8,1.0,True,3
random_13,2026-08-05,19,2,2.0,True,4
random_13,2026-08-06,19,15,-0.0,False,5
random_13,2026-08-07,19,6,-1.0,True,6
random_13,2026-08-08,19,5,-0.0,False,7
random_13,2026-08-09,19,7,2.0,True,8
random_13,2026-08-10,19,12,2.0,False,9
random_13,2026-08-11,19,11,-2.0,True,10
random_13,2026-08-12,19,18,-0.0,False,11
random_13,2026-08-13,19,9,0.0,True,12
random_13,2026-08-14,19,1,-2.0,True,13
random_13,2026-08-15,19,10,2.0,False,14
random_13,2026-08-16,19,13,-0.0,False,15
random_13,2026-08-17,19,0,-1.0,True,16
random_13,2026-08-18,19,4,2.0,True,17
random_13,2026-08-19,19,14,-2.0,False,18
random_13,2026-08-20,19,9,-0.0,False,19
random_13,2026-08-21,19,12,3.0,True,20
random_13,2026-08-22,19,7,-1.0,False,21
random_13,2026-08-23,19,18,-3.0,True,22
random_13,2026-08-24,19,11,-2.0,False,23
random_13,2026-08-25,19,14,-2.0,True,24
random_13,2026-08-26,19,4,1.0,False,25
random_13,2026-08-27,19,13,3.0,True,26
random_13,2026-08-28,19,0,-0.0,False,27
random_13,2026-08-29,19,17,-2.0,True,28
random_13,2026-08-30,19,8,1.0,False,29
random_13,2026-08-31,19,3,2.0,True,30
random_13,2026-09-01,19,16,1.0,False,31
random_13,2026-09-02,19,10,1.0,True,32
random_13,2026-09-03,19,1,-0.0,False,33
random_13,2026-09-04,19,5,0.0,True,34
random_13,2026-09-05,19,6,-1.0,False,35
random_13,2026-09-06,19,15,-2.0,True,36
random_13,2026-09-07,19,2,-3.0,False,37
random_14,2026-08-01,0,14,4.0,False,0
random_14,2026-08-02,0,8,3.0,True,1
random_14,2026-08-03,0,16,-1.0,False,2
random_14,2026-08-04,0,3,-1.0,True,3
random_14,2026-08-05,0,13,0.0,True,4
random_14,2026-08-06,0,5,-1.0,False,5
random_14,2026-08-07,0,18,-1.0,True,6
random_14,2026-08-08,0,15,-0.0,False,7
random_14,2026-08-09,0,12,-1.0,True,8
random_14,2026-08-10,0,11,3.0,False,9
random_14,2026-08-11,0,17,-1.0,True,10
random_14,2026-08-12,0,9,-1.0,False,11
random_14,2026-08-13,0,4,1.0,True,12
random_14,2026-08-14,0,10,2.0,True,13
random_14,2026-08-15,0,1,5.0,False,14
random_14,2026-08-16,0,6,3.0,True,15
random_14,2026-08-17,0,19,1.0,False,16
random_14,2026-08-18,0,7,1.0,False,17
random_14,2026-08-19,0,2,1.0,True,18
random_14,2026-08-20,0,4,-2.0,False,19
random_14,2026-08-21,0,11,3.0,True,20
random_14,2026-08-22,0,17,-0.0,False,21
random_14,2026-08-23,0,9,0.0,True,22
random_14,2026-08-24,0,12,-3.0,False,23
random_14,2026-08-25,0,2,-1.0,False,24
random_14,2026-08-26,0,7,-3.0,True,25
random_14,2026-08-27,0,6,-0.0,False,26
random_14,2026-08-28,0,19,-1.0,True,27
random_14,2026-08-29,0,16,-4.0,True,28
random_14,2026-08-30,0,3,2.0,False,29
random_14,2026-08-31,0,14,0.0,True,30
random_14,2026-09-01,0,8,2.0,False,31
random_14,2026-09-02,0,1,2.0,True,32
random_14,2026-09-03,0,10,7.0,False,33
random_14,2026-09-04,0,15,3.0,True,34
random_14,2026-09-05,0,18,2.0,False,35
random_14,2026-09-06,0,5,-1.0,True,36
random_14,2026-09-07,0,13,-0.0,False,37
random_14,2026-08-01,1,6,-2.0,True,0
random_14,2026-08-02,1,2,2.0,False,1
random_14,2026-08-03,1,5,2.0,True,2
random_14,2026-08-04,1,18,-1.0,False,3
random_14,2026-08-05,1,4,4.0,False,4
random_14,2026-08-06,1,12,2.0,True,5
random_14,2026-08-07,1,17,-1.0,False,6
random_14,2026-08-08,1,8,-2.0,True,7
random_14,2026-08-09,1,13,-1.0,False,8
random_14,2026-08-10,1,10,1.0,True,9
random_14,2026-08-11,1,16,-1.0,False,10
random_14,2026-08-12,1,14,-2.0,True,11
random_14,2026-08-13,1,3,1.0,False,12
random_14,2026-08-14,1,19,-1.0,False,13
random_14,2026-08-15,1,0,-5.0,True,14
random_14,2026-08-16,1,15,0.0,True,15
random_14,2026-08-17,1,7,-0.0,False,16
random_14,2026-08-18,1,9,-0.0,False,17
random_14,2026-08-19,1,11,1.0,True,18
random_14,2026-08-20,1,3,2.0,True,19
random_14,2026-08-21,1,10,1.0,False,20
random_14,2026-08-22,1,16,0.0,True,21
random_14,2026-08-23,1,14,-2.0,False,22
random_14,2026-08-24,1,13,0.0,True,23
random_14,2026-08-25,1,11,-1.0,False,24
random_14,2026-08-26,1,9,2.0,True,25
random_14,2026-08-27,1,15,1.0,False,26
random_14,2026-08-28,1,7,0.0,True,27
random_14,2026-08-29,1,5,1.0,False,28
random_14,2026-08-30,1,18,-3.0,True,29
random_14,2026-08-31,1,6,-1.0,False,30
random_14,2026-09-01,1,2,-1.0,True,31
random_14,2026-09-02,1,0,-2.0,False,32
random_14,2026-09-03,1,19,0.0,True,33
random_14,2026-09-04,1,12,-1.0,False,34
random_14,2026-09-05,1,17,-1.0,True,35
random_14,2026-09-06,1,8,-3.0,False,36
random_14,2026-09-07,1,4,-1.0,True,37
random_14,2026-08-01,2,4,2.0,False,0
random_14,2026-08-02,2,1,-2.0,True,1
random_14,2026-08-03,2,10,1.0,False,2
random_14,2026-08-04,2,17,0.0,True,3
random_14,2026-08-05,2,19,-0.0,False,4
random_14,2026-08-06,2,3,0.0,True,5
random_14,2026-08-07,2,16,4.0,False,6
random_14,2026-08-08,2,14,-2.0,True,7
random_14,2026-08-09,2,9,2.0,True,8
random_14,2026-08-10,2,15,-3.0,False,9
random_14,2026-08-11,2,18,0.0,True,10
random_14,2026-08-12,2,11,-3.0,False,11
random_14,2026-08-13,2,8,0.0,True,12
random_14,2026-08-14,2,7,-2.0,True,13
random_14,2026-08-15,2,6,-0.0,False,14
random_14,2026-08-16,2,5,-1.0,False,15
random_14,2026-08-17,2,12,0.0,True,16
random_14,2026-08-18,2,13,-3.0,True,17
random_14,2026-08-19,2,0,-1.0,False,18
random_14,2026-08-20,2,8,-0.0,False,19
random_14,2026-08-21,2,15,2.0,True,20
random_14,2026-08-22,2,9,4.0,False,21
random_14,2026-08-23,2,11,-1.0,True,22
random_14,2026-08-24,2,18,1.0,False,23
random_14,2026-08-25,2,0,1.0,True,24
random_14,2026-08-26,2,12,1.0,False,25
random_14,2026-08-27,2,5,2.0,True,26
random_14,2026-08-28,2,13,-1.0,False,27
random_14,2026-08-29,2,10,1.0,True,28
random_14,2026-08-30,2,17,-2.0,False,29
random_14,2026-08-31,2,4,1.0,True,30
random_14,2026-09-01,2,1,1.0,False,31
random_14,2026-09-02,2,6,-1.0,True,32
random_14,2026-09-03,2,7,1.0,False,33
random_14,2026-09-04,2,3,2.0,False,34
random_14,2026-09-05,2,16,1.0,True,35
random_14,2026-09-06,2,14,-1.0,False,36
random_14,2026-09-07,2,19,-2.0,True,37
random_14,2026-08-01,3,19,1.0,True,0
random_14,2026-08-02,3,12,1.0,False,1
random_14,2026-08-03,3,18,-1.0,True,2
random_14,2026-08-04,3,0,1.0,False,3
random_14,2026-08-05,3,5,3.0,True,4
random_14,2026-08-06,3,2,-0.0,False,5
random_14,2026-08-07,3,13,-1.0,True,6
random_14,2026-08-08,3,10,-4.0,False,7
random_14,2026-08-09,3,17,3.0,True,8
random_14,2026-08-10,3,4,-1.0,False,9
random_14,2026-08-11,3,8,0.0,True,10
random_14,2026-08-12,3,15,-3.0,False,11
random_14,2026-08-13,3,1,-1.0,True,12
random_14,2026-08-14,3,14,-4.0,True,13
random_14,2026-08-15,3,9,1.0,False,14
random_14,2026-08-16,3,16,-5.0,True,15
random_14,2026-08-17,3,11,-1.0,False,16
random_14,2026-08-18,3,6,2.0,False,17
random_14,2026-08-19,3,7,2.0,True,18
random_14,2026-08-20,3,1,-2.0,False,19
random_14,2026-08-21,3,4,4.0,True,20
random_14,2026-08-22,3,8,1.0,False,21
random_14,2026-08-23,3,15,3.0,True,22
random_14,2026-08-24,3,17,1.0,False,23
random_14,2026-08-25,3,7,1.0,False,24
random_14,2026-08-26,3,6,-2.0,True,25
random_14,2026-08-27,3,16,1.0,False,26
random_14,2026-08-28,3,11,-1.0,True,27
random_14,2026-08-29,3,18,1.0,False,28
random_14,2026-08-30,3,0,-2.0,True,29
random_14,2026-08-31,3,19,-0.0,False,30
random_14,2026-09-01,3,12,-1.0,True,31
random_14,2026-09-02,3,9,1.0,True,32
random_14,2026-09-03,3,14,-0.0,False,33
random_14,2026-09-04,3,2,-2.0,True,34
random_14,2026-09-05,3,13,-0.0,False,35
random_14,2026-09-06,3,10,-2.0,True,36
random_14,2026-09-07,3,5,-2.0,False,37
random_14,2026-08-01,4,2,-2.0,True,0
random_14,2026-08-02,4,5,-0.0,False,1
random_14,2026-08-03,4,12,0.0,True,2
random_14,2026-08-04,4,6,1.0,False,3
random_14,2026-08-05,4,1,-4.0,True,4
random_14,2026-08-06,4,18,2.0,False,5
random_14,2026-08-07,4,7,1.0,True,6
random_14,2026-08-08,4,13,-0.0,False,7
random_14,2026-08-09,4,14,2.0,False,8
random_14,2026-08-10,4,3,1.0,True,9
random_14,2026-08-11,4,10,1.0,False,10
random_14,2026-08-12,4,16,0.0,True,11
random_14,2026-08-13,4,0,-1.0,False,12
random_14,2026-08-14,4,17,-3.0,False,13
random_14,2026-08-15,4,8,1.0,True,14
random_14,2026-08-16,4,11,-2.0,True,15
random_14,2026-08-17,4,9,-0.0,False,16
random_14,2026-08-18,4,19,1.0,False,17
random_14,2026-08-19,4,15,0.0,True,18
random_14,2026-08-20,4,0,2.0,True,19
random_14,2026-08-21,4,3,-4.0,False,20
random_14,2026-08-22,4,14,0.0,True,21
random_14,2026-08-23,4,16,-0.0,False,22
random_14,2026-08-24,4,10,1.0,True,23
random_14,2026-08-25,4,15,-1.0,False,24
random_14,2026-08-26,4,19,0.0,True,25
random_14,2026-08-27,4,11,-3.0,False,26
random_14,2026-08-28,4,9,1.0,True,27
random_14,2026-08-29,4,12,4.0,False,28
random_14,2026-08-30,4,6,3.0,True,29
random_14,2026-08-31,4,2,-1.0,False,30
random_14,2026-09-01,4,5,0.0,True,31
random_14,2026-09-02,4,8,1.0,False,32
random_14,2026-09-03,4,17,-2.0,True,33
random_14,2026-09-04,4,18,-1.0,True,34
random_14,2026-09-05,4,7,4.0,False,35
random_14,2026-09-06,4,13,0.0,True,36
random_14,2026-09-07,4,1,1.0,False,37
random_14,2026-08-01,5,9,-0.0,False,0
random_14,2026-08-02,5,4,0.0,True,1
random_14,2026-08-03,5,1,-2.0,False,2
random_14,2026-08-04,5,10,0.0,True,3
random_14,2026-08-05,5,3,-3.0,False,4
random_14,2026-08-06,5,0,1.0,True,5
random_14,2026-08-07,5,8,-3.0,False,6
random_14,2026-08-08,5,19,-1.0,True,7
random_14,2026-08-09,5,15,-1.0,True,8
random_14,2026-08-10,5,18,-1.0,False,9
random_14,2026-08-11,5,12,0.0,True,10
random_14,2026-08-12,5,17,-2.0,False,11
random_14,2026-08-13,5,7,0.0,True,12
random_14,2026-08-14,5,13,-3.0,True,13
random_14,2026-08-15,5,14,-0.0,False,14
random_14,2026-08-16,5,2,1.0,True,15
random_14,2026-08-17,5,6,-0.0,False,16
random_14,2026-08-18,5,11,1.0,False,17
random_14,2026-08-19,5,16,-1.0,True,18
random_14,2026-08-20,5,7,1.0,False,19
random_14,2026-08-21,5,18,-2.0,True,20
random_14,2026-08-22,5,12,-0.0,False,21
random_14,2026-08-23,5,17,2.0,True,22
random_14,2026-08-24,5,15,3.0,False,23
random_14,2026-08-25,5,16,-0.0,False,24
random_14,2026-08-26,5,11,1.0,True,25
random_14,2026-08-27,5,2,-2.0,False,26
random_14,2026-08-28,5,6,-2.0,True,27
random_14,2026-08-29,5,1,-1.0,True,28
random_14,2026-08-30,5,10,-2.0,False,29
random_14,2026-08-31,5,9,-1.0,True,30
random_14,2026-09-01,5,4,-0.0,False,31
random_14,2026-09-02,5,14,1.0,True,32
random_14,2026-09-03,5,13,1.0,False,33
random_14,2026-09-04,5,19,-1.0,False,34
random_14,2026-09-05,5,8,-1.0,True,35
random_14,2026-09-06,5,0,1.0,False,36
random_14,2026-09-07,5,3,2.0,True,37
random_14,2026-08-01,6,1,2.0,False,0
random_14,2026-08-02,6,10,2.0,True,1
random_14,2026-08-03,6,14,-3.0,False,2
random_14,2026-08-04,6,4,-1.0,True,3
random_14,2026-08-05,6,17,-1.0,False,4
random_14,2026-08-06,6,16,1.0,True,5
random_14,2026-08-07,6,19,-0.0,False,6
random_14,2026-08-08,6,9,-1.0,True,7
random_14,2026-08-09,6,18,1.0,True,8
random_14,2026-08-10,6,8,2.0,False,9
random_14,2026-08-11,6,7,0.0,True,10
random_14,2026-08-12,6,12,-1.0,False,11
random_14,2026-08-13,6,11,0.0,True,12
random_14,2026-08-14,6,15,-0.0,False,13
random_14,2026-08-15,6,2,0.0,True,14
random_14,2026-08-16,6,0,-3.0,False,15
random_14,2026-08-17,6,5,0.0,True,16
random_14,2026-08-18,6,3,-2.0,True,17
random_14,2026-08-19,6,13,-0.0,False,18
random_14,2026-08-20,6,11,3.0,False,19
random_14,2026-08-21,6,8,0.0,True,20
random_14,2026-08-22,6,18,-3.0,False,21
random_14,2026-08-23,6,12,-3.0,True,22
random_14,2026-08-24,6,7,-0.0,False,23
random_14,2026-08-25,6,13,1.0,True,24
random_14,2026-08-26,6,3,2.0,False,25
random_14,2026-08-27,6,0,0.0,True,26
random_14,2026-08-28,6,5,2.0,False,27
random_14,2026-08-29,6,14,0.0,True,28
random_14,2026-08-30,6,4,-3.0,False,29
random_14,2026-08-31,6,1,1.0,True,30
random_14,2026-09-01,6,10,2.0,False,31
random_14,2026-09-02,6,2,1.0,False,32
random_14,2026-09-03,6,15,-2.0,True,33
random_14,2026-09-04,6,16,2.0,False,34
random_14,2026-09-05,6,19,-2.0,True,35
random_14,2026-09-06,6,9,1.0,False,36
random_14,2026-09-07,6,17,1.0,True,37
random_14,2026-08-01,7,8,-3.0,False,0
random_14,2026-08-02,7,14,1.0,True,1
random_14,2026-08-03,7,9,-1.0,False,2
random_14,2026-08-04,7,11,-1.0,True,3
random_14,2026-08-05,7,12,3.0,False,4
random_14,2026-08-06,7,17,1.0,True,5
random_14,2026-08-07,7,4,-1.0,False,6
random_14,2026-08-08,7,16,0.0,True,7
random_14,2026-08-09,7,19,-1.0,False,8
random_14,2026-08-10,7,13,-3.0,True,9
random_14,2026-08-11,7,6,-0.0,False,10
random_14,2026-08-12,7,10,2.0,True,11
random_14,2026-08-13,7,5,-0.0,False,12
random_14,2026-08-14,7,2,2.0,False,13
random_14,2026-08-15,7,15,2.0,True,14
random_14,2026-08-16,7,18,-0.0,False,15
random_14,2026-08-17,7,1,0.0,True,16
random_14,2026-08-18,7,0,-1.0,True,17
random_14,2026-08-19,7,3,-2.0,False,18
random_14,2026-08-20,7,5,-1.0,True,19
random_14,2026-08-21,7,13,1.0,False,20
random_14,2026-08-22,7,19,1.0,True,21
random_14,2026-08-23,7,10,2.0,False,22
random_14,2026-08-24,7,6,0.0,True,23
random_14,2026-08-25,7,3,-1.0,True,24
random_14,2026-08-26,7,0,3.0,False,25
random_14,2026-08-27,7,18,-1.0,True,26
random_14,2026-08-28,7,1,-0.0,False,27
random_14,2026-08-29,7,9,1.0,True,28
random_14,2026-08-30,7,11,-1.0,False,29
random_14,2026-08-31,7,8,0.0,True,30
random_14,2026-09-01,7,14,2.0,False,31
random_14,2026-09-02,7,15,-2.0,False,32
random_14,2026-09-03,7,2,-1.0,True,33
random_14,2026-09-04,7,17,3.0,False,34
random_14,2026-09-05,7,4,-4.0,True,35
random_14,2026-09-06,7,16,-2.0,False,36
random_14,2026-09-07,7,12,-4.0,True,37
random_14,2026-08-01,8,7,3.0,True,0
random_14,2026-08-02,8,0,-3.0,False,1
random_14,2026-08-03,8,15,1.0,True,2
random_14,2026-08-04,8,19,-0.0,False,3
random_14,2026-08-05,8,11,2.0,True,4
random_14,2026-08-06,8,10,-1.0,False,5
random_14,2026-08-07,8,5,3.0,True,6
random_14,2026-08-08,8,1,2.0,False,7
random_14,2026-08-09,8,16,2.0,False,8
random_14,2026-08-10,8,6,-2.0,True,9
random_14,2026-08-11,8,3,-0.0,False,10
random_14,2026-08-12,8,13,1.0,True,11
random_14,2026-08-13,8,2,-0.0,False,12
random_14,2026-08-14,8,9,1.0,True,13
random_14,2026-08-15,8,4,-1.0,False,14
random_14,2026-08-16,8,17,-1.0,False,15
random_14,2026-08-17,8,18,-2.0,True,16
random_14,2026-08-18,8,14,-1.0,True,17
random_14,2026-08-19,8,12,3.0,False,18
random_14,2026-08-20,8,2,0.0,True,19
random_14,2026-08-21,8,6,-0.0,False,20
random_14,2026-08-22,8,3,-1.0,True,21
random_14,2026-08-23,8,13,1.0,False,22
random_14,2026-08-24,8,16,-1.0,True,23
random_14,2026-08-25,8,12,-3.0,True,24
random_14,2026-08-26,8,18,-2.0,False,25
random_14,2026-08-27,8,17,0.0,True,26
random_14,2026-08-28,8,14,1.0,False,27
random_14,2026-08-29,8,15,-0.0,False,28
random_14,2026-08-30,8,19,-2.0,True,29
random_14,2026-08-31,8,7,-0.0,False,30
random_14,2026-09-01,8,0,-2.0,True,31
random_14,2026-09-02,8,4,-1.0,True,32
random_14,2026-09-03,8,9,-1.0,False,33
random_14,2026-09-04,8,10,0.0,True,34
random_14,2026-09-05,8,5,1.0,False,35
random_14,2026-09-06,8,1,3.0,True,36
random_14,2026-09-07,8,11,-2.0,False,37
random_14,2026-08-01,9,5,0.0,True,0
random_14,2026-08-02,9,18,-2.0,False,1
random_14,2026-08-03,9,7,1.0,True,2
random_14,2026-08-04,9,13,-1.0,False,3
random_14,2026-08-05,9,15,1.0,True,4
random_14,2026-08-06,9,11,1.0,False,5
random_14,2026-08-07,9,10,0.0,True,6
random_14,2026-08-08,9,6,1.0,False,7
random_14,2026-08-09,9,2,-2.0,False,8
random_14,2026-08-10,9,16,-3.0,True,9
random_14,2026-08-11,9,14,2.0,False,10
random_14,2026-08-12,9,0,1.0,True,11
random_14,2026-08-13,9,19,-0.0,False,12
random_14,2026-08-14,9,8,-1.0,False,13
random_14,2026-08-15,9,3,-1.0,True,14
random_14,2026-08-16,9,12,2.0,False,15
random_14,2026-08-17,9,4,0.0,True,16
random_14,2026-08-18,9,1,0.0,True,17
random_14,2026-08-19,9,17,2.0,False,18
random_14,2026-08-20,9,19,-1.0,True,19
random_14,2026-08-21,9,16,-2.0,False,20
random_14,2026-08-22,9,2,-4.0,True,21
random_14,2026-08-23,9,0,-0.0,False,22
random_14,2026-08-24,9,14,0.0,True,23
random_14,2026-08-25,9,17,0.0,True,24
random_14,2026-08-26,9,1,-2.0,False,25
random_14,2026-08-27,9,12,3.0,True,26
random_14,2026-08-28,9,4,-1.0,False,27
random_14,2026-08-29,9,7,-1.0,False,28
random_14,2026-08-30,9,13,0.0,True,29
random_14,2026-08-31,9,5,1.0,False,30
random_14,2026-09-01,9,18,-1.0,True,31
random_14,2026-09-02,9,3,-1.0,False,32
random_14,2026-09-03,9,8,1.0,True,33
random_14,2026-09-04,9,11,2.0,True,34
random_14,2026-09-05,9,10,-2.0,False,35
random_14,2026-09-06,9,6,-1.0,True,36
random_14,2026-09-07,9,15,3.0,False,37
random_14,2026-08-01,10,15,3.0,True,0
random_14,2026-08-02,10,6,-2.0,False,1
random_14,2026-08-03,10,2,-1.0,True,2
random_14,2026-08-04,10,5,-0.0,False,3
random_14,2026-08-05,10,16,-1.0,False,4
random_14,2026-08-06,10,8,1.0,True,5
random_14,2026-08-07,10,9,-0.0,False,6
random_14,2026-08-08,10,3,4.0,True,7
random_14,2026-08-09,10,11,2.0,True,8
random_14,2026-08-10,10,1,-1.0,False,9
random_14,2026-08-11,10,4,-1.0,True,10
random_14,2026-08-12,10,7,-2.0,False,11
random_14,2026-08-13,10,17,-2.0,True,12
random_14,2026-08-14,10,0,-2.0,False,13
random_14,2026-08-15,10,19,0.0,True,14
random_14,2026-08-16,10,14,1.0,False,15
random_14,2026-08-17,10,13,0.0,True,16
random_14,2026-08-18,10,12,-1.0,True,17
random_14,2026-08-19,10,18,1.0,False,18
random_14,2026-08-20,10,17,2.0,False,19
random_14,2026-08-21,10,1,-1.0,True,20
random_14,2026-08-22,10,11,7.0,False,21
random_14,2026-08-23,10,7,-2.0,True,22
random_14,2026-08-24,10,4,-1.0,False,23
random_14,2026-08-25,10,18,2.0,True,24
random_14,2026-08-26,10,13,-0.0,False,25
random_14,2026-08-27,10,14,0.0,True,26
random_14,2026-08-28,10,12,-0.0,False,27
random_14,2026-08-29,10,2,-1.0,False,28
random_14,2026-08-30,10,5,2.0,True,29
random_14,2026-08-31,10,15,-1.0,False,30
random_14,2026-09-01,10,6,-2.0,True,31
random_14,2026-09-02,10,19,-0.0,False,32
random_14,2026-09-03,10,0,-7.0,True,33
random_14,2026-09-04,10,8,-0.0,False,34
random_14,2026-09-05,10,9,2.0,True,35
random_14,2026-09-06,10,3,2.0,False,36
random_14,2026-09-07,10,16,0.0,True,37
random_14,2026-08-01,11,18,-2.0,True,0
random_14,2026-08-02,11,15,-3.0,False,1
random_14,2026-08-03,11,13,2.0,True,2
random_14,2026-08-04,11,7,1.0,False,3
random_14,2026-08-05,11,8,-2.0,False,4
random_14,2026-08-06,11,9,-1.0,True,5
random_14,2026-08-07,11,14,-2.0,False,6
random_14,2026-08-08,11,17,3.0,True,7
random_14,2026-08-09,11,10,-2.0,False,8
random_14,2026-08-10,11,0,-3.0,True,9
random_14,2026-08-11,11,19,-0.0,False,10
random_14,2026-08-12,11,2,3.0,True,11
random_14,2026-08-13,11,6,-0.0,False,12
random_14,2026-08-14,11,12,4.0,False,13
random_14,2026-08-15,11,16,1.0,True,14
random_14,2026-08-16,11,4,2.0,False,15
random_14,2026-08-17,11,3,1.0,True,16
random_14,2026-08-18,11,5,-1.0,True,17
random_14,2026-08-19,11,1,-1.0,False,18
random_14,2026-08-20,11,6,-3.0,True,19
random_14,2026-08-21,11,0,-3.0,False,20
random_14,2026-08-22,11,10,-7.0,True,21
random_14,2026-08-23,11,2,1.0,False,22
random_14,2026-08-24,11,19,1.0,True,23
random_14,2026-08-25,11,1,1.0,True,24
random_14,2026-08-26,11,5,-1.0,False,25
random_14,2026-08-27,11,4,3.0,True,26
random_14,2026-08-28,11,3,1.0,False,27
random_14,2026-08-29,11,13,-0.0,False,28
random_14,2026-08-30,11,7,1.0,True,29
random_14,2026-08-31,11,18,2.0,False,30
random_14,2026-09-01,11,15,1.0,True,31
random_14,2026-09-02,11,16,-0.0,False,32
random_14,2026-09-03,11,12,1.0,True,33
random_14,2026-09-04,11,9,-2.0,False,34
random_14,2026-09-05,11,14,-2.0,True,35
random_14,2026-09-06,11,17,-0.0,False,36
random_14,2026-09-07,11,8,2.0,True,37
random_14,2026-08-01,12,17,3.0,False,0
random_14,2026-08-02,12,3,-1.0,True,1
random_14,2026-08-03,12,4,-0.0,False,2
random_14,2026-08-04,12,16,2.0,True,3
random_14,2026-08-05,12,7,-3.0,True,4
random_14,2026-08-06,12,1,-2.0,False,5
random_14,2026-08-07,12,15,2.0,True,6
random_14,2026-08-08,12,18,-3.0,False,7
random_14,2026-08-09,12,0,1.0,False,8
random_14,2026-08-10,12,19,0.0,True,9
random_14,2026-08-11,12,5,-0.0,False,10
random_14,2026-08-12,12,6,1.0,True,11
random_14,2026-08-13,12,14,3.0,False,12
random_14,2026-08-14,12,11,-4.0,True,13
random_14,2026-08-15,12,13,-0.0,False,14
random_14,2026-08-16,12,9,-2.0,True,15
random_14,2026-08-17,12,2,-0.0,False,16
random_14,2026-08-18,12,10,1.0,False,17
random_14,2026-08-19,12,8,-3.0,True,18
random_14,2026-08-20,12,14,2.0,True,19
random_14,2026-08-21,12,19,-2.0,False,20
random_14,2026-08-22,12,5,0.0,True,21
random_14,2026-08-23,12,6,3.0,False,22
random_14,2026-08-24,12,0,3.0,True,23
random_14,2026-08-25,12,8,3.0,False,24
random_14,2026-08-26,12,2,-1.0,True,25
random_14,2026-08-27,12,9,-3.0,False,26
random_14,2026-08-28,12,10,0.0,True,27
random_14,2026-08-29,12,4,-4.0,True,28
random_14,2026-08-30,12,16,-0.0,False,29
random_14,2026-08-31,12,17,1.0,True,30
random_14,2026-09-01,12,3,1.0,False,31
random_14,2026-09-02,12,13,-1.0,True,32
random_14,2026-09-03,12,11,-1.0,False,33
random_14,2026-09-04,12,1,1.0,True,34
random_14,2026-09-05,12,15,1.0,False,35
random_14,2026-09-06,12,18,2.0,True,36
random_14,2026-09-07,12,7,4.0,False,37
random_14,2026-08-01,13,16,2.0,False,0
random_14,2026-08-02,13,17,1.0,True,1
random_14,2026-08-03,13,11,-2.0,False,2
random_14,2026-08-04,13,9,1.0,True,3
random_14,2026-08-05,13,0,-0.0,False,4
random_14,2026-08-06,13,14,0.0,True,5
random_14,2026-08-07,13,3,1.0,False,6
random_14,2026-08-08,13,4,0.0,True,7
random_14,2026-08-09,13,1,1.0,True,8
random_14,2026-08-10,13,7,3.0,False,9
random_14,2026-08-11,13,15,-2.0,True,10
random_14,2026-08-12,13,8,-1.0,False,11
random_14,2026-08-13,13,18,-3.0,True,12
random_14,2026-08-14,13,5,3.0,False,13
random_14,2026-08-15,13,12,0.0,True,14
random_14,2026-08-16,13,19,-5.0,True,15
random_14,2026-08-17,13,10,-0.0,False,16
random_14,2026-08-18,13,2,3.0,False,17
random_14,2026-08-19,13,6,0.0,True,18
random_14,2026-08-20,13,18,-0.0,False,19
random_14,2026-08-21,13,7,-1.0,True,20
random_14,2026-08-22,13,15,2.0,False,21
random_14,2026-08-23,13,8,-1.0,True,22
random_14,2026-08-24,13,1,-0.0,False,23
random_14,2026-08-25,13,6,-1.0,False,24
random_14,2026-08-26,13,10,0.0,True,25
random_14,2026-08-27,13,19,-1.0,False,26
random_14,2026-08-28,13,2,1.0,True,27
random_14,2026-08-29,13,11,0.0,True,28
random_14,2026-08-30,13,9,-0.0,False,29
random_14,2026-08-31,13,16,3.0,True,30
random_14,2026-09-01,13,17,1.0,False,31
random_14,2026-09-02,13,12,1.0,False,32
random_14,2026-09-03,13,5,-1.0,True,33
random_14,2026-09-04,13,14,-2.0,False,34
random_14,2026-09-05,13,3,0.0,True,35
random_14,2026-09-06,13,4,-0.0,False,36
random_14,2026-09-07,13,0,0.0,True,37
random_14,2026-08-01,14,0,-4.0,True,0
random_14,2026-08-02,14,7,-1.0,False,1
random_14,2026-08-03,14,6,3.0,True,2
random_14,2026-08-04,14,15,-0.0,False,3
random_14,2026-08-05,14,18,-2.0,True,4
random_14,2026-08-06,14,13,-0.0,False,5
random_14,2026-08-07,14,11,2.0,True,6
random_14,2026-08-08,14,2,2.0,False,7
random_14,2026-08-09,14,4,-2.0,True,8
random_14,2026-08-10,14,17,3.0,False,9
random_14,2026-08-11,14,9,-2.0,True,10
random_14,2026-08-12,14,1,2.0,False,11
random_14,2026-08-13,14,12,-3.0,True,12
random_14,2026-08-14,14,3,4.0,False,13
random_14,2026-08-15,14,5,0.0,True,14
random_14,2026-08-16,14,10,-1.0,True,15
random_14,2026-08-17,14,16,2.0,False,16
random_14,2026-08-18,14,8,1.0,False,17
random_14,2026-08-19,14,19,0.0,True,18
random_14,2026-08-20,14,12,-2.0,False,19
random_14,2026-08-21,14,17,0.0,True,20
random_14,2026-08-22,14,4,-0.0,False,21
random_14,2026-08-23,14,1,2.0,True,22
random_14,2026-08-24,14,9,-0.0,False,23
random_14,2026-08-25,14,19,-1.0,False,24
random_14,2026-08-26,14,16,-1.0,True,25
random_14,2026-08-27,14,10,-0.0,False,26
random_14,2026-08-28,14,8,-1.0,True,27
random_14,2026-08-29,14,6,-0.0,False,28
random_14,2026-08-30,14,15,0.0,True,29
random_14,2026-08-31,14,0,-0.0,False,30
random_14,2026-09-01,14,7,-2.0,True,31
random_14,2026-09-02,14,5,-1.0,False,32
random_14,2026-09-03,14,3,0.0,True,33
random_14,2026-09-04,14,13,2.0,True,34
random_14,2026-09-05,14,11,2.0,False,35
random_14,2026-09-06,14,2,1.0,True,36
random_14,2026-09-07,14,18,2.0,False,37
random_14,2026-08-01,15,10,-3.0,False,0
random_14,2026-08-02,15,11,3.0,True,1
random_14,2026-08-03,15,8,-1.0,False,2
random_14,2026-08-04,15,14,0.0,True,3
random_14,2026-08-05,15,9,-1.0,False,4
random_14,2026-08-06,15,19,4.0,True,5
random_14,2026-08-07,15,12,-2.0,False,6
random_14,2026-08-08,15,0,0.0,True,7
random_14,2026-08-09,15,5,1.0,False,8
random_14,2026-08-10,15,2,3.0,True,9
random_14,2026-08-11,15,13,2.0,False,10
random_14,2026-08-12,15,3,3.0,True,11
random_14,2026-08-13,15,16,5.0,False,12
random_14,2026-08-14,15,6,0.0,True,13
random_14,2026-08-15,15,7,-2.0,False,14
random_14,2026-08-16,15,1,-0.0,False,15
random_14,2026-08-17,15,17,-1.0,True,16
random_14,2026-08-18,15,18,1.0,True,17
random_14,2026-08-19,15,4,-0.0,False,18
random_14,2026-08-20,15,16,0.0,True,19
random_14,2026-08-21,15,2,-2.0,False,20
random_14,2026-08-22,15,13,-2.0,True,21
random_14,2026-08-23,15,3,-3.0,False,22
random_14,2026-08-24,15,5,-3.0,True,23
random_14,2026-08-25,15,4,1.0,True,24
random_14,2026-08-26,15,17,-0.0,False,25
random_14,2026-08-27,15,1,-1.0,True,26
random_14,2026-08-28,15,18,-2.0,False,27
random_14,2026-08-29,15,8,0.0,True,28
random_14,2026-08-30,15,14,-0.0,False,29
random_14,2026-08-31,15,10,1.0,True,30
random_14,2026-09-01,15,11,-1.0,False,31
random_14,2026-09-02,15,7,2.0,True,32
random_14,2026-09-03,15,6,2.0,False,33
random_14,2026-09-04,15,0,-3.0,False,34
random_14,2026-09-05,15,12,-1.0,True,35
random_14,2026-09-06,15,19,-0.0,False,36
random_14,2026-09-07,15,9,-3.0,True,37
random_14,2026-08-01,16,13,-2.0,True,0
random_14,2026-08-02,16,19,5.0,False,1
random_14,2026-08-03,16,0,1.0,True,2
random_14,2026-08-04,16,12,-2.0,False,3
random_14,2026-08-05,16,10,1.0,True,4
random_14,2026-08-06,16,6,-1.0,False,5
random_14,2026-08-07,16,2,-4.0,True,6
random_14,2026-08-08,16,7,-0.0,False,7
random_14,2026-08-09,16,8,-2.0,True,8
random_14,2026-08-10,16,9,3.0,False,9
random_14,2026-08-11,16,1,1.0,True,10
random_14,2026-08-12,16,4,-0.0,False,11
random_14,2026-08-13,16,15,-5.0,True,12
random_14,2026-08-14,16,18,-5.0,True,13
random_14,2026-08-15,16,11,-1.0,False,14
random_14,2026-08-16,16,3,5.0,False,15
random_14,2026-08-17,16,14,-2.0,True,16
random_14,2026-08-18,16,17,-3.0,True,17
random_14,2026-08-19,16,5,1.0,False,18
random_14,2026-08-20,16,15,-0.0,False,19
random_14,2026-08-21,16,9,2.0,True,20
random_14,2026-08-22,16,1,-0.0,False,21
random_14,2026-08-23,16,4,0.0,True,22
random_14,2026-08-24,16,8,1.0,False,23
random_14,2026-08-25,16,5,0.0,True,24
random_14,2026-08-26,16,14,1.0,False,25
random_14,2026-08-27,16,3,-1.0,True,26
random_14,2026-08-28,16,17,-2.0,False,27
random_14,2026-08-29,16,0,4.0,False,28
random_14,2026-08-30,16,12,0.0,True,29
random_14,2026-08-31,16,13,-3.0,False,30
random_14,2026-09-01,16,19,-2.0,True,31
random_14,2026-09-02,16,11,0.0,True,32
random_14,2026-09-03,16,18,2.0,False,33
random_14,2026-09-04,16,6,-2.0,True,34
random_14,2026-09-05,16,2,-1.0,False,35
random_14,2026-09-06,16,7,2.0,True,36
random_14,2026-09-07,16,10,-0.0,False,37
random_14,2026-08-01,17,12,-3.0,True,0
random_14,2026-08-02,17,13,-1.0,False,1
random_14,2026-08-03,17,19,1.0,True,2
random_14,2026-08-04,17,2,-0.0,False,3
random_14,2026-08-05,17,6,1.0,True,4
random_14,2026-08-06,17,7,-1.0,False,5
random_14,2026-08-07,17,1,1.0,True,6
random_14,2026-08-08,17,11,-3.0,False,7
random_14,2026-08-09,17,3,-3.0,False,8
random_14,2026-08-10,17,14,-3.0,True,9
random_14,2026-08-11,17,0,1.0,False,10
random_14,2026-08-12,17,5,2.0,True,11
random_14,2026-08-13,17,10,2.0,False,12
random_14,2026-08-14,17,4,3.0,True,13
random_14,2026-08-15,17,18,-1.0,False,14
random_14,2026-08-16,17,8,1.0,True,15
random_14,2026-08-17,17,15,1.0,False,16
random_14,2026-08-18,17,16,3.0,False,17
random_14,2026-08-19,17,9,-2.0,True,18
random_14,2026-08-20,17,10,-2.0,True,19
random_14,2026-08-21,17,14,-0.0,False,20
random_14,2026-08-22,17,0,0.0,True,21
random_14,2026-08-23,17,5,-2.0,False,22
random_14,2026-08-24,17,3,-1.0,True,23
random_14,2026-08-25,17,9,-0.0,False,24
random_14,2026-08-26,17,15,0.0,True,25
random_14,2026-08-27,17,8,-0.0,False,26
random_14,2026-08-28,17,16,2.0,True,27
random_14,2026-08-29,17,19,-1.0,False,28
random_14,2026-08-30,17,2,2.0,True,29
random_14,2026-08-31,17,12,-1.0,False,30
random_14,2026-09-01,17,13,-1.0,True,31
random_14,2026-09-02,17,18,-3.0,True,32
random_14,2026-09-03,17,4,2.0,False,33
random_14,2026-09-04,17,7,-3.0,True,34
random_14,2026-09-05,17,1,1.0,False,35
random_14,2026-09-06,17,11,0.0,True,36
random_14,2026-09-07,17,6,-1.0,False,37
random_14,2026-08-01,18,11,2.0,False,0
random_14,2026-08-02,18,9,2.0,True,1
random_14,2026-08-03,18,3,1.0,False,2
random_14,2026-08-04,18,1,1.0,True,3
random_14,2026-08-05,18,14,2.0,False,4
random_14,2026-08-06,18,4,-2.0,True,5
random_14,2026-08-07,18,0,1.0,False,6
random_14,2026-08-08,18,12,3.0,True,7
random_14,2026-08-09,18,6,-1.0,False,8
random_14,2026-08-10,18,5,1.0,True,9
random_14,2026-08-11,18,2,-0.0,False,10
random_14,2026-08-12,18,19,2.0,True,11
random_14,2026-08-13,18,13,3.0,False,12
random_14,2026-08-14,18,16,5.0,False,13
random_14,2026-08-15,18,17,1.0,True,14
random_14,2026-08-16,18,7,0.0,True,15
random_14,2026-08-17,18,8,2.0,False,16
random_14,2026-08-18,18,15,-1.0,False,17
random_14,2026-08-19,18,10,-1.0,True,18
random_14,2026-08-20,18,13,0.0,True,19
random_14,2026-08-21,18,5,2.0,False,20
random_14,2026-08-22,18,6,3.0,True,21
random_14,2026-08-23,18,19,2.0,False,22
random_14,2026-08-24,18,2,-1.0,True,23
random_14,2026-08-25,18,10,-2.0,False,24
random_14,2026-08-26,18,8,2.0,True,25
random_14,2026-08-27,18,7,1.0,False,26
random_14,2026-08-28,18,15,2.0,True,27
random_14,2026-08-29,18,3,-1.0,True,28
random_14,2026-08-30,18,1,3.0,False,29
random_14,2026-08-31,18,11,-2.0,True,30
random_14,2026-09-01,18,9,1.0,False,31
random_14,2026-09-02,18,17,3.0,False,32
random_14,2026-09-03,18,16,-2.0,True,33
random_14,2026-09-04,18,4,1.0,False,34
random_14,2026-09-05,18,0,-2.0,True,35
random_14,2026-09-06,18,12,-2.0,False,36
random_14,2026-09-07,18,14,-2.0,True,37
random_14,2026-08-01,19,3,-1.0,False,0
random_14,2026-08-02,19,16,-5.0,True,1
random_14,2026-08-03,19,17,-1.0,False,2
random_14,2026-08-04,19,8,0.0,True,3
random_14,2026-08-05,19,2,0.0,True,4
random_14,2026-08-06,19,15,-4.0,False,5
random_14,2026-08-07,19,6,0.0,True,6
random_14,2026-08-08,19,5,1.0,False,7
random_14,2026-08-09,19,7,1.0,True,8
random_14,2026-08-10,19,12,-0.0,False,9
random_14,2026-08-11,19,11,0.0,True,10
random_14,2026-08-12,19,18,-2.0,False,11
random_14,2026-08-13,19,9,0.0,True,12
random_14,2026-08-14,19,1,1.0,True,13
random_14,2026-08-15,19,10,-0.0,False,14
random_14,2026-08-16,19,13,5.0,False,15
random_14,2026-08-17,19,0,-1.0,True,16
random_14,2026-08-18,19,4,-1.0,True,17
random_14,2026-08-19,19,14,-0.0,False,18
random_14,2026-08-20,19,9,1.0,False,19
random_14,2026-08-21,19,12,2.0,True,20
random_14,2026-08-22,19,7,-1.0,False,21
random_14,2026-08-23,19,18,-2.0,True,22
random_14,2026-08-24,19,11,-1.0,False,23
random_14,2026-08-25,19,14,1.0,True,24
random_14,2026-08-26,19,4,-0.0,False,25
random_14,2026-08-27,19,13,1.0,True,26
random_14,2026-08-28,19,0,1.0,False,27
random_14,2026-08-29,19,17,1.0,True,28
random_14,2026-08-30,19,8,2.0,False,29
random_14,2026-08-31,19,3,0.0,True,30
random_14,2026-09-01,19,16,2.0,False,31
random_14,2026-09-02,19,10,0.0,True,32
random_14,2026-09-03,19,1,-0.0,False,33
random_14,2026-09-04,19,5,1.0,True,34
random_14,2026-09-05,19,6,2.0,False,35
random_14,2026-09-06,19,15,0.0,True,36
random_14,2026-09-07,19,2,2.0,False,37
random_15,2026-08-01,0,14,2.0,False,0
random_15,2026-08-02,0,8,3.0,True,1
random_15,2026-08-03,0,16,-2.0,False,2
random_15,2026-08-04,0,3,0.0,True,3
random_15,2026-08-05,0,13,-1.0,True,4
random_15,2026-08-06,0,5,-1.0,False,5
random_15,2026-08-07,0,18,0.0,True,6
random_15,2026-08-08,0,15,-1.0,False,7
random_15,2026-08-09,0,12,0.0,True,8
random_15,2026-08-10,0,11,-1.0,False,9
random_15,2026-08-11,0,17,0.0,True,10
random_15,2026-08-12,0,9,2.0,False,11
random_15,2026-08-13,0,4,0.0,True,12
random_15,2026-08-14,0,10,-2.0,True,13
random_15,2026-08-15,0,1,1.0,False,14
random_15,2026-08-16,0,6,0.0,True,15
random_15,2026-08-17,0,19,-3.0,False,16
random_15,2026-08-18,0,7,1.0,False,17
random_15,2026-08-19,0,2,3.0,True,18
random_15,2026-08-20,0,4,-2.0,False,19
random_15,2026-08-21,0,11,3.0,True,20
random_15,2026-08-22,0,17,3.0,False,21
random_15,2026-08-23,0,9,2.0,True,22
random_15,2026-08-24,0,12,-2.0,False,23
random_15,2026-08-25,0,2,2.0,False,24
random_15,2026-08-26,0,7,-2.0,True,25
random_15,2026-08-27,0,6,-0.0,False,26
random_15,2026-08-28,0,19,1.0,True,27
random_15,2026-08-29,0,16,0.0,True,28
random_15,2026-08-30,0,3,-1.0,False,29
random_15,2026-08-31,0,14,4.0,True,30
random_15,2026-09-01,0,8,-5.0,False,31
random_15,2026-09-02,0,1,0.0,True,32
random_15,2026-09-03,0,10,-0.0,False,33
random_15,2026-09-04,0,15,-2.0,True,34
random_15,2026-09-05,0,18,-2.0,False,35
random_15,2026-09-06,0,5,-4.0,True,36
random_15,2026-09-07,0,13,-1.0,False,37
random_15,2026-08-01,1,6,2.0,True,0
random_15,2026-08-02,1,2,-2.0,False,1
random_15,2026-08-03,1,5,0.0,True,2
random_15,2026-08-04,1,18,1.0,False,3
random_15,2026-08-05,1,4,2.0,False,4
random_15,2026-08-06,1,12,-1.0,True,5
random_15,2026-08-07,1,17,1.0,False,6
random_15,2026-08-08,1,8,1.0,True,7
random_15,2026-08-09,1,13,-3.0,False,8
random_15,2026-08-10,1,10,3.0,True,9
random_15,2026-08-11,1,16,-3.0,False,10
random_15,2026-08-12,1,14,1.0,True,11
random_15,2026-08-13,1,3,-0.0,False,12
random_15,2026-08-14,1,19,-1.0,False,13
random_15,2026-08-15,1,0,-1.0,True,14
random_15,2026-08-16,1,15,-1.0,True,15
random_15,2026-08-17,1,7,1.0,False,16
random_15,2026-08-18,1,9,-1.0,False,17
random_15,2026-08-19,1,11,1.0,True,18
random_15,2026-08-20,1,3,-4.0,True,19
random_15,2026-08-21,1,10,-2.0,False,20
random_15,2026-08-22,1,16,2.0,True,21
random_15,2026-08-23,1,14,-2.0,False,22
random_15,2026-08-24,1,13,-1.0,True,23
random_15,2026-08-25,1,11,-4.0,False,24
random_15,2026-08-26,1,9,-2.0,True,25
random_15,2026-08-27,1,15,-1.0,False,26
random_15,2026-08-28,1,7,-2.0,True,27
random_15,2026-08-29,1,5,-1.0,False,28
random_15,2026-08-30,1,18,-2.0,True,29
random_15,2026-08-31,1,6,-1.0,False,30
random_15,2026-09-01,1,2,1.0,True,31
random_15,2026-09-02,1,0,-0.0,False,32
random_15,2026-09-03,1,19,0.0,True,33
random_15,2026-09-04,1,12,-2.0,False,34
random_15,2026-09-05,1,17,4.0,True,35
random_15,2026-09-06,1,8,2.0,False,36
random_15,2026-09-07,1,4,-2.0,True,37
random_15,2026-08-01,2,4,-1.0,False,0
random_15,2026-08-02,2,1,2.0,True,1
random_15,2026-08-03,2,10,2.0,False,2
random_15,2026-08-04,2,17,2.0,True,3
random_15,2026-08-05,2,19,1.0,False,4
random_15,2026-08-06,2,3,0.0,True,5
random_15,2026-08-07,2,16,-0.0,False,6
random_15,2026-08-08,2,14,-1.0,True,7
random_15,2026-08-09,2,9,2.0,True,8
random_15,2026-08-10,2,15,-1.0,False,9
random_15,2026-08-11,2,18,-2.0,True,10
random_15,2026-08-12,2,11,-1.0,False,11
random_15,2026-08-13,2,8,2.0,True,12
random_15,2026-08-14,2,7,5.0,True,13
random_15,2026-08-15,2,6,-2.0,False,14
random_15,2026-08-16,2,5,-2.0,False,15
random_15,2026-08-17,2,12,-1.0,True,16
random_15,2026-08-18,2,13,0.0,True,17
random_15,2026-08-19,2,0,-3.0,False,18
random_15,2026-08-20,2,8,-0.0,False,19
random_15,2026-08-21,2,15,3.0,True,20
random_15,2026-08-22,2,9,-1.0,False,21
random_15,2026-08-23,2,11,1.0,True,22
random_15,2026-08-24,2,18,-0.0,False,23
random_15,2026-08-25,2,0,-2.0,True,24
random_15,2026-08-26,2,12,-1.0,False,25
random_15,2026-08-27,2,5,2.0,True,26
random_15,2026-08-28,2,13,-1.0,False,27
random_15,2026-08-29,2,10,0.0,True,28
random_15,2026-08-30,2,17,-1.0,False,29
random_15,2026-08-31,2,4,1.0,True,30
random_15,2026-09-01,2,1,-1.0,False,31
random_15,2026-09-02,2,6,4.0,True,32
random_15,2026-09-03,2,7,1.0,False,33
random_15,2026-09-04,2,3,4.0,False,34
random_15,2026-09-05,2,16,-1.0,True,35
random_15,2026-09-06,2,14,-0.0,False,36
random_15,2026-09-07,2,19,-1.0,True,37
random_15,2026-08-01,3,19,2.0,True,0
random_15,2026-08-02,3,12,4.0,False,1
random_15,2026-08-03,3,18,-1.0,True,2
random_15,2026-08-04,3,0,-0.0,False,3
random_15,2026-08-05,3,5,2.0,True,4
random_15,2026-08-06,3,2,-0.0,False,5
random_15,2026-08-07,3,13,0.0,True,6
random_15,2026-08-08,3,10,-2.0,False,7
random_15,2026-08-09,3,17,-2.0,True,8
random_15,2026-08-10,3,4,-2.0,False,9
random_15,2026-08-11,3,8,-2.0,True,10
random_15,2026-08-12,3,15,-0.0,False,11
random_15,2026-08-13,3,1,0.0,True,12
random_15,2026-08-14,3,14,1.0,True,13
random_15,2026-08-15,3,9,-1.0,False,14
random_15,2026-08-16,3,16,-3.0,True,15
random_15,2026-08-17,3,11,1.0,False,16
random_15,2026-08-18,3,6,-0.0,False,17
random_15,2026-08-19,3,7,-1.0,True,18
random_15,2026-08-20,3,1,4.0,False,19
random_15,2026-08-21,3,4,-2.0,True,20
random_15,2026-08-22,3,8,-1.0,False,21
random_15,2026-08-23,3,15,-1.0,True,22
random_15,2026-08-24,3,17,-1.0,False,23
random_15,2026-08-25,3,7,2.0,False,24
random_15,2026-08-26,3,6,-2.0,True,25
random_15,2026-08-27,3,16,-0.0,False,26
random_15,2026-08-28,3,11,0.0,True,27
random_15,2026-08-29,3,18,-0.0,False,28
random_15,2026-08-30,3,0,1.0,True,29
random_15,2026-08-31,3,19,-0.0,False,30
random_15,2026-09-01,3,12,1.0,True,31
random_15,2026-09-02,3,9,2.0,True,32
random_15,2026-09-03,3,14,-0.0,False,33
random_15,2026-09-04,3,2,-4.0,True,34
random_15,2026-09-05,3,13,-2.0,False,35
random_15,2026-09-06,3,10,3.0,True,36
random_15,2026-09-07,3,5,-3.0,False,37
random_15,2026-08-01,4,2,1.0,True,0
random_15,2026-08-02,4,5,-1.0,False,1
random_15,2026-08-03,4,12,0.0,True,2
random_15,2026-08-04,4,6,-0.0,False,3
random_15,2026-08-05,4,1,-2.0,True,4
random_15,2026-08-06,4,18,2.0,False,5
random_15,2026-08-07,4,7,3.0,True,6
random_15,2026-08-08,4,13,-0.0,False,7
random_15,2026-08-09,4,14,-0.0,False,8
random_15,2026-08-10,4,3,2.0,True,9
random_15,2026-08-11,4,10,1.0,False,10
random_15,2026-08-12,4,16,-2.0,True,11
random_15,2026-08-13,4,0,-0.0,False,12
random_15,2026-08-14,4,17,-1.0,False,13
random_15,2026-08-15,4,8,2.0,True,14
random_15,2026-08-16,4,11,1.0,True,15
random_15,2026-08-17,4,9,-7.0,False,16
random_15,2026-08-18,4,19,-2.0,False,17
random_15,2026-08-19,4,15,1.0,True,18
random_15,2026-08-20,4,0,2.0,True,19
random_15,2026-08-21,4,3,2.0,False,20
random_15,2026-08-22,4,14,-2.0,True,21
random_15,2026-08-23,4,16,1.0,False,22
random_15,2026-08-24,4,10,-3.0,True,23
random_15,2026-08-25,4,15,-2.0,False,24
random_15,2026-08-26,4,19,0.0,True,25
random_15,2026-08-27,4,11,-1.0,False,26
random_15,2026-08-28,4,9,-2.0,True,27
random_15,2026-08-29,4,12,1.0,False,28
random_15,2026-08-30,4,6,1.0,True,29
random_15,2026-08-31,4,2,-1.0,False,30
random_15,2026-09-01,4,5,-1.0,True,31
random_15,2026-09-02,4,8,-2.0,False,32
random_15,2026-09-03,4,17,-1.0,True,33
random_15,2026-09-04,4,18,-1.0,True,34
random_15,2026-09-05,4,7,-1.0,False,35
random_15,2026-09-06,4,13,-1.0,True,36
random_15,2026-09-07,4,1,2.0,False,37
random_15,2026-08-01,5,9,-0.0,False,0
random_15,2026-08-02,5,4,1.0,True,1
random_15,2026-08-03,5,1,-0.0,False,2
random_15,2026-08-04,5,10,-2.0,True,3
random_15,2026-08-05,5,3,-2.0,False,4
random_15,2026-08-06,5,0,1.0,True,5
random_15,2026-08-07,5,8,1.0,False,6
random_15,2026-08-08,5,19,-1.0,True,7
random_15,2026-08-09,5,15,1.0,True,8
random_15,2026-08-10,5,18,-1.0,False,9
random_15,2026-08-11,5,12,-1.0,True,10
random_15,2026-08-12,5,17,-2.0,False,11
random_15,2026-08-13,5,7,6.0,True,12
random_15,2026-08-14,5,13,1.0,True,13
random_15,2026-08-15,5,14,2.0,False,14
random_15,2026-08-16,5,2,2.0,True,15
random_15,2026-08-17,5,6,-3.0,False,16
random_15,2026-08-18,5,11,1.0,False,17
random_15,2026-08-19,5,16,2.0,True,18
random_15,2026-08-20,5,7,1.0,False,19
random_15,2026-08-21,5,18,-2.0,True,20
random_15,2026-08-22,5,12,-0.0,False,21
random_15,2026-08-23,5,17,1.0,True,22
random_15,2026-08-24,5,15,3.0,False,23
random_15,2026-08-25,5,16,-1.0,False,24
random_15,2026-08-26,5,11,2.0,True,25
random_15,2026-08-27,5,2,-2.0,False,26
random_15,2026-08-28,5,6,4.0,True,27
random_15,2026-08-29,5,1,1.0,True,28
random_15,2026-08-30,5,10,1.0,False,29
random_15,2026-08-31,5,9,-1.0,True,30
random_15,2026-09-01,5,4,1.0,False,31
random_15,2026-09-02,5,14,-1.0,True,32
random_15,2026-09-03,5,13,-1.0,False,33
random_15,2026-09-04,5,19,-1.0,False,34
random_15,2026-09-05,5,8,1.0,True,35
random_15,2026-09-06,5,0,4.0,False,36
random_15,2026-09-07,5,3,3.0,True,37
random_15,2026-08-01,6,1,-2.0,False,0
random_15,2026-08-02,6,10,0.0,True,1
random_15,2026-08-03,6,14,2.0,False,2
random_15,2026-08-04,6,4,0.0,True,3
random_15,2026-08-05,6,17,-2.0,False,4
random_15,2026-08-06,6,16,2.0,True,5
random_15,2026-08-07,6,19,1.0,False,6
random_15,2026-08-08,6,9,1.0,True,7
random_15,2026-08-09,6,18,0.0,True,8
random_15,2026-08-10,6,8,-3.0,False,9
random_15,2026-08-11,6,7,3.0,True,10
random_15,2026-08-12,6,12,2.0,False,11
random_15,2026-08-13,6,11,-1.0,True,12
random_15,2026-08-14,6,15,-3.0,False,13
random_15,2026-08-15,6,2,2.0,True,14
random_15,2026-08-16,6,0,-0.0,False,15
random_15,2026-08-17,6,5,3.0,True,16
random_15,2026-08-18,6,3,0.0,True,17
random_15,2026-08-19,6,13,2.0,False,18
random_15,2026-08-20,6,11,-0.0,False,19
random_15,2026-08-21,6,8,1.0,True,20
random_15,2026-08-22,6,18,-0.0,False,21
random_15,2026-08-23,6,12,0.0,True,22
random_15,2026-08-24,6,7,-1.0,False,23
random_15,2026-08-25,6,13,-1.0,True,24
random_15,2026-08-26,6,3,2.0,False,25
random_15,2026-08-27,6,0,0.0,True,26
random_15,2026-08-28,6,5,-4.0,False,27
random_15,2026-08-29,6,14,0.0,True,28
random_15,2026-08-30,6,4,-1.0,False,29
random_15,2026-08-31,6,1,1.0,True,30
random_15,2026-09-01,6,10,2.0,False,31
random_15,2026-09-02,6,2,-4.0,False,32
random_15,2026-09-03,6,15,-2.0,True,33
random_15,2026-09-04,6,16,-0.0,False,34
random_15,2026-09-05,6,19,-1.0,True,35
random_15,2026-09-06,6,9,-1.0,False,36
random_15,2026-09-07,6,17,2.0,True,37
random_15,2026-08-01,7,8,-3.0,False,0
random_15,2026-08-02,7,14,-2.0,True,1
random_15,2026-08-03,7,9,1.0,False,2
random_15,2026-08-04,7,11,-2.0,True,3
random_15,2026-08-05,7,12,-0.0,False,4
random_15,2026-08-06,7,17,5.0,True,5
random_15,2026-08-07,7,4,-3.0,False,6
random_15,2026-08-08,7,16,2.0,True,7
random_15,2026-08-09,7,19,1.0,False,8
random_15,2026-08-10,7,13,-1.0,True,9
random_15,2026-08-11,7,6,-3.0,False,10
random_15,2026-08-12,7,10,0.0,True,11
random_15,2026-08-13,7,5,-6.0,False,12
random_15,2026-08-14,7,2,-5.0,False,13
random_15,2026-08-15,7,15,0.0,True,14
random_15,2026-08-16,7,18,-0.0,False,15
random_15,2026-08-17,7,1,-1.0,True,16
random_15,2026-08-18,7,0,-1.0,True,17
random_15,2026-08-19,7,3,1.0,False,18
random_15,2026-08-20,7,5,-1.0,True,19
random_15,2026-08-21,7,13,-2.0,False,20
random_15,2026-08-22,7,19,1.0,True,21
random_15,2026-08-23,7,10,-0.0,False,22
random_15,2026-08-24,7,6,1.0,True,23
random_15,2026-08-25,7,3,-2.0,True,24
random_15,2026-08-26,7,0,2.0,False,25
random_15,2026-08-27,7,18,0.0,True,26
random_15,2026-08-28,7,1,2.0,False,27
random_15,2026-08-29,7,9,2.0,True,28
random_15,2026-08-30,7,11,-2.0,False,29
random_15,2026-08-31,7,8,1.0,True,30
random_15,2026-09-01,7,14,4.0,False,31
random_15,2026-09-02,7,15,3.0,False,32
random_15,2026-09-03,7,2,-1.0,True,33
random_15,2026-09-04,7,17,3.0,False,34
random_15,2026-09-05,7,4,1.0,True,35
random_15,2026-09-06,7,16,-1.0,False,36
random_15,2026-09-07,7,12,0.0,True,37
random_15,2026-08-01,8,7,3.0,True,0
random_15,2026-08-02,8,0,-3.0,False,1
random_15,2026-08-03,8,15,3.0,True,2
random_15,2026-08-04,8,19,-1.0,False,3
random_15,2026-08-05,8,11,-1.0,True,4
random_15,2026-08-06,8,10,2.0,False,5
random_15,2026-08-07,8,5,-1.0,True,6
random_15,2026-08-08,8,1,-1.0,False,7
random_15,2026-08-09,8,16,-2.0,False,8
random_15,2026-08-10,8,6,3.0,True,9
random_15,2026-08-11,8,3,2.0,False,10
random_15,2026-08-12,8,13,0.0,True,11
random_15,2026-08-13,8,2,-2.0,False,12
random_15,2026-08-14,8,9,-1.0,True,13
random_15,2026-08-15,8,4,-2.0,False,14
random_15,2026-08-16,8,17,-0.0,False,15
random_15,2026-08-17,8,18,-3.0,True,16
random_15,2026-08-18,8,14,2.0,True,17
random_15,2026-08-19,8,12,-0.0,False,18
random_15,2026-08-20,8,2,0.0,True,19
random_15,2026-08-21,8,6,-1.0,False,20
random_15,2026-08-22,8,3,1.0,True,21
random_15,2026-08-23,8,13,1.0,False,22
random_15,2026-08-24,8,16,-3.0,True,23
random_15,2026-08-25,8,12,1.0,True,24
random_15,2026-08-26,8,18,-0.0,False,25
random_15,2026-08-27,8,17,-1.0,True,26
random_15,2026-08-28,8,14,-1.0,False,27
random_15,2026-08-29,8,15,-0.0,False,28
random_15,2026-08-30,8,19,-1.0,True,29
random_15,2026-08-31,8,7,-1.0,False,30
random_15,2026-09-01,8,0,5.0,True,31
random_15,2026-09-02,8,4,2.0,True,32
random_15,2026-09-03,8,9,3.0,False,33
random_15,2026-09-04,8,10,-2.0,True,34
random_15,2026-09-05,8,5,-1.0,False,35
random_15,2026-09-06,8,1,-2.0,True,36
random_15,2026-09-07,8,11,-1.0,False,37
random_15,2026-08-01,9,5,0.0,True,0
random_15,2026-08-02,9,18,-0.0,False,1
random_15,2026-08-03,9,7,-1.0,True,2
random_15,2026-08-04,9,13,-0.0,False,3
random_15,2026-08-05,9,15,3.0,True,4
random_15,2026-08-06,9,11,-0.0,False,5
random_15,2026-08-07,9,10,0.0,True,6
random_15,2026-08-08,9,6,-1.0,False,7
random_15,2026-08-09,9,2,-2.0,False,8
random_15,2026-08-10,9,16,0.0,True,9
random_15,2026-08-11,9,14,1.0,False,10
random_15,2026-08-12,9,0,-2.0,True,11
random_15,2026-08-13,9,19,-1.0,False,12
random_15,2026-08-14,9,8,1.0,False,13
random_15,2026-08-15,9,3,1.0,True,14
random_15,2026-08-16,9,12,-2.0,False,15
random_15,2026-08-17,9,4,7.0,True,16
random_15,2026-08-18,9,1,1.0,True,17
random_15,2026-08-19,9,17,-2.0,False,18
random_15,2026-08-20,9,19,0.0,True,19
random_15,2026-08-21,9,16,-2.0,False,20
random_15,2026-08-22,9,2,1.0,True,21
random_15,2026-08-23,9,0,-2.0,False,22
random_15,2026-08-24,9,14,-1.0,True,23
random_15,2026-08-25,9,17,1.0,True,24
random_15,2026-08-26,9,1,2.0,False,25
random_15,2026-08-27,9,12,-1.0,True,26
random_15,2026-08-28,9,4,2.0,False,27
random_15,2026-08-29,9,7,-2.0,False,28
random_15,2026-08-30,9,13,1.0,True,29
random_15,2026-08-31,9,5,1.0,False,30
random_15,2026-09-01,9,18,2.0,True,31
random_15,2026-09-02,9,3,-2.0,False,32
random_15,2026-09-03,9,8,-3.0,True,33
random_15,2026-09-04,9,11,0.0,True,34
random_15,2026-09-05,9,10,-0.0,False,35
random_15,2026-09-06,9,6,1.0,True,36
random_15,2026-09-07,9,15,-1.0,False,37
random_15,2026-08-01,10,15,0.0,True,0
random_15,2026-08-02,10,6,-0.0,False,1
random_15,2026-08-03,10,2,-2.0,True,2
random_15,2026-08-04,10,5,2.0,False,3
random_15,2026-08-05,10,16,1.0,False,4
random_15,2026-08-06,10,8,-2.0,True,5
random_15,2026-08-07,10,9,-0.0,False,6
random_15,2026-08-08,10,3,2.0,True,7
random_15,2026-08-09,10,11,-4.0,True,8
random_15,2026-08-10,10,1,-3.0,False,9
random_15,2026-08-11,10,4,-1.0,True,10
random_15,2026-08-12,10,7,-0.0,False,11
random_15,2026-08-13,10,17,1.0,True,12
random_15,2026-08-14,10,0,2.0,False,13
random_15,2026-08-15,10,19,4.0,True,14
random_15,2026-08-16,10,14,-1.0,False,15
random_15,2026-08-17,10,13,-2.0,True,16
random_15,2026-08-18,10,12,0.0,True,17
random_15,2026-08-19,10,18,-0.0,False,18
random_15,2026-08-20,10,17,-0.0,False,19
random_15,2026-08-21,10,1,2.0,True,20
random_15,2026-08-22,10,11,-0.0,False,21
random_15,2026-08-23,10,7,0.0,True,22
random_15,2026-08-24,10,4,3.0,False,23
random_15,2026-08-25,10,18,-1.0,True,24
random_15,2026-08-26,10,13,2.0,False,25
random_15,2026-08-27,10,14,1.0,True,26
random_15,2026-08-28,10,12,3.0,False,27
random_15,2026-08-29,10,2,-0.0,False,28
random_15,2026-08-30,10,5,-1.0,True,29
random_15,2026-08-31,10,15,-3.0,False,30
random_15,2026-09-01,10,6,-2.0,True,31
random_15,2026-09-02,10,19,-1.0,False,32
random_15,2026-09-03,10,0,0.0,True,33
random_15,2026-09-04,10,8,2.0,False,34
random_15,2026-09-05,10,9,0.0,True,35
random_15,2026-09-06,10,3,-3.0,False,36
random_15,2026-09-07,10,16,2.0,True,37
random_15,2026-08-01,11,18,-2.0,True,0
random_15,2026-08-02,11,15,-2.0,False,1
random_15,2026-08-03,11,13,1.0,True,2
random_15,2026-08-04,11,7,2.0,False,3
random_15,2026-08-05,11,8,1.0,False,4
random_15,2026-08-06,11,9,0.0,True,5
random_15,2026-08-07,11,14,-3.0,False,6
random_15,2026-08-08,11,17,2.0,True,7
random_15,2026-08-09,11,10,4.0,False,8
random_15,2026-08-10,11,0,1.0,True,9
random_15,2026-08-11,11,19,-2.0,False,10
random_15,2026-08-12,11,2,1.0,True,11
random_15,2026-08-13,11,6,1.0,False,12
random_15,2026-08-14,11,12,-3.0,False,13
random_15,2026-08-15,11,16,2.0,True,14
random_15,2026-08-16,11,4,-1.0,False,15
random_15,2026-08-17,11,3,-1.0,True,16
random_15,2026-08-18,11,5,-1.0,True,17
random_15,2026-08-19,11,1,-1.0,False,18
random_15,2026-08-20,11,6,0.0,True,19
random_15,2026-08-21,11,0,-3.0,False,20
random_15,2026-08-22,11,10,0.0,True,21
random_15,2026-08-23,11,2,-1.0,False,22
random_15,2026-08-24,11,19,-1.0,True,23
random_15,2026-08-25,11,1,4.0,True,24
random_15,2026-08-26,11,5,-2.0,False,25
random_15,2026-08-27,11,4,1.0,True,26
random_15,2026-08-28,11,3,-0.0,False,27
random_15,2026-08-29,11,13,-0.0,False,28
random_15,2026-08-30,11,7,2.0,True,29
random_15,2026-08-31,11,18,-2.0,False,30
random_15,2026-09-01,11,15,3.0,True,31
random_15,2026-09-02,11,16,1.0,False,32
random_15,2026-09-03,11,12,-1.0,True,33
random_15,2026-09-04,11,9,-0.0,False,34
random_15,2026-09-05,11,14,-1.0,True,35
random_15,2026-09-06,11,17,2.0,False,36
random_15,2026-09-07,11,8,1.0,True,37
random_15,2026-08-01,12,17,-1.0,False,0
random_15,2026-08-02,12,3,-4.0,True,1
random_15,2026-08-03,12,4,-0.0,False,2
random_15,2026-08-04,12,16,-2.0,True,3
random_15,2026-08-05,12,7,0.0,True,4
random_15,2026-08-06,12,1,1.0,False,5
random_15,2026-08-07,12,15,1.0,True,6
random_15,2026-08-08,12,18,1.0,False,7
random_15,2026-08-09,12,0,-0.0,False,8
random_15,2026-08-10,12,19,0.0,True,9
random_15,2026-08-11,12,5,1.0,False,10
random_15,2026-08-12,12,6,-2.0,True,11
random_15,2026-08-13,12,14,-0.0,False,12
random_15,2026-08-14,12,11,3.0,True,13
random_15,2026-08-15,12,13,-4.0,False,14
random_15,2026-08-16,12,9,2.0,True,15
random_15,2026-08-17,12,2,1.0,False,16
random_15,2026-08-18,12,10,-0.0,False,17
random_15,2026-08-19,12,8,0.0,True,18
random_15,2026-08-20,12,14,-1.0,True,19
random_15,2026-08-21,12,19,-0.0,False,20
random_15,2026-08-22,12,5,0.0,True,21
random_15,2026-08-23,12,6,-0.0,False,22
random_15,2026-08-24,12,0,2.0,True,23
random_15,2026-08-25,12,8,-1.0,False,24
random_15,2026-08-26,12,2,1.0,True,25
random_15,2026-08-27,12,9,1.0,False,26
random_15,2026-08-28,12,10,-3.0,True,27
random_15,2026-08-29,12,4,-1.0,True,28
random_15,2026-08-30,12,16,1.0,False,29
random_15,2026-08-31,12,17,2.0,True,30
random_15,2026-09-01,12,3,-1.0,False,31
random_15,2026-09-02,12,13,0.0,True,32
random_15,2026-09-03,12,11,1.0,False,33
random_15,2026-09-04,12,1,2.0,True,34
random_15,2026-09-05,12,15,1.0,False,35
random_15,2026-09-06,12,18,0.0,True,36
random_15,2026-09-07,12,7,-0.0,False,37
random_15,2026-08-01,13,16,-4.0,False,0
random_15,2026-08-02,13,17,1.0,True,1
random_15,2026-08-03,13,11,-1.0,False,2
random_15,2026-08-04,13,9,0.0,True,3
random_15,2026-08-05,13,0,1.0,False,4
random_15,2026-08-06,13,14,0.0,True,5
random_15,2026-08-07,13,3,-0.0,False,6
random_15,2026-08-08,13,4,0.0,True,7
random_15,2026-08-09,13,1,3.0,True,8
random_15,2026-08-10,13,7,1.0,False,9
random_15,2026-08-11,13,15,0.0,True,10
random_15,2026-08-12,13,8,-0.0,False,11
random_15,2026-08-13,13,18,0.0,True,12
random_15,2026-08-14,13,5,-1.0,False,13
random_15,2026-08-15,13,12,4.0,True,14
random_15,2026-08-16,13,19,6.0,True,15
random_15,2026-08-17,13,10,2.0,False,16
random_15,2026-08-18,13,2,-0.0,False,17
random_15,2026-08-19,13,6,-2.0,True,18
random_15,2026-08-20,13,18,3.0,False,19
random_15,2026-08-21,13,7,2.0,True,20
random_15,2026-08-22,13,15,-0.0,False,21
random_15,2026-08-23,13,8,-1.0,True,22
random_15,2026-08-24,13,1,1.0,False,23
random_15,2026-08-25,13,6,1.0,False,24
random_15,2026-08-26,13,10,-2.0,True,25
random_15,2026-08-27,13,19,-0.0,False,26
random_15,2026-08-28,13,2,1.0,True,27
random_15,2026-08-29,13,11,0.0,True,28
random_15,2026-08-30,13,9,-1.0,False,29
random_15,2026-08-31,13,16,1.0,True,30
random_15,2026-09-01,13,17,2.0,False,31
random_15,2026-09-02,13,12,-0.0,False,32
random_15,2026-09-03,13,5,1.0,True,33
random_15,2026-09-04,13,14,2.0,False,34
random_15,2026-09-05,13,3,2.0,True,35
random_15,2026-09-06,13,4,1.0,False,36
random_15,2026-09-07,13,0,1.0,True,37
random_15,2026-08-01,14,0,-2.0,True,0
random_15,2026-08-02,14,7,2.0,False,1
random_15,2026-08-03,14,6,-2.0,True,2
random_15,2026-08-04,14,15,1.0,False,3
random_15,2026-08-05,14,18,1.0,True,4
random_15,2026-08-06,14,13,-0.0,False,5
random_15,2026-08-07,14,11,3.0,True,6
random_15,2026-08-08,14,2,1.0,False,7
random_15,2026-08-09,14,4,0.0,True,8
random_15,2026-08-10,14,17,-2.0,False,9
random_15,2026-08-11,14,9,-1.0,True,10
random_15,2026-08-12,14,1,-1.0,False,11
random_15,2026-08-13,14,12,0.0,True,12
random_15,2026-08-14,14,3,-1.0,False,13
random_15,2026-08-15,14,5,-2.0,True,14
random_15,2026-08-16,14,10,1.0,True,15
random_15,2026-08-17,14,16,-0.0,False,16
random_15,2026-08-18,14,8,-2.0,False,17
random_15,2026-08-19,14,19,2.0,True,18
random_15,2026-08-20,14,12,1.0,False,19
random_15,2026-08-21,14,17,1.0,True,20
random_15,2026-08-22,14,4,2.0,False,21
random_15,2026-08-23,14,1,2.0,True,22
random_15,2026-08-24,14,9,1.0,False,23
random_15,2026-08-25,14,19,-2.0,False,24
random_15,2026-08-26,14,16,0.0,True,25
random_15,2026-08-27,14,10,-1.0,False,26
random_15,2026-08-28,14,8,1.0,True,27
random_15,2026-08-29,14,6,-0.0,False,28
random_15,2026-08-30,14,15,1.0,True,29
random_15,2026-08-31,14,0,-4.0,False,30
random_15,2026-09-01,14,7,-4.0,True,31
random_15,2026-09-02,14,5,1.0,False,32
random_15,2026-09-03,14,3,0.0,True,33
random_15,2026-09-04,14,13,-2.0,True,34
random_15,2026-09-05,14,11,1.0,False,35
random_15,2026-09-06,14,2,0.0,True,36
random_15,2026-09-07,14,18,2.0,False,37
random_15,2026-08-01,15,10,-0.0,False,0
random_15,2026-08-02,15,11,2.0,True,1
random_15,2026-08-03,15,8,-3.0,False,2
random_15,2026-08-04,15,14,-1.0,True,3
random_15,2026-08-05,15,9,-3.0,False,4
random_15,2026-08-06,15,19,-3.0,True,5
random_15,2026-08-07,15,12,-1.0,False,6
random_15,2026-08-08,15,0,1.0,True,7
random_15,2026-08-09,15,5,-1.0,False,8
random_15,2026-08-10,15,2,1.0,True,9
random_15,2026-08-11,15,13,-0.0,False,10
random_15,2026-08-12,15,3,0.0,True,11
random_15,2026-08-13,15,16,-0.0,False,12
random_15,2026-08-14,15,6,3.0,True,13
random_15,2026-08-15,15,7,-0.0,False,14
random_15,2026-08-16,15,1,1.0,False,15
random_15,2026-08-17,15,17,1.0,True,16
random_15,2026-08-18,15,18,-1.0,True,17
random_15,2026-08-19,15,4,-1.0,False,18
random_15,2026-08-20,15,16,0.0,True,19
random_15,2026-08-21,15,2,-3.0,False,20
random_15,2026-08-22,15,13,0.0,True,21
random_15,2026-08-23,15,3,1.0,False,22
random_15,2026-08-24,15,5,-3.0,True,23
random_15,2026-08-25,15,4,2.0,True,24
random_15,2026-08-26,15,17,-3.0,False,25
random_15,2026-08-27,15,1,1.0,True,26
random_15,2026-08-28,15,18,-0.0,False,27
random_15,2026-08-29,15,8,0.0,True,28
random_15,2026-08-30,15,14,-1.0,False,29
random_15,2026-08-31,15,10,3.0,True,30
random_15,2026-09-01,15,11,-3.0,False,31
random_15,2026-09-02,15,7,-3.0,True,32
random_15,2026-09-03,15,6,2.0,False,33
random_15,2026-09-04,15,0,2.0,False,34
random_15,2026-09-05,15,12,-1.0,True,35
random_15,2026-09-06,15,19,1.0,False,36
random_15,2026-09-07,15,9,1.0,True,37
random_15,2026-08-01,16,13,4.0,True,0
random_15,2026-08-02,16,19,-4.0,False,1
random_15,2026-08-03,16,0,2.0,True,2
random_15,2026-08-04,16,12,2.0,False,3
random_15,2026-08-05,16,10,-1.0,True,4
random_15,2026-08-06,16,6,-2.0,False,5
random_15,2026-08-07,16,2,0.0,True,6
random_15,2026-08-08,16,7,-2.0,False,7
random_15,2026-08-09,16,8,2.0,True,8
random_15,2026-08-10,16,9,-0.0,False,9
random_15,2026-08-11,16,1,3.0,True,10
random_15,2026-08-12,16,4,2.0,False,11
random_15,2026-08-13,16,15,0.0,True,12
random_15,2026-08-14,16,18,2.0,True,13
random_15,2026-08-15,16,11,-2.0,False,14
random_15,2026-08-16,16,3,3.0,False,15
random_15,2026-08-17,16,14,0.0,True,16
random_15,2026-08-18,16,17,-1.0,True,17
random_15,2026-08-19,16,5,-2.0,False,18
random_15,2026-08-20,16,15,-0.0,False,19
random_15,2026-08-21,16,9,2.0,True,20
random_15,2026-08-22,16,1,-2.0,False,21
random_15,2026-08-23,16,4,-1.0,True,22
random_15,2026-08-24,16,8,3.0,False,23
random_15,2026-08-25,16,5,1.0,True,24
random_15,2026-08-26,16,14,-0.0,False,25
random_15,2026-08-27,16,3,0.0,True,26
random_15,2026-08-28,16,17,-3.0,False,27
random_15,2026-08-29,16,0,-0.0,False,28
random_15,2026-08-30,16,12,-1.0,True,29
random_15,2026-08-31,16,13,-1.0,False,30
random_15,2026-09-01,16,19,-1.0,True,31
random_15,2026-09-02,16,11,-1.0,True,32
random_15,2026-09-03,16,18,1.0,False,33
random_15,2026-09-04,16,6,0.0,True,34
random_15,2026-09-05,16,2,1.0,False,35
random_15,2026-09-06,16,7,1.0,True,36
random_15,2026-09-07,16,10,-2.0,False,37
random_15,2026-08-01,17,12,1.0,True,0
random_15,2026-08-02,17,13,-1.0,False,1
random_15,2026-08-03,17,19,1.0,True,2
random_15,2026-08-04,17,2,-2.0,False,3
random_15,2026-08-05,17,6,2.0,True,4
random_15,2026-08-06,17,7,-5.0,False,5
random_15,2026-08-07,17,1,-1.0,True,6
random_15,2026-08-08,17,11,-2.0,False,7
random_15,2026-08-09,17,3,2.0,False,8
random_15,2026-08-10,17,14,2.0,True,9
random_15,2026-08-11,17,0,-0.0,False,10
random_15,2026-08-12,17,5,2.0,True,11
random_15,2026-08-13,17,10,-1.0,False,12
random_15,2026-08-14,17,4,1.0,True,13
random_15,2026-08-15,17,18,-1.0,False,14
random_15,2026-08-16,17,8,0.0,True,15
random_15,2026-08-17,17,15,-1.0,False,16
random_15,2026-08-18,17,16,1.0,False,17
random_15,2026-08-19,17,9,2.0,True,18
random_15,2026-08-20,17,10,0.0,True,19
random_15,2026-08-21,17,14,-1.0,False,20
random_15,2026-08-22,17,0,-3.0,True,21
random_15,2026-08-23,17,5,-1.0,False,22
random_15,2026-08-24,17,3,1.0,True,23
random_15,2026-08-25,17,9,-1.0,False,24
random_15,2026-08-26,17,15,3.0,True,25
random_15,2026-08-27,17,8,1.0,False,26
random_15,2026-08-28,17,16,3.0,True,27
random_15,2026-08-29,17,19,-2.0,False,28
random_15,2026-08-30,17,2,1.0,True,29
random_15,2026-08-31,17,12,-2.0,False,30
random_15,2026-09-01,17,13,-2.0,True,31
random_15,2026-09-02,17,18,1.0,True,32
random_15,2026-09-03,17,4,1.0,False,33
random_15,2026-09-04,17,7,-3.0,True,34
random_15,2026-09-05,17,1,-4.0,False,35
random_15,2026-09-06,17,11,-2.0,True,36
random_15,2026-09-07,17,6,-2.0,False,37
random_15,2026-08-01,18,11,2.0,False,0
random_15,2026-08-02,18,9,0.0,True,1
random_15,2026-08-03,18,3,1.0,False,2
random_15,2026-08-04,18,1,-1.0,True,3
random_15,2026-08-05,18,14,-1.0,False,4
random_15,2026-08-06,18,4,-2.0,True,5
random_15,2026-08-07,18,0,-0.0,False,6
random_15,2026-08-08,18,12,-1.0,True,7
random_15,2026-08-09,18,6,-0.0,False,8
random_15,2026-08-10,18,5,1.0,True,9
random_15,2026-08-11,18,2,2.0,False,10
random_15,2026-08-12,18,19,-1.0,True,11
random_15,2026-08-13,18,13,-0.0,False,12
random_15,2026-08-14,18,16,-2.0,False,13
random_15,2026-08-15,18,17,1.0,True,14
random_15,2026-08-16,18,7,0.0,True,15
random_15,2026-08-17,18,8,3.0,False,16
random_15,2026-08-18,18,15,1.0,False,17
random_15,2026-08-19,18,10,0.0,True,18
random_15,2026-08-20,18,13,-3.0,True,19
random_15,2026-08-21,18,5,2.0,False,20
random_15,2026-08-22,18,6,0.0,True,21
random_15,2026-08-23,18,19,1.0,False,22
random_15,2026-08-24,18,2,0.0,True,23
random_15,2026-08-25,18,10,1.0,False,24
random_15,2026-08-26,18,8,0.0,True,25
random_15,2026-08-27,18,7,-0.0,False,26
random_15,2026-08-28,18,15,0.0,True,27
random_15,2026-08-29,18,3,0.0,True,28
random_15,2026-08-30,18,1,2.0,False,29
random_15,2026-08-31,18,11,2.0,True,30
random_15,2026-09-01,18,9,-2.0,False,31
random_15,2026-09-02,18,17,-1.0,False,32
random_15,2026-09-03,18,16,-1.0,True,33
random_15,2026-09-04,18,4,1.0,False,34
random_15,2026-09-05,18,0,2.0,True,35
random_15,2026-09-06,18,12,-0.0,False,36
random_15,2026-09-07,18,14,-2.0,True,37
random_15,2026-08-01,19,3,-2.0,False,0
random_15,2026-08-02,19,16,4.0,True,1
random_15,2026-08-03,19,17,-1.0,False,2
random_15,2026-08-04,19,8,1.0,True,3
random_15,2026-08-05,19,2,-1.0,True,4
random_15,2026-08-06,19,15,3.0,False,5
random_15,2026-08-07,19,6,-1.0,True,6
random_15,2026-08-08,19,5,1.0,False,7
random_15,2026-08-09,19,7,-1.0,True,8
random_15,2026-08-10,19,12,-0.0,False,9
random_15,2026-08-11,19,11,2.0,True,10
random_15,2026-08-12,19,18,1.0,False,11
random_15,2026-08-13,19,9,1.0,True,12
random_15,2026-08-14,19,1,1.0,True,13
random_15,2026-08-15,19,10,-4.0,False,14
random_15,2026-08-16,19,13,-6.0,False,15
random_15,2026-08-17,19,0,3.0,True,16
random_15,2026-08-18,19,4,2.0,True,17
random_15,2026-08-19,19,14,-2.0,False,18
random_15,2026-08-20,19,9,-0.0,False,19
random_15,2026-08-21,19,12,0.0,True,20
random_15,2026-08-22,19,7,-1.0,False,21
random_15,2026-08-23,19,18,-1.0,True,22
random_15,2026-08-24,19,11,1.0,False,23
random_15,2026-08-25,19,14,2.0,True,24
random_15,2026-08-26,19,4,-0.0,False,25
random_15,2026-08-27,19,13,0.0,True,26
random_15,2026-08-28,19,0,-1.0,False,27
random_15,2026-08-29,19,17,2.0,True,28
random_15,2026-08-30,19,8,1.0,False,29
random_15,2026-08-31,19,3,0.0,True,30
random_15,2026-09-01,19,16,1.0,False,31
random_15,2026-09-02,19,10,1.0,True,32
random_15,2026-09-03,19,1,-0.0,False,33
random_15,2026-09-04,19,5,1.0,True,34
random_15,2026-09-05,19,6,1.0,False,35
random_15,2026-09-06,19,15,-1.0,True,36
random_15,2026-09-07,19,2,1.0,False,37
random_16,2026-08-01,0,14,-1.0,False,0
random_16,2026-08-02,0,8,-1.0,True,1
random_16,2026-08-03,0,16,-0.0,False,2
random_16,2026-08-04,0,3,0.0,True,3
random_16,2026-08-05,0,13,0.0,True,4
random_16,2026-08-06,0,5,1.0,False,5
random_16,2026-08-07,0,18,-1.0,True,6
random_16,2026-08-08,0,15,5.0,False,7
random_16,2026-08-09,0,12,0.0,True,8
random_16,2026-08-10,0,11,-0.0,False,9
random_16,2026-08-11,0,17,3.0,True,10
random_16,2026-08-12,0,9,-0.0,False,11
random_16,2026-08-13,0,4,1.0,True,12
random_16,2026-08-14,0,10,4.0,True,13
random_16,2026-08-15,0,1,-0.0,False,14
random_16,2026-08-16,0,6,1.0,True,15
random_16,2026-08-17,0,19,-4.0,False,16
random_16,2026-08-18,0,7,-2.0,False,17
random_16,2026-08-19,0,2,1.0,True,18
random_16,2026-08-20,0,4,-1.0,False,19
random_16,2026-08-21,0,11,4.0,True,20
random_16,2026-08-22,0,17,-0.0,False,21
random_16,2026-08-23,0,9,1.0,True,22
random_16,2026-08-24,0,12,2.0,False,23
random_16,2026-08-25,0,2,4.0,False,24
random_16,2026-08-26,0,7,1.0,True,25
random_16,2026-08-27,0,6,2.0,False,26
random_16,2026-08-28,0,19,-2.0,True,27
random_16,2026-08-29,0,16,0.0,True,28
random_16,2026-08-30,0,3,3.0,False,29
random_16,2026-08-31,0,14,1.0,True,30
random_16,2026-09-01,0,8,-0.0,False,31
random_16,2026-09-02,0,1,-1.0,True,32
random_16,2026-09-03,0,10,-0.0,False,33
random_16,2026-09-04,0,15,0.0,True,34
random_16,2026-09-05,0,18,-0.0,False,35
random_16,2026-09-06,0,5,3.0,True,36
random_16,2026-09-07,0,13,1.0,False,37
random_16,2026-08-01,1,6,3.0,True,0
random_16,2026-08-02,1,2,2.0,False,1
random_16,2026-08-03,1,5,1.0,True,2
random_16,2026-08-04,1,18,-0.0,False,3
random_16,2026-08-05,1,4,-0.0,False,4
random_16,2026-08-06,1,12,-1.0,True,5
random_16,2026-08-07,1,17,1.0,False,6
random_16,2026-08-08,1,8,0.0,True,7
random_16,2026-08-09,1,13,-0.0,False,8
random_16,2026-08-10,1,10,1.0,True,9
random_16,2026-08-11,1,16,-0.0,False,10
random_16,2026-08-12,1,14,4.0,True,11
random_16,2026-08-13,1,3,3.0,False,12
random_16,2026-08-14,1,19,-1.0,False,13
random_16,2026-08-15,1,0,0.0,True,14
random_16,2026-08-16,1,15,2.0,True,15
random_16,2026-08-17,1,7,-0.0,False,16
random_16,2026-08-18,1,9,-1.0,False,17
random_16,2026-08-19,1,11,1.0,True,18
random_16,2026-08-20,1,3,-1.0,True,19
random_16,2026-08-21,1,10,-0.0,False,20
random_16,2026-08-22,1,16,-2.0,True,21
random_16,2026-08-23,1,14,3.0,False,22
random_16,2026-08-24,1,13,1.0,True,23
random_16,2026-08-25,1,11,-2.0,False,24
random_16,2026-08-26,1,9,4.0,True,25
random_16,2026-08-27,1,15,1.0,False,26
random_16,2026-08-28,1,7,-1.0,True,27
random_16,2026-08-29,1,5,-1.0,False,28
random_16,2026-08-30,1,18,1.0,True,29
random_16,2026-08-31,1,6,-1.0,False,30
random_16,2026-09-01,1,2,1.0,True,31
random_16,2026-09-02,1,0,1.0,False,32
random_16,2026-09-03,1,19,-2.0,True,33
random_16,2026-09-04,1,12,-1.0,False,34
random_16,2026-09-05,1,17,3.0,True,35
random_16,2026-09-06,1,8,1.0,False,36
random_16,2026-09-07,1,4,0.0,True,37
random_16,2026-08-01,2,4,-1.0,False,0
random_16,2026-08-02,2,1,-2.0,True,1
random_16,2026-08-03,2,10,-1.0,False,2
random_16,2026-08-04,2,17,-1.0,True,3
random_16,2026-08-05,2,19,-2.0,False,4
random_16,2026-08-06,2,3,1.0,True,5
random_16,2026-08-07,2,16,3.0,False,6
random_16,2026-08-08,2,14,1.0,True,7
random_16,2026-08-09,2,9,3.0,True,8
random_16,2026-08-10,2,15,-0.0,False,9
random_16,2026-08-11,2,18,-1.0,True,10
random_16,2026-08-12,2,11,1.0,False,11
random_16,2026-08-13,2,8,0.0,True,12
random_16,2026-08-14,2,7,-1.0,True,13
random_16,2026-08-15,2,6,3.0,False,14
random_16,2026-08-16,2,5,-0.0,False,15
random_16,2026-08-17,2,12,-1.0,True,16
random_16,2026-08-18,2,13,1.0,True,17
random_16,2026-08-19,2,0,-1.0,False,18
random_16,2026-08-20,2,8,-1.0,False,19
random_16,2026-08-21,2,15,1.0,True,20
random_16,2026-08-22,2,9,1.0,False,21
random_16,2026-08-23,2,11,3.0,True,22
random_16,2026-08-24,2,18,-0.0,False,23
random_16,2026-08-25,2,0,-4.0,True,24
random_16,2026-08-26,2,12,-0.0,False,25
random_16,2026-08-27,2,5,0.0,True,26
random_16,2026-08-28,2,13,-3.0,False,27
random_16,2026-08-29,2,10,0.0,True,28
random_16,2026-08-30,2,17,-0.0,False,29
random_16,2026-08-31,2,4,2.0,True,30
random_16,2026-09-01,2,1,-1.0,False,31
random_16,2026-09-02,2,6,-1.0,True,32
random_16,2026-09-03,2,7,-0.0,False,33
random_16,2026-09-04,2,3,3.0,False,34
random_16,2026-09-05,2,16,-2.0,True,35
random_16,2026-09-06,2,14,-1.0,False,36
random_16,2026-09-07,2,19,-4.0,True,37
random_16,2026-08-01,3,19,3.0,True,0
random_16,2026-08-02,3,12,-1.0,False,1
random_16,2026-08-03,3,18,5.0,True,2
random_16,2026-08-04,3,0,-0.0,False,3
random_16,2026-08-05,3,5,0.0,True,4
random_16,2026-08-06,3,2,-1.0,False,5
random_16,2026-08-07,3,13,1.0,True,6
random_16,2026-08-08,3,10,-0.0,False,7
random_16,2026-08-09,3,17,-2.0,True,8
random_16,2026-08-10,3,4,1.0,False,9
random_16,2026-08-11,3,8,-1.0,True,10
random_16,2026-08-12,3,15,-1.0,False,11
random_16,2026-08-13,3,1,-3.0,True,12
random_16,2026-08-14,3,14,-1.0,True,13
random_16,2026-08-15,3,9,-1.0,False,14
random_16,2026-08-16,3,16,2.0,True,15
random_16,2026-08-17,3,11,1.0,False,16
random_16,2026-08-18,3,6,-0.0,False,17
random_16,2026-08-19,3,7,-1.0,True,18
random_16,2026-08-20,3,1,1.0,False,19
random_16,2026-08-21,3,4,1.0,True,20
random_16,2026-08-22,3,8,-1.0,False,21
random_16,2026-08-23,3,15,0.0,True,22
random_16,2026-08-24,3,17,1.0,False,23
random_16,2026-08-25,3,7,3.0,False,24
random_16,2026-08-26,3,6,1.0,True,25
random_16,2026-08-27,3,16,1.0,False,26
random_16,2026-08-28,3,11,0.0,True,27
random_16,2026-08-29,3,18,1.0,False,28
random_16,2026-08-30,3,0,-3.0,True,29
random_16,2026-08-31,3,19,-0.0,False,30
random_16,2026-09-01,3,12,-2.0,True,31
random_16,2026-09-02,3,9,1.0,True,32
random_16,2026-09-03,3,14,-0.0,False,33
random_16,2026-09-04,3,2,-3.0,True,34
random_16,2026-09-05,3,13,-0.0,False,35
random_16,2026-09-06,3,10,-3.0,True,36
random_16,2026-09-07,3,5,1.0,False,37
random_16,2026-08-01,4,2,1.0,True,0
random_16,2026-08-02,4,5,-1.0,False,1
random_16,2026-08-03,4,12,1.0,True,2
random_16,2026-08-04,4,6,2.0,False,3
random_16,2026-08-05,4,1,0.0,True,4
random_16,2026-08-06,4,18,9.0,False,5
random_16,2026-08-07,4,7,1.0,True,6
random_16,2026-08-08,4,13,-0.0,False,7
random_16,2026-08-09,4,14,-0.0,False,8
random_16,2026-08-10,4,3,-1.0,True,9
random_16,2026-08-11,4,10,-2.0,False,10
random_16,2026-08-12,4,16,-5.0,True,11
random_16,2026-08-13,4,0,-1.0,False,12
random_16,2026-08-14,4,17,2.0,False,13
random_16,2026-08-15,4,8,2.0,True,14
random_16,2026-08-16,4,11,-2.0,True,15
random_16,2026-08-17,4,9,-3.0,False,16
random_16,2026-08-18,4,19,1.0,False,17
random_16,2026-08-19,4,15,-5.0,True,18
random_16,2026-08-20,4,0,1.0,True,19
random_16,2026-08-21,4,3,-1.0,False,20
random_16,2026-08-22,4,14,1.0,True,21
random_16,2026-08-23,4,16,-1.0,False,22
random_16,2026-08-24,4,10,-3.0,True,23
random_16,2026-08-25,4,15,-1.0,False,24
random_16,2026-08-26,4,19,4.0,True,25
random_16,2026-08-27,4,11,-2.0,False,26
random_16,2026-08-28,4,9,2.0,True,27
random_16,2026-08-29,4,12,-0.0,False,28
random_16,2026-08-30,4,6,-1.0,True,29
random_16,2026-08-31,4,2,-2.0,False,30
random_16,2026-09-01,4,5,-1.0,True,31
random_16,2026-09-02,4,8,2.0,False,32
random_16,2026-09-03,4,17,1.0,True,33
random_16,2026-09-04,4,18,-1.0,True,34
random_16,2026-09-05,4,7,-3.0,False,35
random_16,2026-09-06,4,13,-1.0,True,36
random_16,2026-09-07,4,1,-0.0,False,37
random_16,2026-08-01,5,9,1.0,False,0
random_16,2026-08-02,5,4,1.0,True,1
random_16,2026-08-03,5,1,-1.0,False,2
random_16,2026-08-04,5,10,0.0,True,3
random_16,2026-08-05,5,3,-0.0,False,4
random_16,2026-08-06,5,0,-1.0,True,5
random_16,2026-08-07,5,8,1.0,False,6
random_16,2026-08-08,5,19,2.0,True,7
random_16,2026-08-09,5,15,0.0,True,8
random_16,2026-08-10,5,18,-1.0,False,9
random_16,2026-08-11,5,12,-1.0,True,10
random_16,2026-08-12,5,17,2.0,False,11
random_16,2026-08-13,5,7,0.0,True,12
random_16,2026-08-14,5,13,-3.0,True,13
random_16,2026-08-15,5,14,-0.0,False,14
random_16,2026-08-16,5,2,0.0,True,15
random_16,2026-08-17,5,6,-2.0,False,16
random_16,2026-08-18,5,11,-1.0,False,17
random_16,2026-08-19,5,16,0.0,True,18
random_16,2026-08-20,5,7,-1.0,False,19
random_16,2026-08-21,5,18,1.0,True,20
random_16,2026-08-22,5,12,2.0,False,21
random_16,2026-08-23,5,17,3.0,True,22
random_16,2026-08-24,5,15,-1.0,False,23
random_16,2026-08-25,5,16,-5.0,False,24
random_16,2026-08-26,5,11,1.0,True,25
random_16,2026-08-27,5,2,-0.0,False,26
random_16,2026-08-28,5,6,-1.0,True,27
random_16,2026-08-29,5,1,1.0,True,28
random_16,2026-08-30,5,10,-1.0,False,29
random_16,2026-08-31,5,9,3.0,True,30
random_16,2026-09-01,5,4,1.0,False,31
random_16,2026-09-02,5,14,2.0,True,32
random_16,2026-09-03,5,13,2.0,False,33
random_16,2026-09-04,5,19,-0.0,False,34
random_16,2026-09-05,5,8,-2.0,True,35
random_16,2026-09-06,5,0,-3.0,False,36
random_16,2026-09-07,5,3,-1.0,True,37
random_16,2026-08-01,6,1,-3.0,False,0
random_16,2026-08-02,6,10,2.0,True,1
random_16,2026-08-03,6,14,3.0,False,2
random_16,2026-08-04,6,4,-2.0,True,3
random_16,2026-08-05,6,17,-1.0,False,4
random_16,2026-08-06,6,16,1.0,True,5
random_16,2026-08-07,6,19,-0.0,False,6
random_16,2026-08-08,6,9,1.0,True,7
random_16,2026-08-09,6,18,-1.0,True,8
random_16,2026-08-10,6,8,1.0,False,9
random_16,2026-08-11,6,7,2.0,True,10
random_16,2026-08-12,6,12,-2.0,False,11
random_16,2026-08-13,6,11,-1.0,True,12
random_16,2026-08-14,6,15,-0.0,False,13
random_16,2026-08-15,6,2,-3.0,True,14
random_16,2026-08-16,6,0,-1.0,False,15
random_16,2026-08-17,6,5,2.0,True,16
random_16,2026-08-18,6,3,0.0,True,17
random_16,2026-08-19,6,13,-3.0,False,18
random_16,2026-08-20,6,11,-3.0,False,19
random_16,2026-08-21,6,8,-1.0,True,20
random_16,2026-08-22,6,18,-2.0,False,21
random_16,2026-08-23,6,12,0.0,True,22
random_16,2026-08-24,6,7,3.0,False,23
random_16,2026-08-25,6,13,0.0,True,24
random_16,2026-08-26,6,3,-1.0,False,25
random_16,2026-08-27,6,0,-2.0,True,26
random_16,2026-08-28,6,5,1.0,False,27
random_16,2026-08-29,6,14,0.0,True,28
random_16,2026-08-30,6,4,1.0,False,29
random_16,2026-08-31,6,1,1.0,True,30
random_16,2026-09-01,6,10,-1.0,False,31
random_16,2026-09-02,6,2,1.0,False,32
random_16,2026-09-03,6,15,-1.0,True,33
random_16,2026-09-04,6,16,-0.0,False,34
random_16,2026-09-05,6,19,-1.0,True,35
random_16,2026-09-06,6,9,-4.0,False,36
random_16,2026-09-07,6,17,1.0,True,37
random_16,2026-08-01,7,8,-1.0,False,0
random_16,2026-08-02,7,14,1.0,True,1
random_16,2026-08-03,7,9,-1.0,False,2
random_16,2026-08-04,7,11,6.0,True,3
random_16,2026-08-05,7,12,-1.0,False,4
random_16,2026-08-06,7,17,0.0,True,5
random_16,2026-08-07,7,4,-1.0,False,6
random_16,2026-08-08,7,16,0.0,True,7
random_16,2026-08-09,7,19,-1.0,False,8
random_16,2026-08-10,7,13,2.0,True,9
random_16,2026-08-11,7,6,-2.0,False,10
random_16,2026-08-12,7,10,0.0,True,11
random_16,2026-08-13,7,5,-0.0,False,12
random_16,2026-08-14,7,2,1.0,False,13
random_16,2026-08-15,7,15,0.0,True,14
random_16,2026-08-16,7,18,-1.0,False,15
random_16,2026-08-17,7,1,0.0,True,16
random_16,2026-08-18,7,0,2.0,True,17
random_16,2026-08-19,7,3,1.0,False,18
random_16,2026-08-20,7,5,1.0,True,19
random_16,2026-08-21,7,13,-3.0,False,20
random_16,2026-08-22,7,19,1.0,True,21
random_16,2026-08-23,7,10,1.0,False,22
random_16,2026-08-24,7,6,-3.0,True,23
random_16,2026-08-25,7,3,-3.0,True,24
random_16,2026-08-26,7,0,-1.0,False,25
random_16,2026-08-27,7,18,-1.0,True,26
random_16,2026-08-28,7,1,1.0,False,27
random_16,2026-08-29,7,9,-2.0,True,28
random_16,2026-08-30,7,11,3.0,False,29
random_16,2026-08-31,7,8,-1.0,True,30
random_16,2026-09-01,7,14,-1.0,False,31
random_16,2026-09-02,7,15,1.0,False,32
random_16,2026-09-03,7,2,0.0,True,33
random_16,2026-09-04,7,17,-0.0,False,34
random_16,2026-09-05,7,4,3.0,True,35
random_16,2026-09-06,7,16,-1.0,False,36
random_16,2026-09-07,7,12,-5.0,True,37
random_16,2026-08-01,8,7,1.0,True,0
random_16,2026-08-02,8,0,1.0,False,1
random_16,2026-08-03,8,15,-2.0,True,2
random_16,2026-08-04,8,19,1.0,False,3
random_16,2026-08-05,8,11,0.0,True,4
random_16,2026-08-06,8,10,3.0,False,5
random_16,2026-08-07,8,5,-1.0,True,6
random_16,2026-08-08,8,1,-0.0,False,7
random_16,2026-08-09,8,16,1.0,False,8
random_16,2026-08-10,8,6,-1.0,True,9
random_16,2026-08-11,8,3,1.0,False,10
random_16,2026-08-12,8,13,-2.0,True,11
random_16,2026-08-13,8,2,-0.0,False,12
random_16,2026-08-14,8,9,2.0,True,13
random_16,2026-08-15,8,4,-2.0,False,14
random_16,2026-08-16,8,17,3.0,False,15
random_16,2026-08-17,8,18,2.0,True,16
random_16,2026-08-18,8,14,1.0,True,17
random_16,2026-08-19,8,12,4.0,False,18
random_16,2026-08-20,8,2,1.0,True,19
random_16,2026-08-21,8,6,1.0,False,20
random_16,2026-08-22,8,3,1.0,True,21
random_16,2026-08-23,8,13,-2.0,False,22
random_16,2026-08-24,8,16,-5.0,True,23
random_16,2026-08-25,8,12,-1.0,True,24
random_16,2026-08-26,8,18,-2.0,False,25
random_16,2026-08-27,8,17,-1.0,True,26
random_16,2026-08-28,8,14,-2.0,False,27
random_16,2026-08-29,8,15,-0.0,False,28
random_16,2026-08-30,8,19,1.0,True,29
random_16,2026-08-31,8,7,1.0,False,30
random_16,2026-09-01,8,0,0.0,True,31
random_16,2026-09-02,8,4,-2.0,True,32
random_16,2026-09-03,8,9,2.0,False,33
random_16,2026-09-04,8,10,-1.0,True,34
random_16,2026-09-05,8,5,2.0,False,35
random_16,2026-09-06,8,1,-1.0,True,36
random_16,2026-09-07,8,11,-4.0,False,37
random_16,2026-08-01,9,5,-1.0,True,0
random_16,2026-08-02,9,18,-0.0,False,1
random_16,2026-08-03,9,7,1.0,True,2
random_16,2026-08-04,9,13,3.0,False,3
random_16,2026-08-05,9,15,-1.0,True,4
random_16,2026-08-06,9,11,1.0,False,5
random_16,2026-08-07,9,10,4.0,True,6
random_16,2026-08-08,9,6,-1.0,False,7
random_16,2026-08-09,9,2,-3.0,False,8
random_16,2026-08-10,9,16,3.0,True,9
random_16,2026-08-11,9,14,-0.0,False,10
random_16,2026-08-12,9,0,0.0,True,11
random_16,2026-08-13,9,19,-2.0,False,12
random_16,2026-08-14,9,8,-2.0,False,13
random_16,2026-08-15,9,3,1.0,True,14
random_16,2026-08-16,9,12,-3.0,False,15
random_16,2026-08-17,9,4,3.0,True,16
random_16,2026-08-18,9,1,1.0,True,17
random_16,2026-08-19,9,17,-1.0,False,18
random_16,2026-08-20,9,19,1.0,True,19
random_16,2026-08-21,9,16,2.0,False,20
random_16,2026-08-22,9,2,-1.0,True,21
random_16,2026-08-23,9,0,-1.0,False,22
random_16,2026-08-24,9,14,0.0,True,23
random_16,2026-08-25,9,17,-3.0,True,24
random_16,2026-08-26,9,1,-4.0,False,25
random_16,2026-08-27,9,12,4.0,True,26
random_16,2026-08-28,9,4,-2.0,False,27
random_16,2026-08-29,9,7,2.0,False,28
random_16,2026-08-30,9,13,2.0,True,29
random_16,2026-08-31,9,5,-3.0,False,30
random_16,2026-09-01,9,18,-1.0,True,31
random_16,2026-09-02,9,3,-1.0,False,32
random_16,2026-09-03,9,8,-2.0,True,33
random_16,2026-09-04,9,11,0.0,True,34
random_16,2026-09-05,9,10,-0.0,False,35
random_16,2026-09-06,9,6,4.0,True,36
random_16,2026-09-07,9,15,-2.0,False,37
random_16,2026-08-01,10,15,3.0,True,0
random_16,2026-08-02,10,6,-2.0,False,1
random_16,2026-08-03,10,2,1.0,True,2
random_16,2026-08-04,10,5,-0.0,False,3
random_16,2026-08-05,10,16,-1.0,False,4
random_16,2026-08-06,10,8,-3.0,True,5
random_16,2026-08-07,10,9,-4.0,False,6
random_16,2026-08-08,10,3,0.0,True,7
random_16,2026-08-09,10,11,0.0,True,8
random_16,2026-08-10,10,1,-1.0,False,9
random_16,2026-08-11,10,4,2.0,True,10
random_16,2026-08-12,10,7,-0.0,False,11
random_16,2026-08-13,10,17,-2.0,True,12
random_16,2026-08-14,10,0,-4.0,False,13
random_16,2026-08-15,10,19,2.0,True,14
random_16,2026-08-16,10,14,-1.0,False,15
random_16,2026-08-17,10,13,2.0,True,16
random_16,2026-08-18,10,12,2.0,True,17
random_16,2026-08-19,10,18,-0.0,False,18
random_16,2026-08-20,10,17,2.0,False,19
random_16,2026-08-21,10,1,0.0,True,20
random_16,2026-08-22,10,11,-0.0,False,21
random_16,2026-08-23,10,7,-1.0,True,22
random_16,2026-08-24,10,4,3.0,False,23
random_16,2026-08-25,10,18,2.0,True,24
random_16,2026-08-26,10,13,-3.0,False,25
random_16,2026-08-27,10,14,-2.0,True,26
random_16,2026-08-28,10,12,-2.0,False,27
random_16,2026-08-29,10,2,-0.0,False,28
random_16,2026-08-30,10,5,1.0,True,29
random_16,2026-08-31,10,15,-2.0,False,30
random_16,2026-09-01,10,6,1.0,True,31
random_16,2026-09-02,10,19,-0.0,False,32
random_16,2026-09-03,10,0,0.0,True,33
random_16,2026-09-04,10,8,1.0,False,34
random_16,2026-09-05,10,9,0.0,True,35
random_16,2026-09-06,10,3,3.0,False,36
random_16,2026-09-07,10,16,0.0,True,37
random_16,2026-08-01,11,18,0.0,True,0
random_16,2026-08-02,11,15,1.0,False,1
random_16,2026-08-03,11,13,0.0,True,2
random_16,2026-08-04,11,7,-6.0,False,3
random_16,2026-08-05,11,8,-0.0,False,4
random_16,2026-08-06,11,9,-1.0,True,5
random_16,2026-08-07,11,14,1.0,False,6
random_16,2026-08-08,11,17,4.0,True,7
random_16,2026-08-09,11,10,-0.0,False,8
random_16,2026-08-10,11,0,0.0,True,9
random_16,2026-08-11,11,19,1.0,False,10
random_16,2026-08-12,11,2,-1.0,True,11
random_16,2026-08-13,11,6,1.0,False,12
random_16,2026-08-14,11,12,-1.0,False,13
random_16,2026-08-15,11,16,2.0,True,14
random_16,2026-08-16,11,4,2.0,False,15
random_16,2026-08-17,11,3,-1.0,True,16
random_16,2026-08-18,11,5,1.0,True,17
random_16,2026-08-19,11,1,-1.0,False,18
random_16,2026-08-20,11,6,3.0,True,19
random_16,2026-08-21,11,0,-4.0,False,20
random_16,2026-08-22,11,10,0.0,True,21
random_16,2026-08-23,11,2,-3.0,False,22
random_16,2026-08-24,11,19,2.0,True,23
random_16,2026-08-25,11,1,2.0,True,24
random_16,2026-08-26,11,5,-1.0,False,25
random_16,2026-08-27,11,4,2.0,True,26
random_16,2026-08-28,11,3,-0.0,False,27
random_16,2026-08-29,11,13,-2.0,False,28
random_16,2026-08-30,11,7,-3.0,True,29
random_16,2026-08-31,11,18,-0.0,False,30
random_16,2026-09-01,11,15,-1.0,True,31
random_16,2026-09-02,11,16,-1.0,False,32
random_16,2026-09-03,11,12,0.0,True,33
random_16,2026-09-04,11,9,-0.0,False,34
random_16,2026-09-05,11,14,-1.0,True,35
random_16,2026-09-06,11,17,-0.0,False,36
random_16,2026-09-07,11,8,4.0,True,37
random_16,2026-08-01,12,17,-0.0,False,0
random_16,2026-08-02,12,3,1.0,True,1
random_16,2026-08-03,12,4,-1.0,False,2
random_16,2026-08-04,12,16,-3.0,True,3
random_16,2026-08-05,12,7,1.0,True,4
random_16,2026-08-06,12,1,1.0,False,5
random_16,2026-08-07,12,15,0.0,True,6
random_16,2026-08-08,12,18,3.0,False,7
random_16,2026-08-09,12,0,-0.0,False,8
random_16,2026-08-10,12,19,1.0,True,9
random_16,2026-08-11,12,5,1.0,False,10
random_16,2026-08-12,12,6,2.0,True,11
random_16,2026-08-13,12,14,1.0,False,12
random_16,2026-08-14,12,11,1.0,True,13
random_16,2026-08-15,12,13,-1.0,False,14
random_16,2026-08-16,12,9,3.0,True,15
random_16,2026-08-17,12,2,1.0,False,16
random_16,2026-08-18,12,10,-2.0,False,17
random_16,2026-08-19,12,8,-4.0,True,18
random_16,2026-08-20,12,14,-2.0,True,19
random_16,2026-08-21,12,19,-0.0,False,20
random_16,2026-08-22,12,5,-2.0,True,21
random_16,2026-08-23,12,6,-0.0,False,22
random_16,2026-08-24,12,0,-2.0,True,23
random_16,2026-08-25,12,8,1.0,False,24
random_16,2026-08-26,12,2,0.0,True,25
random_16,2026-08-27,12,9,-4.0,False,26
random_16,2026-08-28,12,10,2.0,True,27
random_16,2026-08-29,12,4,0.0,True,28
random_16,2026-08-30,12,16,-0.0,False,29
random_16,2026-08-31,12,17,0.0,True,30
random_16,2026-09-01,12,3,2.0,False,31
random_16,2026-09-02,12,13,2.0,True,32
random_16,2026-09-03,12,11,-0.0,False,33
random_16,2026-09-04,12,1,1.0,True,34
random_16,2026-09-05,12,15,-3.0,False,35
random_16,2026-09-06,12,18,0.0,True,36
random_16,2026-09-07,12,7,5.0,False,37
random_16,2026-08-01,13,16,1.0,False,0
random_16,2026-08-02,13,17,2.0,True,1
random_16,2026-08-03,13,11,-0.0,False,2
random_16,2026-08-04,13,9,-3.0,True,3
random_16,2026-08-05,13,0,-0.0,False,4
random_16,2026-08-06,13,14,-3.0,True,5
random_16,2026-08-07,13,3,-1.0,False,6
random_16,2026-08-08,13,4,0.0,True,7
random_16,2026-08-09,13,1,0.0,True,8
random_16,2026-08-10,13,7,-2.0,False,9
random_16,2026-08-11,13,15,0.0,True,10
random_16,2026-08-12,13,8,2.0,False,11
random_16,2026-08-13,13,18,-2.0,True,12
random_16,2026-08-14,13,5,3.0,False,13
random_16,2026-08-15,13,12,1.0,True,14
random_16,2026-08-16,13,19,-1.0,True,15
random_16,2026-08-17,13,10,-2.0,False,16
random_16,2026-08-18,13,2,-1.0,False,17
random_16,2026-08-19,13,6,3.0,True,18
random_16,2026-08-20,13,18,5.0,False,19
random_16,2026-08-21,13,7,3.0,True,20
random_16,2026-08-22,13,15,1.0,False,21
random_16,2026-08-23,13,8,2.0,True,22
random_16,2026-08-24,13,1,-1.0,False,23
random_16,2026-08-25,13,6,-0.0,False,24
random_16,2026-08-26,13,10,3.0,True,25
random_16,2026-08-27,13,19,1.0,False,26
random_16,2026-08-28,13,2,3.0,True,27
random_16,2026-08-29,13,11,2.0,True,28
random_16,2026-08-30,13,9,-2.0,False,29
random_16,2026-08-31,13,16,1.0,True,30
random_16,2026-09-01,13,17,-1.0,False,31
random_16,2026-09-02,13,12,-2.0,False,32
random_16,2026-09-03,13,5,-2.0,True,33
random_16,2026-09-04,13,14,-2.0,False,34
random_16,2026-09-05,13,3,0.0,True,35
random_16,2026-09-06,13,4,1.0,False,36
random_16,2026-09-07,13,0,-1.0,True,37
random_16,2026-08-01,14,0,1.0,True,0
random_16,2026-08-02,14,7,-1.0,False,1
random_16,2026-08-03,14,6,-3.0,True,2
random_16,2026-08-04,14,15,2.0,False,3
random_16,2026-08-05,14,18,1.0,True,4
random_16,2026-08-06,14,13,3.0,False,5
random_16,2026-08-07,14,11,-1.0,True,6
random_16,2026-08-08,14,2,-1.0,False,7
random_16,2026-08-09,14,4,0.0,True,8
random_16,2026-08-10,14,17,-1.0,False,9
random_16,2026-08-11,14,9,0.0,True,10
random_16,2026-08-12,14,1,-4.0,False,11
random_16,2026-08-13,14,12,-1.0,True,12
random_16,2026-08-14,14,3,1.0,False,13
random_16,2026-08-15,14,5,0.0,True,14
random_16,2026-08-16,14,10,1.0,True,15
random_16,2026-08-17,14,16,-0.0,False,16
random_16,2026-08-18,14,8,-1.0,False,17
random_16,2026-08-19,14,19,1.0,True,18
random_16,2026-08-20,14,12,2.0,False,19
random_16,2026-08-21,14,17,-2.0,True,20
random_16,2026-08-22,14,4,-1.0,False,21
random_16,2026-08-23,14,1,-3.0,True,22
random_16,2026-08-24,14,9,-0.0,False,23
random_16,2026-08-25,14,19,3.0,False,24
random_16,2026-08-26,14,16,-2.0,True,25
random_16,2026-08-27,14,10,2.0,False,26
random_16,2026-08-28,14,8,2.0,True,27
random_16,2026-08-29,14,6,-0.0,False,28
random_16,2026-08-30,14,15,-1.0,True,29
random_16,2026-08-31,14,0,-1.0,False,30
random_16,2026-09-01,14,7,1.0,True,31
random_16,2026-09-02,14,5,-2.0,False,32
random_16,2026-09-03,14,3,0.0,True,33
random_16,2026-09-04,14,13,2.0,True,34
random_16,2026-09-05,14,11,1.0,False,35
random_16,2026-09-06,14,2,1.0,True,36
random_16,2026-09-07,14,18,-2.0,False,37
random_16,2026-08-01,15,10,-3.0,False,0
random_16,2026-08-02,15,11,-1.0,True,1
random_16,2026-08-03,15,8,2.0,False,2
random_16,2026-08-04,15,14,-2.0,True,3
random_16,2026-08-05,15,9,1.0,False,4
random_16,2026-08-06,15,19,1.0,True,5
random_16,2026-08-07,15,12,-0.0,False,6
random_16,2026-08-08,15,0,-5.0,True,7
random_16,2026-08-09,15,5,-0.0,False,8
random_16,2026-08-10,15,2,0.0,True,9
random_16,2026-08-11,15,13,-0.0,False,10
random_16,2026-08-12,15,3,1.0,True,11
random_16,2026-08-13,15,16,-3.0,False,12
random_16,2026-08-14,15,6,0.0,True,13
random_16,2026-08-15,15,7,-0.0,False,14
random_16,2026-08-16,15,1,-2.0,False,15
random_16,2026-08-17,15,17,1.0,True,16
random_16,2026-08-18,15,18,1.0,True,17
random_16,2026-08-19,15,4,5.0,False,18
random_16,2026-08-20,15,16,4.0,True,19
random_16,2026-08-21,15,2,-1.0,False,20
random_16,2026-08-22,15,13,-1.0,True,21
random_16,2026-08-23,15,3,-0.0,False,22
random_16,2026-08-24,15,5,1.0,True,23
random_16,2026-08-25,15,4,1.0,True,24
random_16,2026-08-26,15,17,2.0,False,25
random_16,2026-08-27,15,1,-1.0,True,26
random_16,2026-08-28,15,18,2.0,False,27
random_16,2026-08-29,15,8,0.0,True,28
random_16,2026-08-30,15,14,1.0,False,29
random_16,2026-08-31,15,10,2.0,True,30
random_16,2026-09-01,15,11,1.0,False,31
random_16,2026-09-02,15,7,-1.0,True,32
random_16,2026-09-03,15,6,1.0,False,33
random_16,2026-09-04,15,0,-0.0,False,34
random_16,2026-09-05,15,12,3.0,True,35
random_16,2026-09-06,15,19,-0.0,False,36
random_16,2026-09-07,15,9,2.0,True,37
random_16,2026-08-01,16,13,-1.0,True,0
random_16,2026-08-02,16,19,1.0,False,1
random_16,2026-08-03,16,0,0.0,True,2
random_16,2026-08-04,16,12,3.0,False,3
random_16,2026-08-05,16,10,1.0,True,4
random_16,2026-08-06,16,6,-1.0,False,5
random_16,2026-08-07,16,2,-3.0,True,6
random_16,2026-08-08,16,7,-0.0,False,7
random_16,2026-08-09,16,8,-1.0,True,8
random_16,2026-08-10,16,9,-3.0,False,9
random_16,2026-08-11,16,1,0.0,True,10
random_16,2026-08-12,16,4,5.0,False,11
random_16,2026-08-13,16,15,3.0,True,12
random_16,2026-08-14,16,18,0.0,True,13
random_16,2026-08-15,16,11,-2.0,False,14
random_16,2026-08-16,16,3,-2.0,False,15
random_16,2026-08-17,16,14,0.0,True,16
random_16,2026-08-18,16,17,-1.0,True,17
random_16,2026-08-19,16,5,-0.0,False,18
random_16,2026-08-20,16,15,-4.0,False,19
random_16,2026-08-21,16,9,-2.0,True,20
random_16,2026-08-22,16,1,2.0,False,21
random_16,2026-08-23,16,4,1.0,True,22
random_16,2026-08-24,16,8,5.0,False,23
random_16,2026-08-25,16,5,5.0,True,24
random_16,2026-08-26,16,14,2.0,False,25
random_16,2026-08-27,16,3,-1.0,True,26
random_16,2026-08-28,16,17,-0.0,False,27
random_16,2026-08-29,16,0,-0.0,False,28
random_16,2026-08-30,16,12,0.0,True,29
random_16,2026-08-31,16,13,-1.0,False,30
random_16,2026-09-01,16,19,1.0,True,31
random_16,2026-09-02,16,11,1.0,True,32
random_16,2026-09-03,16,18,-0.0,False,33
random_16,2026-09-04,16,6,0.0,True,34
random_16,2026-09-05,16,2,2.0,False,35
random_16,2026-09-06,16,7,1.0,True,36
random_16,2026-09-07,16,10,-0.0,False,37
random_16,2026-08-01,17,12,0.0,True,0
random_16,2026-08-02,17,13,-2.0,False,1
random_16,2026-08-03,17,19,-1.0,True,2
random_16,2026-08-04,17,2,1.0,False,3
random_16,2026-08-05,17,6,1.0,True,4
random_16,2026-08-06,17,7,-0.0,False,5
random_16,2026-08-07,17,1,-1.0,True,6
random_16,2026-08-08,17,11,-4.0,False,7
random_16,2026-08-09,17,3,2.0,False,8
random_16,2026-08-10,17,14,1.0,True,9
random_16,2026-08-11,17,0,-3.0,False,10
random_16,2026-08-12,17,5,-2.0,True,11
random_16,2026-08-13,17,10,2.0,False,12
random_16,2026-08-14,17,4,-2.0,True,13
random_16,2026-08-15,17,18,-0.0,False,14
random_16,2026-08-16,17,8,-3.0,True,15
random_16,2026-08-17,17,15,-1.0,False,16
random_16,2026-08-18,17,16,1.0,False,17
random_16,2026-08-19,17,9,1.0,True,18
random_16,2026-08-20,17,10,-2.0,True,19
random_16,2026-08-21,17,14,2.0,False,20
random_16,2026-08-22,17,0,0.0,True,21
random_16,2026-08-23,17,5,-3.0,False,22
random_16,2026-08-24,17,3,-1.0,True,23
random_16,2026-08-25,17,9,3.0,False,24
random_16,2026-08-26,17,15,-2.0,True,25
random_16,2026-08-27,17,8,1.0,False,26
random_16,2026-08-28,17,16,0.0,True,27
random_16,2026-08-29,17,19,2.0,False,28
random_16,2026-08-30,17,2,0.0,True,29
random_16,2026-08-31,17,12,-0.0,False,30
random_16,2026-09-01,17,13,1.0,True,31
random_16,2026-09-02,17,18,-1.0,True,32
random_16,2026-09-03,17,4,-1.0,False,33
random_16,2026-09-04,17,7,0.0,True,34
random_16,2026-09-05,17,1,-3.0,False,35
random_16,2026-09-06,17,11,0.0,True,36
random_16,2026-09-07,17,6,-1.0,False,37
random_16,2026-08-01,18,11,-0.0,False,0
random_16,2026-08-02,18,9,0.0,True,1
random_16,2026-08-03,18,3,-5.0,False,2
random_16,2026-08-04,18,1,0.0,True,3
random_16,2026-08-05,18,14,-1.0,False,4
random_16,2026-08-06,18,4,-9.0,True,5
random_16,2026-08-07,18,0,1.0,False,6
random_16,2026-08-08,18,12,-3.0,True,7
random_16,2026-08-09,18,6,1.0,False,8
random_16,2026-08-10,18,5,1.0,True,9
random_16,2026-08-11,18,2,1.0,False,10
random_16,2026-08-12,18,19,-3.0,True,11
random_16,2026-08-13,18,13,2.0,False,12
random_16,2026-08-14,18,16,-0.0,False,13
random_16,2026-08-15,18,17,0.0,True,14
random_16,2026-08-16,18,7,1.0,True,15
random_16,2026-08-17,18,8,-2.0,False,16
random_16,2026-08-18,18,15,-1.0,False,17
random_16,2026-08-19,18,10,0.0,True,18
random_16,2026-08-20,18,13,-5.0,True,19
random_16,2026-08-21,18,5,-1.0,False,20
random_16,2026-08-22,18,6,2.0,True,21
random_16,2026-08-23,18,19,-0.0,False,22
random_16,2026-08-24,18,2,0.0,True,23
random_16,2026-08-25,18,10,-2.0,False,24
random_16,2026-08-26,18,8,2.0,True,25
random_16,2026-08-27,18,7,1.0,False,26
random_16,2026-08-28,18,15,-2.0,True,27
random_16,2026-08-29,18,3,-1.0,True,28
random_16,2026-08-30,18,1,-1.0,False,29
random_16,2026-08-31,18,11,0.0,True,30
random_16,2026-09-01,18,9,1.0,False,31
random_16,2026-09-02,18,17,1.0,False,32
random_16,2026-09-03,18,16,0.0,True,33
random_16,2026-09-04,18,4,1.0,False,34
random_16,2026-09-05,18,0,0.0,True,35
random_16,2026-09-06,18,12,-0.0,False,36
random_16,2026-09-07,18,14,2.0,True,37
random_16,2026-08-01,19,3,-3.0,False,0
random_16,2026-08-02,19,16,-1.0,True,1
random_16,2026-08-03,19,17,1.0,False,2
random_16,2026-08-04,19,8,-1.0,True,3
random_16,2026-08-05,19,2,2.0,True,4
random_16,2026-08-06,19,15,-1.0,False,5
random_16,2026-08-07,19,6,0.0,True,6
random_16,2026-08-08,19,5,-2.0,False,7
random_16,2026-08-09,19,7,1.0,True,8
random_16,2026-08-10,19,12,-1.0,False,9
random_16,2026-08-11,19,11,-1.0,True,10
random_16,2026-08-12,19,18,3.0,False,11
random_16,2026-08-13,19,9,2.0,True,12
random_16,2026-08-14,19,1,1.0,True,13
random_16,2026-08-15,19,10,-2.0,False,14
random_16,2026-08-16,19,13,1.0,False,15
random_16,2026-08-17,19,0,4.0,True,16
random_16,2026-08-18,19,4,-1.0,True,17
random_16,2026-08-19,19,14,-1.0,False,18
random_16,2026-08-20,19,9,-1.0,False,19
random_16,2026-08-21,19,12,0.0,True,20
random_16,2026-08-22,19,7,-1.0,False,21
random_16,2026-08-23,19,18,0.0,True,22
random_16,2026-08-24,19,11,-2.0,False,23
random_16,2026-08-25,19,14,-3.0,True,24
random_16,2026-08-26,19,4,-4.0,False,25
random_16,2026-08-27,19,13,-1.0,True,26
random_16,2026-08-28,19,0,2.0,False,27
random_16,2026-08-29,19,17,-2.0,True,28
random_16,2026-08-30,19,8,-1.0,False,29
random_16,2026-08-31,19,3,0.0,True,30
random_16,2026-09-01,19,16,-1.0,False,31
random_16,2026-09-02,19,10,0.0,True,32
random_16,2026-09-03,19,1,2.0,False,33
random_16,2026-09-04,19,5,0.0,True,34
random_16,2026-09-05,19,6,1.0,False,35
random_16,2026-09-06,19,15,0.0,True,36
random_16,2026-09-07,19,2,4.0,False,37
random_17,2026-08-01,0,14,3.0,False,0
random_17,2026-08-02,0,8,1.0,True,1
random_17,2026-08-03,0,16,2.0,False,2
random_17,2026-08-04,0,3,-1.0,True,3
random_17,2026-08-05,0,13,0.0,True,4
random_17,2026-08-06,0,5,2.0,False,5
random_17,2026-08-07,0,18,-3.0,True,6
random_17,2026-08-08,0,15,-0.0,False,7
random_17,2026-08-09,0,12,0.0,True,8
random_17,2026-08-10,0,11,-0.0,False,9
random_17,2026-08-11,0,17,3.0,True,10
random_17,2026-08-12,0,9,-2.0,False,11
random_17,2026-08-13,0,4,3.0,True,12
random_17,2026-08-14,0,10,-1.0,True,13
random_17,2026-08-15,0,1,1.0,False,14
random_17,2026-08-16,0,6,1.0,True,15
random_17,2026-08-17,0,19,1.0,False,16
random_17,2026-08-18,0,7,-3.0,False,17
random_17,2026-08-19,0,2,2.0,True,18
random_17,2026-08-20,0,4,5.0,False,19
random_17,2026-08-21,0,11,0.0,True,20
random_17,2026-08-22,0,17,1.0,False,21
random_17,2026-08-23,0,9,0.0,True,22
random_17,2026-08-24,0,12,-1.0,False,23
random_17,2026-08-25,0,2,4.0,False,24
random_17,2026-08-26,0,7,1.0,True,25
random_17,2026-08-27,0,6,-1.0,False,26
random_17,2026-08-28,0,19,0.0,True,27
random_17,2026-08-29,0,16,-2.0,True,28
random_17,2026-08-30,0,3,2.0,False,29
random_17,2026-08-31,0,14,-2.0,True,30
random_17,2026-09-01,0,8,1.0,False,31
random_17,2026-09-02,0,1,3.0,True,32
random_17,2026-09-03,0,10,-2.0,False,33
random_17,2026-09-04,0,15,1.0,True,34
random_17,2026-09-05,0,18,2.0,False,35
random_17,2026-09-06,0,5,2.0,True,36
random_17,2026-09-07,0,13,-0.0,False,37
random_17,2026-08-01,1,6,0.0,True,0
random_17,2026-08-02,1,2,1.0,False,1
random_17,2026-08-03,1,5,3.0,True,2
random_17,2026-08-04,1,18,-0.0,False,3
random_17,2026-08-05,1,4,-1.0,False,4
random_17,2026-08-06,1,12,2.0,True,5
random_17,2026-08-07,1,17,2.0,False,6
random_17,2026-08-08,1,8,-2.0,True,7
random_17,2026-08-09,1,13,-0.0,False,8
random_17,2026-08-10,1,10,2.0,True,9
random_17,2026-08-11,1,16,-2.0,False,10
random_17,2026-08-12,1,14,0.0,True,11
random_17,2026-08-13,1,3,1.0,False,12
random_17,2026-08-14,1,19,-1.0,False,13
random_17,2026-08-15,1,0,-1.0,True,14
random_17,2026-08-16,1,15,0.0,True,15
random_17,2026-08-17,1,7,-0.0,False,16
random_17,2026-08-18,1,9,-3.0,False,17
random_17,2026-08-19,1,11,-3.0,True,18
random_17,2026-08-20,1,3,4.0,True,19
random_17,2026-08-21,1,10,2.0,False,20
random_17,2026-08-22,1,16,-1.0,True,21
random_17,2026-08-23,1,14,-0.0,False,22
random_17,2026-08-24,1,13,0.0,True,23
random_17,2026-08-25,1,11,1.0,False,24
random_17,2026-08-26,1,9,1.0,True,25
random_17,2026-08-27,1,15,-0.0,False,26
random_17,2026-08-28,1,7,2.0,True,27
random_17,2026-08-29,1,5,-3.0,False,28
random_17,2026-08-30,1,18,6.0,True,29
random_17,2026-08-31,1,6,-1.0,False,30
random_17,2026-09-01,1,2,1.0,True,31
random_17,2026-09-02,1,0,-3.0,False,32
random_17,2026-09-03,1,19,1.0,True,33
random_17,2026-09-04,1,12,4.0,False,34
random_17,2026-09-05,1,17,0.0,True,35
random_17,2026-09-06,1,8,1.0,False,36
random_17,2026-09-07,1,4,-1.0,True,37
random_17,2026-08-01,2,4,3.0,False,0
random_17,2026-08-02,2,1,-1.0,True,1
random_17,2026-08-03,2,10,-1.0,False,2
random_17,2026-08-04,2,17,0.0,True,3
random_17,2026-08-05,2,19,-1.0,False,4
random_17,2026-08-06,2,3,1.0,True,5
random_17,2026-08-07,2,16,2.0,False,6
random_17,2026-08-08,2,14,-1.0,True,7
random_17,2026-08-09,2,9,-4.0,True,8
random_17,2026-08-10,2,15,-1.0,False,9
random_17,2026-08-11,2,18,-1.0,True,10
random_17,2026-08-12,2,11,-0.0,False,11
random_17,2026-08-13,2,8,0.0,True,12
random_17,2026-08-14,2,7,0.0,True,13
random_17,2026-08-15,2,6,-3.0,False,14
random_17,2026-08-16,2,5,-0.0,False,15
random_17,2026-08-17,2,12,2.0,True,16
random_17,2026-08-18,2,13,1.0,True,17
random_17,2026-08-19,2,0,-2.0,False,18
random_17,2026-08-20,2,8,-0.0,False,19
random_17,2026-08-21,2,15,-2.0,True,20
random_17,2026-08-22,2,9,1.0,False,21
random_17,2026-08-23,2,11,-4.0,True,22
random_17,2026-08-24,2,18,-0.0,False,23
random_17,2026-08-25,2,0,-4.0,True,24
random_17,2026-08-26,2,12,1.0,False,25
random_17,2026-08-27,2,5,0.0,True,26
random_17,2026-08-28,2,13,2.0,False,27
random_17,2026-08-29,2,10,-1.0,True,28
random_17,2026-08-30,2,17,-0.0,False,29
random_17,2026-08-31,2,4,2.0,True,30
random_17,2026-09-01,2,1,-1.0,False,31
random_17,2026-09-02,2,6,-1.0,True,32
random_17,2026-09-03,2,7,-1.0,False,33
random_17,2026-09-04,2,3,-2.0,False,34
random_17,2026-09-05,2,16,1.0,True,35
random_17,2026-09-06,2,14,-0.0,False,36
random_17,2026-09-07,2,19,0.0,True,37
random_17,2026-08-01,3,19,-1.0,True,0
random_17,2026-08-02,3,12,-2.0,False,1
random_17,2026-08-03,3,18,3.0,True,2
random_17,2026-08-04,3,0,1.0,False,3
random_17,2026-08-05,3,5,-1.0,True,4
random_17,2026-08-06,3,2,-1.0,False,5
random_17,2026-08-07,3,13,1.0,True,6
random_17,2026-08-08,3,10,-2.0,False,7
random_17,2026-08-09,3,17,0.0,True,8
random_17,2026-08-10,3,4,4.0,False,9
random_17,2026-08-11,3,8,-2.0,True,10
random_17,2026-08-12,3,15,-2.0,False,11
random_17,2026-08-13,3,1,-1.0,True,12
random_17,2026-08-14,3,14,-1.0,True,13
random_17,2026-08-15,3,9,-2.0,False,14
random_17,2026-08-16,3,16,0.0,True,15
random_17,2026-08-17,3,11,-4.0,False,16
random_17,2026-08-18,3,6,-4.0,False,17
random_17,2026-08-19,3,7,0.0,True,18
random_17,2026-08-20,3,1,-4.0,False,19
random_17,2026-08-21,3,4,2.0,True,20
random_17,2026-08-22,3,8,-4.0,False,21
random_17,2026-08-23,3,15,-1.0,True,22
random_17,2026-08-24,3,17,3.0,False,23
random_17,2026-08-25,3,7,1.0,False,24
random_17,2026-08-26,3,6,-1.0,True,25
random_17,2026-08-27,3,16,1.0,False,26
random_17,2026-08-28,3,11,-1.0,True,27
random_17,2026-08-29,3,18,1.0,False,28
random_17,2026-08-30,3,0,-2.0,True,29
random_17,2026-08-31,3,19,-0.0,False,30
random_17,2026-09-01,3,12,0.0,True,31
random_17,2026-09-02,3,9,-2.0,True,32
random_17,2026-09-03,3,14,-0.0,False,33
random_17,2026-09-04,3,2,2.0,True,34
random_17,2026-09-05,3,13,3.0,False,35
random_17,2026-09-06,3,10,1.0,True,36
random_17,2026-09-07,3,5,-1.0,False,37
random_17,2026-08-01,4,2,-3.0,True,0
random_17,2026-08-02,4,5,2.0,False,1
random_17,2026-08-03,4,12,0.0,True,2
random_17,2026-08-04,4,6,-0.0,False,3
random_17,2026-08-05,4,1,1.0,True,4
random_17,2026-08-06,4,18,2.0,False,5
random_17,2026-08-07,4,7,0.0,True,6
random_17,2026-08-08,4,13,2.0,False,7
random_17,2026-08-09,4,14,-0.0,False,8
random_17,2026-08-10,4,3,-4.0,True,9
random_17,2026-08-11,4,10,3.0,False,10
random_17,2026-08-12,4,16,0.0,True,11
random_17,2026-08-13,4,0,-3.0,False,12
random_17,2026-08-14,4,17,-0.0,False,13
random_17,2026-08-15,4,8,3.0,True,14
random_17,2026-08-16,4,11,0.0,True,15
random_17,2026-08-17,4,9,-2.0,False,16
random_17,2026-08-18,4,19,1.0,False,17
random_17,2026-08-19,4,15,0.0,True,18
random_17,2026-08-20,4,0,-5.0,True,19
random_17,2026-08-21,4,3,-2.0,False,20
random_17,2026-08-22,4,14,1.0,True,21
random_17,2026-08-23,4,16,4.0,False,22
random_17,2026-08-24,4,10,0.0,True,23
random_17,2026-08-25,4,15,-1.0,False,24
random_17,2026-08-26,4,19,1.0,True,25
random_17,2026-08-27,4,11,2.0,False,26
random_17,2026-08-28,4,9,0.0,True,27
random_17,2026-08-29,4,12,-0.0,False,28
random_17,2026-08-30,4,6,1.0,True,29
random_17,2026-08-31,4,2,-2.0,False,30
random_17,2026-09-01,4,5,-1.0,True,31
random_17,2026-09-02,4,8,2.0,False,32
random_17,2026-09-03,4,17,2.0,True,33
random_17,2026-09-04,4,18,4.0,True,34
random_17,2026-09-05,4,7,-2.0,False,35
random_17,2026-09-06,4,13,3.0,True,36
random_17,2026-09-07,4,1,1.0,False,37
random_17,2026-08-01,5,9,-2.0,False,0
random_17,2026-08-02,5,4,-2.0,True,1
random_17,2026-08-03,5,1,-3.0,False,2
random_17,2026-08-04,5,10,1.0,True,3
random_17,2026-08-05,5,3,1.0,False,4
random_17,2026-08-06,5,0,-2.0,True,5
random_17,2026-08-07,5,8,-1.0,False,6
random_17,2026-08-08,5,19,1.0,True,7
random_17,2026-08-09,5,15,1.0,True,8
random_17,2026-08-10,5,18,1.0,False,9
random_17,2026-08-11,5,12,1.0,True,10
random_17,2026-08-12,5,17,3.0,False,11
random_17,2026-08-13,5,7,-2.0,True,12
random_17,2026-08-14,5,13,2.0,True,13
random_17,2026-08-15,5,14,-3.0,False,14
random_17,2026-08-16,5,2,0.0,True,15
random_17,2026-08-17,5,6,-0.0,False,16
random_17,2026-08-18,5,11,-1.0,False,17
random_17,2026-08-19,5,16,1.0,True,18
random_17,2026-08-20,5,7,-0.0,False,19
random_17,2026-08-21,5,18,0.0,True,20
random_17,2026-08-22,5,12,-0.0,False,21
random_17,2026-08-23,5,17,0.0,True,22
random_17,2026-08-24,5,15,1.0,False,23
random_17,2026-08-25,5,16,-3.0,False,24
random_17,2026-08-26,5,11,-1.0,True,25
random_17,2026-08-27,5,2,-0.0,False,26
random_17,2026-08-28,5,6,2.0,True,27
random_17,2026-08-29,5,1,3.0,True,28
random_17,2026-08-30,5,10,-0.0,False,29
random_17,2026-08-31,5,9,-1.0,True,30
random_17,2026-09-01,5,4,1.0,False,31
random_17,2026-09-02,5,14,1.0,True,32
random_17,2026-09-03,5,13,-3.0,False,33
random_17,2026-09-04,5,19,1.0,False,34
random_17,2026-09-05,5,8,3.0,True,35
random_17,2026-09-06,5,0,-2.0,False,36
random_17,2026-09-07,5,3,1.0,True,37
random_17,2026-08-01,6,1,-0.0,False,0
random_17,2026-08-02,6,10,2.0,True,1
random_17,2026-08-03,6,14,1.0,False,2
random_17,2026-08-04,6,4,0.0,True,3
random_17,2026-08-05,6,17,-2.0,False,4
random_17,2026-08-06,6,16,5.0,True,5
random_17,2026-08-07,6,19,-3.0,False,6
random_17,2026-08-08,6,9,-4.0,True,7
random_17,2026-08-09,6,18,-1.0,True,8
random_17,2026-08-10,6,8,-0.0,False,9
random_17,2026-08-11,6,7,0.0,True,10
random_17,2026-08-12,6,12,2.0,False,11
random_17,2026-08-13,6,11,-1.0,True,12
random_17,2026-08-14,6,15,2.0,False,13
random_17,2026-08-15,6,2,3.0,True,14
random_17,2026-08-16,6,0,-1.0,False,15
random_17,2026-08-17,6,5,0.0,True,16
random_17,2026-08-18,6,3,4.0,True,17
random_17,2026-08-19,6,13,-1.0,False,18
random_17,2026-08-20,6,11,4.0,False,19
random_17,2026-08-21,6,8,-1.0,True,20
random_17,2026-08-22,6,18,-0.0,False,21
random_17,2026-08-23,6,12,0.0,True,22
random_17,2026-08-24,6,7,3.0,False,23
random_17,2026-08-25,6,13,0.0,True,24
random_17,2026-08-26,6,3,1.0,False,25
random_17,2026-08-27,6,0,1.0,True,26
random_17,2026-08-28,6,5,-2.0,False,27
random_17,2026-08-29,6,14,3.0,True,28
random_17,2026-08-30,6,4,-1.0,False,29
random_17,2026-08-31,6,1,1.0,True,30
random_17,2026-09-01,6,10,-1.0,False,31
random_17,2026-09-02,6,2,1.0,False,32
random_17,2026-09-03,6,15,1.0,True,33
random_17,2026-09-04,6,16,-0.0,False,34
random_17,2026-09-05,6,19,-3.0,True,35
random_17,2026-09-06,6,9,-0.0,False,36
random_17,2026-09-07,6,17,-1.0,True,37
random_17,2026-08-01,7,8,-3.0,False,0
random_17,2026-08-02,7,14,4.0,True,1
random_17,2026-08-03,7,9,2.0,False,2
random_17,2026-08-04,7,11,2.0,True,3
random_17,2026-08-05,7,12,1.0,False,4
random_17,2026-08-06,7,17,0.0,True,5
random_17,2026-08-07,7,4,-0.0,False,6
random_17,2026-08-08,7,16,-1.0,True,7
random_17,2026-08-09,7,19,1.0,False,8
random_17,2026-08-10,7,13,-1.0,True,9
random_17,2026-08-11,7,6,-0.0,False,10
random_17,2026-08-12,7,10,-2.0,True,11
random_17,2026-08-13,7,5,2.0,False,12
random_17,2026-08-14,7,2,-0.0,False,13
random_17,2026-08-15,7,15,1.0,True,14
random_17,2026-08-16,7,18,-0.0,False,15
random_17,2026-08-17,7,1,0.0,True,16
random_17,2026-08-18,7,0,3.0,True,17
random_17,2026-08-19,7,3,-0.0,False,18
random_17,2026-08-20,7,5,0.0,True,19
random_17,2026-08-21,7,13,1.0,False,20
random_17,2026-08-22,7,19,-2.0,True,21
random_17,2026-08-23,7,10,2.0,False,22
random_17,2026-08-24,7,6,-3.0,True,23
random_17,2026-08-25,7,3,-1.0,True,24
random_17,2026-08-26,7,0,-1.0,False,25
random_17,2026-08-27,7,18,2.0,True,26
random_17,2026-08-28,7,1,-2.0,False,27
random_17,2026-08-29,7,9,2.0,True,28
random_17,2026-08-30,7,11,3.0,False,29
random_17,2026-08-31,7,8,1.0,True,30
random_17,2026-09-01,7,14,-0.0,False,31
random_17,2026-09-02,7,15,1.0,False,32
random_17,2026-09-03,7,2,1.0,True,33
random_17,2026-09-04,7,17,-1.0,False,34
random_17,2026-09-05,7,4,2.0,True,35
random_17,2026-09-06,7,16,-1.0,False,36
random_17,2026-09-07,7,12,-3.0,True,37
random_17,2026-08-01,8,7,3.0,True,0
random_17,2026-08-02,8,0,-1.0,False,1
random_17,2026-08-03,8,15,3.0,True,2
random_17,2026-08-04,8,19,3.0,False,3
random_17,2026-08-05,8,11,0.0,True,4
random_17,2026-08-06,8,10,-0.0,False,5
random_17,2026-08-07,8,5,1.0,True,6
random_17,2026-08-08,8,1,2.0,False,7
random_17,2026-08-09,8,16,-0.0,False,8
random_17,2026-08-10,8,6,0.0,True,9
random_17,2026-08-11,8,3,2.0,False,10
random_17,2026-08-12,8,13,-1.0,True,11
random_17,2026-08-13,8,2,-0.0,False,12
random_17,2026-08-14,8,9,1.0,True,13
random_17,2026-08-15,8,4,-3.0,False,14
random_17,2026-08-16,8,17,-2.0,False,15
random_17,2026-08-17,8,18,1.0,True,16
random_17,2026-08-18,8,14,0.0,True,17
random_17,2026-08-19,8,12,1.0,False,18
random_17,2026-08-20,8,2,0.0,True,19
random_17,2026-08-21,8,6,1.0,False,20
random_17,2026-08-22,8,3,4.0,True,21
random_17,2026-08-23,8,13,-0.0,False,22
random_17,2026-08-24,8,16,1.0,True,23
random_17,2026-08-25,8,12,2.0,True,24
random_17,2026-08-26,8,18,4.0,False,25
random_17,2026-08-27,8,17,2.0,True,26
random_17,2026-08-28,8,14,1.0,False,27
random_17,2026-08-29,8,15,-3.0,False,28
random_17,2026-08-30,8,19,-3.0,True,29
random_17,2026-08-31,8,7,-1.0,False,30
random_17,2026-09-01,8,0,-1.0,True,31
random_17,2026-09-02,8,4,-2.0,True,32
random_17,2026-09-03,8,9,-1.0,False,33
random_17,2026-09-04,8,10,0.0,True,34
random_17,2026-09-05,8,5,-3.0,False,35
random_17,2026-09-06,8,1,-1.0,True,36
random_17,2026-09-07,8,11,5.0,False,37
random_17,2026-08-01,9,5,2.0,True,0
random_17,2026-08-02,9,18,-4.0,False,1
random_17,2026-08-03,9,7,-2.0,True,2
random_17,2026-08-04,9,13,1.0,False,3
random_17,2026-08-05,9,15,-2.0,True,4
random_17,2026-08-06,9,11,-2.0,False,5
random_17,2026-08-07,9,10,5.0,True,6
random_17,2026-08-08,9,6,4.0,False,7
random_17,2026-08-09,9,2,4.0,False,8
random_17,2026-08-10,9,16,0.0,True,9
random_17,2026-08-11,9,14,-1.0,False,10
random_17,2026-08-12,9,0,2.0,True,11
random_17,2026-08-13,9,19,-0.0,False,12
random_17,2026-08-14,9,8,-1.0,False,13
random_17,2026-08-15,9,3,2.0,True,14
random_17,2026-08-16,9,12,-0.0,False,15
random_17,2026-08-17,9,4,2.0,True,16
random_17,2026-08-18,9,1,3.0,True,17
random_17,2026-08-19,9,17,-0.0,False,18
random_17,2026-08-20,9,19,0.0,True,19
random_17,2026-08-21,9,16,3.0,False,20
random_17,2026-08-22,9,2,-1.0,True,21
random_17,2026-08-23,9,0,-0.0,False,22
random_17,2026-08-24,9,14,1.0,True,23
random_17,2026-08-25,9,17,0.0,True,24
random_17,2026-08-26,9,1,-1.0,False,25
random_17,2026-08-27,9,12,-2.0,True,26
random_17,2026-08-28,9,4,-0.0,False,27
random_17,2026-08-29,9,7,-2.0,False,28
random_17,2026-08-30,9,13,0.0,True,29
random_17,2026-08-31,9,5,1.0,False,30
random_17,2026-09-01,9,18,1.0,True,31
random_17,2026-09-02,9,3,2.0,False,32
random_17,2026-09-03,9,8,1.0,True,33
random_17,2026-09-04,9,11,0.0,True,34
random_17,2026-09-05,9,10,-1.0,False,35
random_17,2026-09-06,9,6,0.0,True,36
random_17,2026-09-07,9,15,-0.0,False,37
random_17,2026-08-01,10,15,1.0,True,0
random_17,2026-08-02,10,6,-2.0,False,1
random_17,2026-08-03,10,2,1.0,True,2
random_17,2026-08-04,10,5,-1.0,False,3
random_17,2026-08-05,10,16,-1.0,False,4
random_17,2026-08-06,10,8,0.0,True,5
random_17,2026-08-07,10,9,-5.0,False,6
random_17,2026-08-08,10,3,2.0,True,7
random_17,2026-08-09,10,11,-1.0,True,8
random_17,2026-08-10,10,1,-2.0,False,9
random_17,2026-08-11,10,4,-3.0,True,10
random_17,2026-08-12,10,7,2.0,False,11
random_17,2026-08-13,10,17,1.0,True,12
random_17,2026-08-14,10,0,1.0,False,13
random_17,2026-08-15,10,19,0.0,True,14
random_17,2026-08-16,10,14,-3.0,False,15
random_17,2026-08-17,10,13,1.0,True,16
random_17,2026-08-18,10,12,3.0,True,17
random_17,2026-08-19,10,18,-2.0,False,18
random_17,2026-08-20,10,17,1.0,False,19
random_17,2026-08-21,10,1,-2.0,True,20
random_17,2026-08-22,10,11,-0.0,False,21
random_17,2026-08-23,10,7,-2.0,True,22
random_17,2026-08-24,10,4,-0.0,False,23
random_17,2026-08-25,10,18,0.0,True,24
random_17,2026-08-26,10,13,-0.0,False,25
random_17,2026-08-27,10,14,2.0,True,26
random_17,2026-08-28,10,12,-0.0,False,27
random_17,2026-08-29,10,2,1.0,False,28
random_17,2026-08-30,10,5,0.0,True,29
random_17,2026-08-31,10,15,1.0,False,30
random_17,2026-09-01,10,6,1.0,True,31
random_17,2026-09-02,10,19,-7.0,False,32
random_17,2026-09-03,10,0,2.0,True,33
random_17,2026-09-04,10,8,-0.0,False,34
random_17,2026-09-05,10,9,1.0,True,35
random_17,2026-09-06,10,3,-1.0,False,36
random_17,2026-09-07,10,16,-1.0,True,37
random_17,2026-08-01,11,18,1.0,True,0
random_17,2026-08-02,11,15,1.0,False,1
random_17,2026-08-03,11,13,-1.0,True,2
random_17,2026-08-04,11,7,-2.0,False,3
random_17,2026-08-05,11,8,-0.0,False,4
random_17,2026-08-06,11,9,2.0,True,5
random_17,2026-08-07,11,14,-0.0,False,6
random_17,2026-08-08,11,17,3.0,True,7
random_17,2026-08-09,11,10,1.0,False,8
random_17,2026-08-10,11,0,0.0,True,9
random_17,2026-08-11,11,19,2.0,False,10
random_17,2026-08-12,11,2,0.0,True,11
random_17,2026-08-13,11,6,1.0,False,12
random_17,2026-08-14,11,12,1.0,False,13
random_17,2026-08-15,11,16,0.0,True,14
random_17,2026-08-16,11,4,-0.0,False,15
random_17,2026-08-17,11,3,4.0,True,16
random_17,2026-08-18,11,5,1.0,True,17
random_17,2026-08-19,11,1,3.0,False,18
random_17,2026-08-20,11,6,-4.0,True,19
random_17,2026-08-21,11,0,-0.0,False,20
random_17,2026-08-22,11,10,0.0,True,21
random_17,2026-08-23,11,2,4.0,False,22
random_17,2026-08-24,11,19,-1.0,True,23
random_17,2026-08-25,11,1,-1.0,True,24
random_17,2026-08-26,11,5,1.0,False,25
random_17,2026-08-27,11,4,-2.0,True,26
random_17,2026-08-28,11,3,1.0,False,27
random_17,2026-08-29,11,13,-1.0,False,28
random_17,2026-08-30,11,7,-3.0,True,29
random_17,2026-08-31,11,18,3.0,False,30
random_17,2026-09-01,11,15,0.0,True,31
random_17,2026-09-02,11,16,2.0,False,32
random_17,2026-09-03,11,12,-1.0,True,33
random_17,2026-09-04,11,9,-0.0,False,34
random_17,2026-09-05,11,14,-1.0,True,35
random_17,2026-09-06,11,17,-1.0,False,36
random_17,2026-09-07,11,8,-5.0,True,37
random_17,2026-08-01,12,17,-0.0,False,0
random_17,2026-08-02,12,3,2.0,True,1
random_17,2026-08-03,12,4,-0.0,False,2
random_17,2026-08-04,12,16,-1.0,True,3
random_17,2026-08-05,12,7,-1.0,True,4
random_17,2026-08-06,12,1,-2.0,False,5
random_17,2026-08-07,12,15,0.0,True,6
random_17,2026-08-08,12,18,1.0,False,7
random_17,2026-08-09,12,0,-0.0,False,8
random_17,2026-08-10,12,19,2.0,True,9
random_17,2026-08-11,12,5,-1.0,False,10
random_17,2026-08-12,12,6,-2.0,True,11
random_17,2026-08-13,12,14,-0.0,False,12
random_17,2026-08-14,12,11,-1.0,True,13
random_17,2026-08-15,12,13,1.0,False,14
random_17,2026-08-16,12,9,0.0,True,15
random_17,2026-08-17,12,2,-2.0,False,16
random_17,2026-08-18,12,10,-3.0,False,17
random_17,2026-08-19,12,8,-1.0,True,18
random_17,2026-08-20,12,14,1.0,True,19
random_17,2026-08-21,12,19,2.0,False,20
random_17,2026-08-22,12,5,0.0,True,21
random_17,2026-08-23,12,6,-0.0,False,22
random_17,2026-08-24,12,0,1.0,True,23
random_17,2026-08-25,12,8,-2.0,False,24
random_17,2026-08-26,12,2,-1.0,True,25
random_17,2026-08-27,12,9,2.0,False,26
random_17,2026-08-28,12,10,0.0,True,27
random_17,2026-08-29,12,4,0.0,True,28
random_17,2026-08-30,12,16,-1.0,False,29
random_17,2026-08-31,12,17,1.0,True,30
random_17,2026-09-01,12,3,-0.0,False,31
random_17,2026-09-02,12,13,-1.0,True,32
random_17,2026-09-03,12,11,1.0,False,33
random_17,2026-09-04,12,1,-4.0,True,34
random_17,2026-09-05,12,15,1.0,False,35
random_17,2026-09-06,12,18,-3.0,True,36
random_17,2026-09-07,12,7,3.0,False,37
random_17,2026-08-01,13,16,-3.0,False,0
random_17,2026-08-02,13,17,-3.0,True,1
random_17,2026-08-03,13,11,1.0,False,2
random_17,2026-08-04,13,9,-1.0,True,3
random_17,2026-08-05,13,0,-0.0,False,4
random_17,2026-08-06,13,14,-1.0,True,5
random_17,2026-08-07,13,3,-1.0,False,6
random_17,2026-08-08,13,4,-2.0,True,7
random_17,2026-08-09,13,1,0.0,True,8
random_17,2026-08-10,13,7,1.0,False,9
random_17,2026-08-11,13,15,0.0,True,10
random_17,2026-08-12,13,8,1.0,False,11
random_17,2026-08-13,13,18,0.0,True,12
random_17,2026-08-14,13,5,-2.0,False,13
random_17,2026-08-15,13,12,-1.0,True,14
random_17,2026-08-16,13,19,0.0,True,15
random_17,2026-08-17,13,10,-1.0,False,16
random_17,2026-08-18,13,2,-1.0,False,17
random_17,2026-08-19,13,6,1.0,True,18
random_17,2026-08-20,13,18,-2.0,False,19
random_17,2026-08-21,13,7,-1.0,True,20
random_17,2026-08-22,13,15,3.0,False,21
random_17,2026-08-23,13,8,0.0,True,22
random_17,2026-08-24,13,1,-0.0,False,23
random_17,2026-08-25,13,6,-0.0,False,24
random_17,2026-08-26,13,10,0.0,True,25
random_17,2026-08-27,13,19,1.0,False,26
random_17,2026-08-28,13,2,-2.0,True,27
random_17,2026-08-29,13,11,1.0,True,28
random_17,2026-08-30,13,9,-0.0,False,29
random_17,2026-08-31,13,16,0.0,True,30
random_17,2026-09-01,13,17,2.0,False,31
random_17,2026-09-02,13,12,1.0,False,32
random_17,2026-09-03,13,5,3.0,True,33
random_17,2026-09-04,13,14,-1.0,False,34
random_17,2026-09-05,13,3,-3.0,True,35
random_17,2026-09-06,13,4,-3.0,False,36
random_17,2026-09-07,13,0,0.0,True,37
random_17,2026-08-01,14,0,-3.0,True,0
random_17,2026-08-02,14,7,-4.0,False,1
random_17,2026-08-03,14,6,-1.0,True,2
random_17,2026-08-04,14,15,-0.0,False,3
random_17,2026-08-05,14,18,-1.0,True,4
random_17,2026-08-06,14,13,1.0,False,5
random_17,2026-08-07,14,11,0.0,True,6
random_17,2026-08-08,14,2,1.0,False,7
random_17,2026-08-09,14,4,0.0,True,8
random_17,2026-08-10,14,17,-0.0,False,9
random_17,2026-08-11,14,9,1.0,True,10
random_17,2026-08-12,14,1,-0.0,False,11
random_17,2026-08-13,14,12,0.0,True,12
random_17,2026-08-14,14,3,1.0,False,13
random_17,2026-08-15,14,5,3.0,True,14
random_17,2026-08-16,14,10,3.0,True,15
random_17,2026-08-17,14,16,5.0,False,16
random_17,2026-08-18,14,8,-0.0,False,17
random_17,2026-08-19,14,19,0.0,True,18
random_17,2026-08-20,14,12,-1.0,False,19
random_17,2026-08-21,14,17,0.0,True,20
random_17,2026-08-22,14,4,-1.0,False,21
random_17,2026-08-23,14,1,0.0,True,22
random_17,2026-08-24,14,9,-1.0,False,23
random_17,2026-08-25,14,19,-2.0,False,24
random_17,2026-08-26,14,16,3.0,True,25
random_17,2026-08-27,14,10,-2.0,False,26
random_17,2026-08-28,14,8,-1.0,True,27
random_17,2026-08-29,14,6,-3.0,False,28
random_17,2026-08-30,14,15,-1.0,True,29
random_17,2026-08-31,14,0,2.0,False,30
random_17,2026-09-01,14,7,0.0,True,31
random_17,2026-09-02,14,5,-1.0,False,32
random_17,2026-09-03,14,3,0.0,True,33
random_17,2026-09-04,14,13,1.0,True,34
random_17,2026-09-05,14,11,1.0,False,35
random_17,2026-09-06,14,2,0.0,True,36
random_17,2026-09-07,14,18,-0.0,False,37
random_17,2026-08-01,15,10,-1.0,False,0
random_17,2026-08-02,15,11,-1.0,True,1
random_17,2026-08-03,15,8,-3.0,False,2
random_17,2026-08-04,15,14,0.0,True,3
random_17,2026-08-05,15,9,2.0,False,4
random_17,2026-08-06,15,19,4.0,True,5
random_17,2026-08-07,15,12,-0.0,False,6
random_17,2026-08-08,15,0,0.0,True,7
random_17,2026-08-09,15,5,-1.0,False,8
random_17,2026-08-10,15,2,1.0,True,9
random_17,2026-08-11,15,13,-0.0,False,10
random_17,2026-08-12,15,3,2.0,True,11
random_17,2026-08-13,15,16,4.0,False,12
random_17,2026-08-14,15,6,-2.0,True,13
random_17,2026-08-15,15,7,-1.0,False,14
random_17,2026-08-16,15,1,-0.0,False,15
random_17,2026-08-17,15,17,-3.0,True,16
random_17,2026-08-18,15,18,4.0,True,17
random_17,2026-08-19,15,4,-0.0,False,18
random_17,2026-08-20,15,16,2.0,True,19
random_17,2026-08-21,15,2,2.0,False,20
random_17,2026-08-22,15,13,-3.0,True,21
random_17,2026-08-23,15,3,1.0,False,22
random_17,2026-08-24,15,5,-1.0,True,23
random_17,2026-08-25,15,4,1.0,True,24
random_17,2026-08-26,15,17,-3.0,False,25
random_17,2026-08-27,15,1,0.0,True,26
random_17,2026-08-28,15,18,-0.0,False,27
random_17,2026-08-29,15,8,3.0,True,28
random_17,2026-08-30,15,14,1.0,False,29
random_17,2026-08-31,15,10,-1.0,True,30
random_17,2026-09-01,15,11,-0.0,False,31
random_17,2026-09-02,15,7,-1.0,True,32
random_17,2026-09-03,15,6,-1.0,False,33
random_17,2026-09-04,15,0,-1.0,False,34
random_17,2026-09-05,15,12,-1.0,True,35
random_17,2026-09-06,15,19,1.0,False,36
random_17,2026-09-07,15,9,0.0,True,37
random_17,2026-08-01,16,13,3.0,True,0
random_17,2026-08-02,16,19,-1.0,False,1
random_17,2026-08-03,16,0,-2.0,True,2
random_17,2026-08-04,16,12,1.0,False,3
random_17,2026-08-05,16,10,1.0,True,4
random_17,2026-08-06,16,6,-5.0,False,5
random_17,2026-08-07,16,2,-2.0,True,6
random_17,2026-08-08,16,7,1.0,False,7
random_17,2026-08-09,16,8,0.0,True,8
random_17,2026-08-10,16,9,-0.0,False,9
random_17,2026-08-11,16,1,2.0,True,10
random_17,2026-08-12,16,4,-0.0,False,11
random_17,2026-08-13,16,15,-4.0,True,12
random_17,2026-08-14,16,18,-2.0,True,13
random_17,2026-08-15,16,11,-0.0,False,14
random_17,2026-08-16,16,3,-0.0,False,15
random_17,2026-08-17,16,14,-5.0,True,16
random_17,2026-08-18,16,17,-1.0,True,17
random_17,2026-08-19,16,5,-1.0,False,18
random_17,2026-08-20,16,15,-2.0,False,19
random_17,2026-08-21,16,9,-3.0,True,20
random_17,2026-08-22,16,1,1.0,False,21
random_17,2026-08-23,16,4,-4.0,True,22
random_17,2026-08-24,16,8,-1.0,False,23
random_17,2026-08-25,16,5,3.0,True,24
random_17,2026-08-26,16,14,-3.0,False,25
random_17,2026-08-27,16,3,-1.0,True,26
random_17,2026-08-28,16,17,-2.0,False,27
random_17,2026-08-29,16,0,2.0,False,28
random_17,2026-08-30,16,12,1.0,True,29
random_17,2026-08-31,16,13,-0.0,False,30
random_17,2026-09-01,16,19,-2.0,True,31
random_17,2026-09-02,16,11,-2.0,True,32
random_17,2026-09-03,16,18,1.0,False,33
random_17,2026-09-04,16,6,0.0,True,34
random_17,2026-09-05,16,2,-1.0,False,35
random_17,2026-09-06,16,7,1.0,True,36
random_17,2026-09-07,16,10,1.0,False,37
random_17,2026-08-01,17,12,0.0,True,0
random_17,2026-08-02,17,13,3.0,False,1
random_17,2026-08-03,17,19,1.0,True,2
random_17,2026-08-04,17,2,-0.0,False,3
random_17,2026-08-05,17,6,2.0,True,4
random_17,2026-08-06,17,7,-0.0,False,5
random_17,2026-08-07,17,1,-2.0,True,6
random_17,2026-08-08,17,11,-3.0,False,7
random_17,2026-08-09,17,3,-0.0,False,8
random_17,2026-08-10,17,14,0.0,True,9
random_17,2026-08-11,17,0,-3.0,False,10
random_17,2026-08-12,17,5,-3.0,True,11
random_17,2026-08-13,17,10,-1.0,False,12
random_17,2026-08-14,17,4,0.0,True,13
random_17,2026-08-15,17,18,2.0,False,14
random_17,2026-08-16,17,8,2.0,True,15
random_17,2026-08-17,17,15,3.0,False,16
random_17,2026-08-18,17,16,1.0,False,17
random_17,2026-08-19,17,9,0.0,True,18
random_17,2026-08-20,17,10,-1.0,True,19
random_17,2026-08-21,17,14,-0.0,False,20
random_17,2026-08-22,17,0,-1.0,True,21
random_17,2026-08-23,17,5,-0.0,False,22
random_17,2026-08-24,17,3,-3.0,True,23
random_17,2026-08-25,17,9,-0.0,False,24
random_17,2026-08-26,17,15,3.0,True,25
random_17,2026-08-27,17,8,-2.0,False,26
random_17,2026-08-28,17,16,2.0,True,27
random_17,2026-08-29,17,19,1.0,False,28
random_17,2026-08-30,17,2,0.0,True,29
random_17,2026-08-31,17,12,-1.0,False,30
random_17,2026-09-01,17,13,-2.0,True,31
random_17,2026-09-02,17,18,2.0,True,32
random_17,2026-09-03,17,4,-2.0,False,33
random_17,2026-09-04,17,7,1.0,True,34
random_17,2026-09-05,17,1,-0.0,False,35
random_17,2026-09-06,17,11,1.0,True,36
random_17,2026-09-07,17,6,1.0,False,37
random_17,2026-08-01,18,11,-1.0,False,0
random_17,2026-08-02,18,9,4.0,True,1
random_17,2026-08-03,18,3,-3.0,False,2
random_17,2026-08-04,18,1,0.0,True,3
random_17,2026-08-05,18,14,1.0,False,4
random_17,2026-08-06,18,4,-2.0,True,5
random_17,2026-08-07,18,0,3.0,False,6
random_17,2026-08-08,18,12,-1.0,True,7
random_17,2026-08-09,18,6,1.0,False,8
random_17,2026-08-10,18,5,-1.0,True,9
random_17,2026-08-11,18,2,1.0,False,10
random_17,2026-08-12,18,19,2.0,True,11
random_17,2026-08-13,18,13,-0.0,False,12
random_17,2026-08-14,18,16,2.0,False,13
random_17,2026-08-15,18,17,-2.0,True,14
random_17,2026-08-16,18,7,0.0,True,15
random_17,2026-08-17,18,8,-1.0,False,16
random_17,2026-08-18,18,15,-4.0,False,17
random_17,2026-08-19,18,10,2.0,True,18
random_17,2026-08-20,18,13,2.0,True,19
random_17,2026-08-21,18,5,-0.0,False,20
random_17,2026-08-22,18,6,0.0,True,21
random_17,2026-08-23,18,19,-1.0,False,22
random_17,2026-08-24,18,2,0.0,True,23
random_17,2026-08-25,18,10,-0.0,False,24
random_17,2026-08-26,18,8,-4.0,True,25
random_17,2026-08-27,18,7,-2.0,False,26
random_17,2026-08-28,18,15,0.0,True,27
random_17,2026-08-29,18,3,-1.0,True,28
random_17,2026-08-30,18,1,-6.0,False,29
random_17,2026-08-31,18,11,-3.0,True,30
random_17,2026-09-01,18,9,-1.0,False,31
random_17,2026-09-02,18,17,-2.0,False,32
random_17,2026-09-03,18,16,-1.0,True,33
random_17,2026-09-04,18,4,-4.0,False,34
random_17,2026-09-05,18,0,-2.0,True,35
random_17,2026-09-06,18,12,3.0,False,36
random_17,2026-09-07,18,14,0.0,True,37
random_17,2026-08-01,19,3,1.0,False,0
random_17,2026-08-02,19,16,1.0,True,1
random_17,2026-08-03,19,17,-1.0,False,2
random_17,2026-08-04,19,8,-3.0,True,3
random_17,2026-08-05,19,2,1.0,True,4
random_17,2026-08-06,19,15,-4.0,False,5
random_17,2026-08-07,19,6,3.0,True,6
random_17,2026-08-08,19,5,-1.0,False,7
random_17,2026-08-09,19,7,-1.0,True,8
random_17,2026-08-10,19,12,-2.0,False,9
random_17,2026-08-11,19,11,-2.0,True,10
random_17,2026-08-12,19,18,-2.0,False,11
random_17,2026-08-13,19,9,0.0,True,12
random_17,2026-08-14,19,1,1.0,True,13
random_17,2026-08-15,19,10,-0.0,False,14
random_17,2026-08-16,19,13,-0.0,False,15
random_17,2026-08-17,19,0,-1.0,True,16
random_17,2026-08-18,19,4,-1.0,True,17
random_17,2026-08-19,19,14,-0.0,False,18
random_17,2026-08-20,19,9,-0.0,False,19
random_17,2026-08-21,19,12,-2.0,True,20
random_17,2026-08-22,19,7,2.0,False,21
random_17,2026-08-23,19,18,1.0,True,22
random_17,2026-08-24,19,11,1.0,False,23
random_17,2026-08-25,19,14,2.0,True,24
random_17,2026-08-26,19,4,-1.0,False,25
random_17,2026-08-27,19,13,-1.0,True,26
random_17,2026-08-28,19,0,-0.0,False,27
random_17,2026-08-29,19,17,-1.0,True,28
random_17,2026-08-30,19,8,3.0,False,29
random_17,2026-08-31,19,3,0.0,True,30
random_17,2026-09-01,19,16,2.0,False,31
random_17,2026-09-02,19,10,7.0,True,32
random_17,2026-09-03,19,1,-1.0,False,33
random_17,2026-09-04,19,5,-1.0,True,34
random_17,2026-09-05,19,6,3.0,False,35
random_17,2026-09-06,19,15,-1.0,True,36
random_17,2026-09-07,19,2,-0.0,False,37
random_18,2026-08-01,0,14,-0.0,False,0
random_18,2026-08-02,0,8,0.0,True,1
random_18,2026-08-03,0,16,-0.0,False,2
random_18,2026-08-04,0,3,-1.0,True,3
random_18,2026-08-05,0,13,0.0,True,4
random_18,2026-08-06,0,5,1.0,False,5
random_18,2026-08-07,0,18,-2.0,True,6
random_18,2026-08-08,0,15,2.0,False,7
random_18,2026-08-09,0,12,0.0,True,8
random_18,2026-08-10,0,11,-2.0,False,9
random_18,2026-08-11,0,17,-1.0,True,10
random_18,2026-08-12,0,9,1.0,False,11
random_18,2026-08-13,0,4,0.0,True,12
random_18,2026-08-14,0,10,-3.0,True,13
random_18,2026-08-15,0,1,-0.0,False,14
random_18,2026-08-16,0,6,3.0,True,15
random_18,2026-08-17,0,19,1.0,False,16
random_18,2026-08-18,0,7,1.0,False,17
random_18,2026-08-19,0,2,-2.0,True,18
random_18,2026-08-20,0,4,-3.0,False,19
random_18,2026-08-21,0,11,2.0,True,20
random_18,2026-08-22,0,17,-2.0,False,21
random_18,2026-08-23,0,9,-1.0,True,22
random_18,2026-08-24,0,12,1.0,False,23
random_18,2026-08-25,0,2,-1.0,False,24
random_18,2026-08-26,0,7,0.0,True,25
random_18,2026-08-27,0,6,2.0,False,26
random_18,2026-08-28,0,19,0.0,True,27
random_18,2026-08-29,0,16,0.0,True,28
random_18,2026-08-30,0,3,1.0,False,29
random_18,2026-08-31,0,14,-1.0,True,30
random_18,2026-09-01,0,8,2.0,False,31
random_18,2026-09-02,0,1,1.0,True,32
random_18,2026-09-03,0,10,2.0,False,33
random_18,2026-09-04,0,15,3.0,True,34
random_18,2026-09-05,0,18,2.0,False,35
random_18,2026-09-06,0,5,1.0,True,36
random_18,2026-09-07,0,13,-3.0,False,37
random_18,2026-08-01,1,6,0.0,True,0
random_18,2026-08-02,1,2,-0.0,False,1
random_18,2026-08-03,1,5,-2.0,True,2
random_18,2026-08-04,1,18,-0.0,False,3
random_18,2026-08-05,1,4,-2.0,False,4
random_18,2026-08-06,1,12,0.0,True,5
random_18,2026-08-07,1,17,2.0,False,6
random_18,2026-08-08,1,8,0.0,True,7
random_18,2026-08-09,1,13,-1.0,False,8
random_18,2026-08-10,1,10,-1.0,True,9
random_18,2026-08-11,1,16,1.0,False,10
random_18,2026-08-12,1,14,-3.0,True,11
random_18,2026-08-13,1,3,-0.0,False,12
random_18,2026-08-14,1,19,-1.0,False,13
random_18,2026-08-15,1,0,0.0,True,14
random_18,2026-08-16,1,15,-1.0,True,15
random_18,2026-08-17,1,7,-0.0,False,16
random_18,2026-08-18,1,9,-4.0,False,17
random_18,2026-08-19,1,11,0.0,True,18
random_18,2026-08-20,1,3,-1.0,True,19
random_18,2026-08-21,1,10,-3.0,False,20
random_18,2026-08-22,1,16,-2.0,True,21
random_18,2026-08-23,1,14,-2.0,False,22
random_18,2026-08-24,1,13,1.0,True,23
random_18,2026-08-25,1,11,-0.0,False,24
random_18,2026-08-26,1,9,-1.0,True,25
random_18,2026-08-27,1,15,4.0,False,26
random_18,2026-08-28,1,7,-1.0,True,27
random_18,2026-08-29,1,5,-4.0,False,28
random_18,2026-08-30,1,18,1.0,True,29
random_18,2026-08-31,1,6,2.0,False,30
random_18,2026-09-01,1,2,-2.0,True,31
random_18,2026-09-02,1,0,-1.0,False,32
random_18,2026-09-03,1,19,-3.0,True,33
random_18,2026-09-04,1,12,1.0,False,34
random_18,2026-09-05,1,17,3.0,True,35
random_18,2026-09-06,1,8,-0.0,False,36
random_18,2026-09-07,1,4,-1.0,True,37
random_18,2026-08-01,2,4,1.0,False,0
random_18,2026-08-02,2,1,0.0,True,1
random_18,2026-08-03,2,10,2.0,False,2
random_18,2026-08-04,2,17,0.0,True,3
random_18,2026-08-05,2,19,-0.0,False,4
random_18,2026-08-06,2,3,1.0,True,5
random_18,2026-08-07,2,16,2.0,False,6
random_18,2026-08-08,2,14,2.0,True,7
random_18,2026-08-09,2,9,-1.0,True,8
random_18,2026-08-10,2,15,2.0,False,9
random_18,2026-08-11,2,18,-2.0,True,10
random_18,2026-08-12,2,11,1.0,False,11
random_18,2026-08-13,2,8,0.0,True,12
random_18,2026-08-14,2,7,-4.0,True,13
random_18,2026-08-15,2,6,-1.0,False,14
random_18,2026-08-16,2,5,-1.0,False,15
random_18,2026-08-17,2,12,0.0,True,16
random_18,2026-08-18,2,13,1.0,True,17
random_18,2026-08-19,2,0,2.0,False,18
random_18,2026-08-20,2,8,3.0,False,19
random_18,2026-08-21,2,15,-2.0,True,20
random_18,2026-08-22,2,9,-4.0,False,21
random_18,2026-08-23,2,11,0.0,True,22
random_18,2026-08-24,2,18,-1.0,False,23
random_18,2026-08-25,2,0,1.0,True,24
random_18,2026-08-26,2,12,-3.0,False,25
random_18,2026-08-27,2,5,1.0,True,26
random_18,2026-08-28,2,13,-1.0,False,27
random_18,2026-08-29,2,10,3.0,True,28
random_18,2026-08-30,2,17,-4.0,False,29
random_18,2026-08-31,2,4,0.0,True,30
random_18,2026-09-01,2,1,2.0,False,31
random_18,2026-09-02,2,6,3.0,True,32
random_18,2026-09-03,2,7,-1.0,False,33
random_18,2026-09-04,2,3,-1.0,False,34
random_18,2026-09-05,2,16,-1.0,True,35
random_18,2026-09-06,2,14,-0.0,False,36
random_18,2026-09-07,2,19,-2.0,True,37
random_18,2026-08-01,3,19,1.0,True,0
random_18,2026-08-02,3,12,-0.0,False,1
random_18,2026-08-03,3,18,0.0,True,2
random_18,2026-08-04,3,0,1.0,False,3
random_18,2026-08-05,3,5,1.0,True,4
random_18,2026-08-06,3,2,-1.0,False,5
random_18,2026-08-07,3,13,-1.0,True,6
random_18,2026-08-08,3,10,-1.0,False,7
random_18,2026-08-09,3,17,-1.0,True,8
random_18,2026-08-10,3,4,-2.0,False,9
random_18,2026-08-11,3,8,0.0,True,10
random_18,2026-08-12,3,15,2.0,False,11
random_18,2026-08-13,3,1,0.0,True,12
random_18,2026-08-14,3,14,-1.0,True,13
random_18,2026-08-15,3,9,-1.0,False,14
random_18,2026-08-16,3,16,0.0,True,15
random_18,2026-08-17,3,11,-1.0,False,16
random_18,2026-08-18,3,6,-0.0,False,17
random_18,2026-08-19,3,7,1.0,True,18
random_18,2026-08-20,3,1,1.0,False,19
random_18,2026-08-21,3,4,0.0,True,20
random_18,2026-08-22,3,8,1.0,False,21
random_18,2026-08-23,3,15,1.0,True,22
random_18,2026-08-24,3,17,-0.0,False,23
random_18,2026-08-25,3,7,-0.0,False,24
random_18,2026-08-26,3,6,1.0,True,25
random_18,2026-08-27,3,16,1.0,False,26
random_18,2026-08-28,3,11,-1.0,True,27
random_18,2026-08-29,3,18,-3.0,False,28
random_18,2026-08-30,3,0,-1.0,True,29
random_18,2026-08-31,3,19,1.0,False,30
random_18,2026-09-01,3,12,2.0,True,31
random_18,2026-09-02,3,9,2.0,True,32
random_18,2026-09-03,3,14,1.0,False,33
random_18,2026-09-04,3,2,1.0,True,34
random_18,2026-09-05,3,13,2.0,False,35
random_18,2026-09-06,3,10,-1.0,True,36
random_18,2026-09-07,3,5,1.0,False,37
random_18,2026-08-01,4,2,-1.0,True,0
random_18,2026-08-02,4,5,-4.0,False,1
random_18,2026-08-03,4,12,0.0,True,2
random_18,2026-08-04,4,6,1.0,False,3
random_18,2026-08-05,4,1,2.0,True,4
random_18,2026-08-06,4,18,1.0,False,5
random_18,2026-08-07,4,7,3.0,True,6
random_18,2026-08-08,4,13,-0.0,False,7
random_18,2026-08-09,4,14,-0.0,False,8
random_18,2026-08-10,4,3,2.0,True,9
random_18,2026-08-11,4,10,-1.0,False,10
random_18,2026-08-12,4,16,-3.0,True,11
random_18,2026-08-13,4,0,-0.0,False,12
random_18,2026-08-14,4,17,-2.0,False,13
random_18,2026-08-15,4,8,-1.0,True,14
random_18,2026-08-16,4,11,2.0,True,15
random_18,2026-08-17,4,9,1.0,False,16
random_18,2026-08-18,4,19,-0.0,False,17
random_18,2026-08-19,4,15,-1.0,True,18
random_18,2026-08-20,4,0,3.0,True,19
random_18,2026-08-21,4,3,-0.0,False,20
random_18,2026-08-22,4,14,-1.0,True,21
random_18,2026-08-23,4,16,-0.0,False,22
random_18,2026-08-24,4,10,1.0,True,23
random_18,2026-08-25,4,15,2.0,False,24
random_18,2026-08-26,4,19,1.0,True,25
random_18,2026-08-27,4,11,-1.0,False,26
random_18,2026-08-28,4,9,1.0,True,27
random_18,2026-08-29,4,12,-1.0,False,28
random_18,2026-08-30,4,6,1.0,True,29
random_18,2026-08-31,4,2,-0.0,False,30
random_18,2026-09-01,4,5,4.0,True,31
random_18,2026-09-02,4,8,-1.0,False,32
random_18,2026-09-03,4,17,-1.0,True,33
random_18,2026-09-04,4,18,2.0,True,34
random_18,2026-09-05,4,7,1.0,False,35
random_18,2026-09-06,4,13,-1.0,True,36
random_18,2026-09-07,4,1,1.0,False,37
random_18,2026-08-01,5,9,-3.0,False,0
random_18,2026-08-02,5,4,4.0,True,1
random_18,2026-08-03,5,1,2.0,False,2
random_18,2026-08-04,5,10,-1.0,True,3
random_18,2026-08-05,5,3,-1.0,False,4
random_18,2026-08-06,5,0,-1.0,True,5
random_18,2026-08-07,5,8,-1.0,False,6
random_18,2026-08-08,5,19,0.0,True,7
random_18,2026-08-09,5,15,-2.0,True,8
random_18,2026-08-10,5,18,1.0,False,9
random_18,2026-08-11,5,12,-5.0,True,10
random_18,2026-08-12,5,17,-0.0,False,11
random_18,2026-08-13,5,7,2.0,True,12
random_18,2026-08-14,5,13,2.0,True,13
random_18,2026-08-15,5,14,-1.0,False,14
random_18,2026-08-16,5,2,1.0,True,15
random_18,2026-08-17,5,6,-2.0,False,16
random_18,2026-08-18,5,11,-3.0,False,17
random_18,2026-08-19,5,16,5.0,True,18
random_18,2026-08-20,5,7,-2.0,False,19
random_18,2026-08-21,5,18,1.0,True,20
random_18,2026-08-22,5,12,-0.0,False,21
random_18,2026-08-23,5,17,1.0,True,22
random_18,2026-08-24,5,15,-0.0,False,23
random_18,2026-08-25,5,16,2.0,False,24
random_18,2026-08-26,5,11,-2.0,True,25
random_18,2026-08-27,5,2,-1.0,False,26
random_18,2026-08-28,5,6,1.0,True,27
random_18,2026-08-29,5,1,4.0,True,28
random_18,2026-08-30,5,10,1.0,False,29
random_18,2026-08-31,5,9,2.0,True,30
random_18,2026-09-01,5,4,-4.0,False,31
random_18,2026-09-02,5,14,2.0,True,32
random_18,2026-09-03,5,13,-0.0,False,33
random_18,2026-09-04,5,19,1.0,False,34
random_18,2026-09-05,5,8,-1.0,True,35
random_18,2026-09-06,5,0,-1.0,False,36
random_18,2026-09-07,5,3,-1.0,True,37
random_18,2026-08-01,6,1,-0.0,False,0
random_18,2026-08-02,6,10,-2.0,True,1
random_18,2026-08-03,6,14,-5.0,False,2
random_18,2026-08-04,6,4,-1.0,True,3
random_18,2026-08-05,6,17,-0.0,False,4
random_18,2026-08-06,6,16,-1.0,True,5
random_18,2026-08-07,6,19,-1.0,False,6
random_18,2026-08-08,6,9,2.0,True,7
random_18,2026-08-09,6,18,2.0,True,8
random_18,2026-08-10,6,8,1.0,False,9
random_18,2026-08-11,6,7,-3.0,True,10
random_18,2026-08-12,6,12,1.0,False,11
random_18,2026-08-13,6,11,1.0,True,12
random_18,2026-08-14,6,15,-0.0,False,13
random_18,2026-08-15,6,2,1.0,True,14
random_18,2026-08-16,6,0,-3.0,False,15
random_18,2026-08-17,6,5,2.0,True,16
random_18,2026-08-18,6,3,0.0,True,17
random_18,2026-08-19,6,13,3.0,False,18
random_18,2026-08-20,6,11,-0.0,False,19
random_18,2026-08-21,6,8,0.0,True,20
random_18,2026-08-22,6,18,-1.0,False,21
random_18,2026-08-23,6,12,-2.0,True,22
random_18,2026-08-24,6,7,-0.0,False,23
random_18,2026-08-25,6,13,-1.0,True,24
random_18,2026-08-26,6,3,-1.0,False,25
random_18,2026-08-27,6,0,-2.0,True,26
random_18,2026-08-28,6,5,-1.0,False,27
random_18,2026-08-29,6,14,-6.0,True,28
random_18,2026-08-30,6,4,-1.0,False,29
random_18,2026-08-31,6,1,-2.0,True,30
random_18,2026-09-01,6,10,-3.0,False,31
random_18,2026-09-02,6,2,-3.0,False,32
random_18,2026-09-03,6,15,0.0,True,33
random_18,2026-09-04,6,16,-0.0,False,34
random_18,2026-09-05,6,19,-7.0,True,35
random_18,2026-09-06,6,9,2.0,False,36
random_18,2026-09-07,6,17,-1.0,True,37
random_18,2026-08-01,7,8,2.0,False,0
random_18,2026-08-02,7,14,0.0,True,1
random_18,2026-08-03,7,9,-5.0,False,2
random_18,2026-08-04,7,11,0.0,True,3
random_18,2026-08-05,7,12,-1.0,False,4
random_18,2026-08-06,7,17,1.0,True,5
random_18,2026-08-07,7,4,-3.0,False,6
random_18,2026-08-08,7,16,-3.0,True,7
random_18,2026-08-09,7,19,-2.0,False,8
random_18,2026-08-10,7,13,-1.0,True,9
random_18,2026-08-11,7,6,3.0,False,10
random_18,2026-08-12,7,10,0.0,True,11
random_18,2026-08-13,7,5,-2.0,False,12
random_18,2026-08-14,7,2,4.0,False,13
random_18,2026-08-15,7,15,1.0,True,14
random_18,2026-08-16,7,18,-0.0,False,15
random_18,2026-08-17,7,1,0.0,True,16
random_18,2026-08-18,7,0,-1.0,True,17
random_18,2026-08-19,7,3,-1.0,False,18
random_18,2026-08-20,7,5,2.0,True,19
random_18,2026-08-21,7,13,-3.0,False,20
random_18,2026-08-22,7,19,-3.0,True,21
random_18,2026-08-23,7,10,-4.0,False,22
random_18,2026-08-24,7,6,0.0,True,23
random_18,2026-08-25,7,3,0.0,True,24
random_18,2026-08-26,7,0,-0.0,False,25
random_18,2026-08-27,7,18,-1.0,True,26
random_18,2026-08-28,7,1,1.0,False,27
random_18,2026-08-29,7,9,1.0,True,28
random_18,2026-08-30,7,11,-3.0,False,29
random_18,2026-08-31,7,8,3.0,True,30
random_18,2026-09-01,7,14,-1.0,False,31
random_18,2026-09-02,7,15,-2.0,False,32
random_18,2026-09-03,7,2,1.0,True,33
random_18,2026-09-04,7,17,-1.0,False,34
random_18,2026-09-05,7,4,-1.0,True,35
random_18,2026-09-06,7,16,1.0,False,36
random_18,2026-09-07,7,12,1.0,True,37
random_18,2026-08-01,8,7,-2.0,True,0
random_18,2026-08-02,8,0,-0.0,False,1
random_18,2026-08-03,8,15,-1.0,True,2
random_18,2026-08-04,8,19,1.0,False,3
random_18,2026-08-05,8,11,-4.0,True,4
random_18,2026-08-06,8,10,-3.0,False,5
random_18,2026-08-07,8,5,1.0,True,6
random_18,2026-08-08,8,1,-0.0,False,7
random_18,2026-08-09,8,16,-4.0,False,8
random_18,2026-08-10,8,6,-1.0,True,9
random_18,2026-08-11,8,3,-0.0,False,10
random_18,2026-08-12,8,13,2.0,True,11
random_18,2026-08-13,8,2,-0.0,False,12
random_18,2026-08-14,8,9,-4.0,True,13
random_18,2026-08-15,8,4,1.0,False,14
random_18,2026-08-16,8,17,-0.0,False,15
random_18,2026-08-17,8,18,1.0,True,16
random_18,2026-08-18,8,14,1.0,True,17
random_18,2026-08-19,8,12,3.0,False,18
random_18,2026-08-20,8,2,-3.0,True,19
random_18,2026-08-21,8,6,-0.0,False,20
random_18,2026-08-22,8,3,-1.0,True,21
random_18,2026-08-23,8,13,1.0,False,22
random_18,2026-08-24,8,16,-1.0,True,23
random_18,2026-08-25,8,12,0.0,True,24
random_18,2026-08-26,8,18,1.0,False,25
random_18,2026-08-27,8,17,-2.0,True,26
random_18,2026-08-28,8,14,-2.0,False,27
random_18,2026-08-29,8,15,3.0,False,28
random_18,2026-08-30,8,19,-1.0,True,29
random_18,2026-08-31,8,7,-3.0,False,30
random_18,2026-09-01,8,0,-2.0,True,31
random_18,2026-09-02,8,4,1.0,True,32
random_18,2026-09-03,8,9,2.0,False,33
random_18,2026-09-04,8,10,2.0,True,34
random_18,2026-09-05,8,5,1.0,False,35
random_18,2026-09-06,8,1,0.0,True,36
random_18,2026-09-07,8,11,-2.0,False,37
random_18,2026-08-01,9,5,3.0,True,0
random_18,2026-08-02,9,18,-0.0,False,1
random_18,2026-08-03,9,7,5.0,True,2
random_18,2026-08-04,9,13,-0.0,False,3
random_18,2026-08-05,9,15,4.0,True,4
random_18,2026-08-06,9,11,-2.0,False,5
random_18,2026-08-07,9,10,-2.0,True,6
random_18,2026-08-08,9,6,-2.0,False,7
random_18,2026-08-09,9,2,1.0,False,8
random_18,2026-08-10,9,16,2.0,True,9
random_18,2026-08-11,9,14,-0.0,False,10
random_18,2026-08-12,9,0,-1.0,True,11
random_18,2026-08-13,9,19,-2.0,False,12
random_18,2026-08-14,9,8,4.0,False,13
random_18,2026-08-15,9,3,1.0,True,14
random_18,2026-08-16,9,12,-0.0,False,15
random_18,2026-08-17,9,4,-1.0,True,16
random_18,2026-08-18,9,1,4.0,True,17
random_18,2026-08-19,9,17,1.0,False,18
random_18,2026-08-20,9,19,3.0,True,19
random_18,2026-08-21,9,16,1.0,False,20
random_18,2026-08-22,9,2,4.0,True,21
random_18,2026-08-23,9,0,1.0,False,22
random_18,2026-08-24,9,14,-2.0,True,23
random_18,2026-08-25,9,17,2.0,True,24
random_18,2026-08-26,9,1,1.0,False,25
random_18,2026-08-27,9,12,-5.0,True,26
random_18,2026-08-28,9,4,-1.0,False,27
random_18,2026-08-29,9,7,-1.0,False,28
random_18,2026-08-30,9,13,-1.0,True,29
random_18,2026-08-31,9,5,-2.0,False,30
random_18,2026-09-01,9,18,-3.0,True,31
random_18,2026-09-02,9,3,-2.0,False,32
random_18,2026-09-03,9,8,-2.0,True,33
random_18,2026-09-04,9,11,1.0,True,34
random_18,2026-09-05,9,10,-0.0,False,35
random_18,2026-09-06,9,6,-2.0,True,36
random_18,2026-09-07,9,15,-3.0,False,37
random_18,2026-08-01,10,15,0.0,True,0
random_18,2026-08-02,10,6,2.0,False,1
random_18,2026-08-03,10,2,-2.0,True,2
random_18,2026-08-04,10,5,1.0,False,3
random_18,2026-08-05,10,16,1.0,False,4
random_18,2026-08-06,10,8,3.0,True,5
random_18,2026-08-07,10,9,2.0,False,6
random_18,2026-08-08,10,3,1.0,True,7
random_18,2026-08-09,10,11,4.0,True,8
random_18,2026-08-10,10,1,1.0,False,9
random_18,2026-08-11,10,4,1.0,True,10
random_18,2026-08-12,10,7,-0.0,False,11
random_18,2026-08-13,10,17,1.0,True,12
random_18,2026-08-14,10,0,3.0,False,13
random_18,2026-08-15,10,19,-2.0,True,14
random_18,2026-08-16,10,14,-0.0,False,15
random_18,2026-08-17,10,13,-4.0,True,16
random_18,2026-08-18,10,12,-2.0,True,17
random_18,2026-08-19,10,18,1.0,False,18
random_18,2026-08-20,10,17,1.0,False,19
random_18,2026-08-21,10,1,3.0,True,20
random_18,2026-08-22,10,11,1.0,False,21
random_18,2026-08-23,10,7,4.0,True,22
random_18,2026-08-24,10,4,-1.0,False,23
random_18,2026-08-25,10,18,2.0,True,24
random_18,2026-08-26,10,13,-2.0,False,25
random_18,2026-08-27,10,14,-1.0,True,26
random_18,2026-08-28,10,12,-3.0,False,27
random_18,2026-08-29,10,2,-3.0,False,28
random_18,2026-08-30,10,5,-1.0,True,29
random_18,2026-08-31,10,15,-2.0,False,30
random_18,2026-09-01,10,6,3.0,True,31
random_18,2026-09-02,10,19,-1.0,False,32
random_18,2026-09-03,10,0,-2.0,True,33
random_18,2026-09-04,10,8,-2.0,False,34
random_18,2026-09-05,10,9,0.0,True,35
random_18,2026-09-06,10,3,1.0,False,36
random_18,2026-09-07,10,16,-2.0,True,37
random_18,2026-08-01,11,18,-4.0,True,0
random_18,2026-08-02,11,15,-3.0,False,1
random_18,2026-08-03,11,13,-1.0,True,2
random_18,2026-08-04,11,7,-0.0,False,3
random_18,2026-08-05,11,8,4.0,False,4
random_18,2026-08-06,11,9,2.0,True,5
random_18,2026-08-07,11,14,1.0,False,6
random_18,2026-08-08,11,17,-5.0,True,7
random_18,2026-08-09,11,10,-4.0,False,8
random_18,2026-08-10,11,0,2.0,True,9
random_18,2026-08-11,11,19,-1.0,False,10
random_18,2026-08-12,11,2,-1.0,True,11
random_18,2026-08-13,11,6,-1.0,False,12
random_18,2026-08-14,11,12,-1.0,False,13
random_18,2026-08-15,11,16,0.0,True,14
random_18,2026-08-16,11,4,-2.0,False,15
random_18,2026-08-17,11,3,1.0,True,16
random_18,2026-08-18,11,5,3.0,True,17
random_18,2026-08-19,11,1,-0.0,False,18
random_18,2026-08-20,11,6,0.0,True,19
random_18,2026-08-21,11,0,-2.0,False,20
random_18,2026-08-22,11,10,-1.0,True,21
random_18,2026-08-23,11,2,-0.0,False,22
random_18,2026-08-24,11,19,2.0,True,23
random_18,2026-08-25,11,1,0.0,True,24
random_18,2026-08-26,11,5,2.0,False,25
random_18,2026-08-27,11,4,1.0,True,26
random_18,2026-08-28,11,3,1.0,False,27
random_18,2026-08-29,11,13,-0.0,False,28
random_18,2026-08-30,11,7,3.0,True,29
random_18,2026-08-31,11,18,2.0,False,30
random_18,2026-09-01,11,15,0.0,True,31
random_18,2026-09-02,11,16,-1.0,False,32
random_18,2026-09-03,11,12,-1.0,True,33
random_18,2026-09-04,11,9,-1.0,False,34
random_18,2026-09-05,11,14,-2.0,True,35
random_18,2026-09-06,11,17,-0.0,False,36
random_18,2026-09-07,11,8,2.0,True,37
random_18,2026-08-01,12,17,-2.0,False,0
random_18,2026-08-02,12,3,0.0,True,1
random_18,2026-08-03,12,4,-0.0,False,2
random_18,2026-08-04,12,16,1.0,True,3
random_18,2026-08-05,12,7,1.0,True,4
random_18,2026-08-06,12,1,-0.0,False,5
random_18,2026-08-07,12,15,-3.0,True,6
random_18,2026-08-08,12,18,-1.0,False,7
random_18,2026-08-09,12,0,-0.0,False,8
random_18,2026-08-10,12,19,1.0,True,9
random_18,2026-08-11,12,5,5.0,False,10
random_18,2026-08-12,12,6,-1.0,True,11
random_18,2026-08-13,12,14,-0.0,False,12
random_18,2026-08-14,12,11,1.0,True,13
random_18,2026-08-15,12,13,-2.0,False,14
random_18,2026-08-16,12,9,0.0,True,15
random_18,2026-08-17,12,2,-0.0,False,16
random_18,2026-08-18,12,10,2.0,False,17
random_18,2026-08-19,12,8,-3.0,True,18
random_18,2026-08-20,12,14,0.0,True,19
random_18,2026-08-21,12,19,1.0,False,20
random_18,2026-08-22,12,5,0.0,True,21
random_18,2026-08-23,12,6,2.0,False,22
random_18,2026-08-24,12,0,-1.0,True,23
random_18,2026-08-25,12,8,-0.0,False,24
random_18,2026-08-26,12,2,3.0,True,25
random_18,2026-08-27,12,9,5.0,False,26
random_18,2026-08-28,12,10,3.0,True,27
random_18,2026-08-29,12,4,1.0,True,28
random_18,2026-08-30,12,16,-1.0,False,29
random_18,2026-08-31,12,17,3.0,True,30
random_18,2026-09-01,12,3,-2.0,False,31
random_18,2026-09-02,12,13,-4.0,True,32
random_18,2026-09-03,12,11,1.0,False,33
random_18,2026-09-04,12,1,-1.0,True,34
random_18,2026-09-05,12,15,-3.0,False,35
random_18,2026-09-06,12,18,0.0,True,36
random_18,2026-09-07,12,7,-1.0,False,37
random_18,2026-08-01,13,16,-1.0,False,0
random_18,2026-08-02,13,17,1.0,True,1
random_18,2026-08-03,13,11,1.0,False,2
random_18,2026-08-04,13,9,0.0,True,3
random_18,2026-08-05,13,0,-0.0,False,4
random_18,2026-08-06,13,14,4.0,True,5
random_18,2026-08-07,13,3,1.0,False,6
random_18,2026-08-08,13,4,0.0,True,7
random_18,2026-08-09,13,1,1.0,True,8
random_18,2026-08-10,13,7,1.0,False,9
random_18,2026-08-11,13,15,-2.0,True,10
random_18,2026-08-12,13,8,-2.0,False,11
random_18,2026-08-13,13,18,2.0,True,12
random_18,2026-08-14,13,5,-2.0,False,13
random_18,2026-08-15,13,12,2.0,True,14
random_18,2026-08-16,13,19,-1.0,True,15
random_18,2026-08-17,13,10,4.0,False,16
random_18,2026-08-18,13,2,-1.0,False,17
random_18,2026-08-19,13,6,-3.0,True,18
random_18,2026-08-20,13,18,-1.0,False,19
random_18,2026-08-21,13,7,3.0,True,20
random_18,2026-08-22,13,15,-0.0,False,21
random_18,2026-08-23,13,8,-1.0,True,22
random_18,2026-08-24,13,1,-1.0,False,23
random_18,2026-08-25,13,6,1.0,False,24
random_18,2026-08-26,13,10,2.0,True,25
random_18,2026-08-27,13,19,1.0,False,26
random_18,2026-08-28,13,2,1.0,True,27
random_18,2026-08-29,13,11,0.0,True,28
random_18,2026-08-30,13,9,1.0,False,29
random_18,2026-08-31,13,16,0.0,True,30
random_18,2026-09-01,13,17,-0.0,False,31
random_18,2026-09-02,13,12,4.0,False,32
random_18,2026-09-03,13,5,0.0,True,33
random_18,2026-09-04,13,14,-1.0,False,34
random_18,2026-09-05,13,3,-2.0,True,35
random_18,2026-09-06,13,4,1.0,False,36
random_18,2026-09-07,13,0,3.0,True,37
random_18,2026-08-01,14,0,0.0,True,0
random_18,2026-08-02,14,7,-0.0,False,1
random_18,2026-08-03,14,6,5.0,True,2
random_18,2026-08-04,14,15,-2.0,False,3
random_18,2026-08-05,14,18,1.0,True,4
random_18,2026-08-06,14,13,-4.0,False,5
random_18,2026-08-07,14,11,-1.0,True,6
random_18,2026-08-08,14,2,-2.0,False,7
random_18,2026-08-09,14,4,0.0,True,8
random_18,2026-08-10,14,17,-1.0,False,9
random_18,2026-08-11,14,9,0.0,True,10
random_18,2026-08-12,14,1,3.0,False,11
random_18,2026-08-13,14,12,0.0,True,12
random_18,2026-08-14,14,3,1.0,False,13
random_18,2026-08-15,14,5,1.0,True,14
random_18,2026-08-16,14,10,0.0,True,15
random_18,2026-08-17,14,16,-0.0,False,16
random_18,2026-08-18,14,8,-1.0,False,17
random_18,2026-08-19,14,19,2.0,True,18
random_18,2026-08-20,14,12,-0.0,False,19
random_18,2026-08-21,14,17,0.0,True,20
random_18,2026-08-22,14,4,1.0,False,21
random_18,2026-08-23,14,1,2.0,True,22
random_18,2026-08-24,14,9,2.0,False,23
random_18,2026-08-25,14,19,-1.0,False,24
random_18,2026-08-26,14,16,-2.0,True,25
random_18,2026-08-27,14,10,1.0,False,26
random_18,2026-08-28,14,8,2.0,True,27
random_18,2026-08-29,14,6,6.0,False,28
random_18,2026-08-30,14,15,1.0,True,29
random_18,2026-08-31,14,0,1.0,False,30
random_18,2026-09-01,14,7,1.0,True,31
random_18,2026-09-02,14,5,-2.0,False,32
random_18,2026-09-03,14,3,-1.0,True,33
random_18,2026-09-04,14,13,1.0,True,34
random_18,2026-09-05,14,11,2.0,False,35
random_18,2026-09-06,14,2,0.0,True,36
random_18,2026-09-07,14,18,-0.0,False,37
random_18,2026-08-01,15,10,-0.0,False,0
random_18,2026-08-02,15,11,3.0,True,1
random_18,2026-08-03,15,8,1.0,False,2
random_18,2026-08-04,15,14,2.0,True,3
random_18,2026-08-05,15,9,-4.0,False,4
random_18,2026-08-06,15,19,1.0,True,5
random_18,2026-08-07,15,12,3.0,False,6
random_18,2026-08-08,15,0,-2.0,True,7
random_18,2026-08-09,15,5,2.0,False,8
random_18,2026-08-10,15,2,-2.0,True,9
random_18,2026-08-11,15,13,2.0,False,10
random_18,2026-08-12,15,3,-2.0,True,11
random_18,2026-08-13,15,16,2.0,False,12
random_18,2026-08-14,15,6,0.0,True,13
random_18,2026-08-15,15,7,-1.0,False,14
random_18,2026-08-16,15,1,1.0,False,15
random_18,2026-08-17,15,17,0.0,True,16
random_18,2026-08-18,15,18,-2.0,True,17
random_18,2026-08-19,15,4,1.0,False,18
random_18,2026-08-20,15,16,1.0,True,19
random_18,2026-08-21,15,2,2.0,False,20
random_18,2026-08-22,15,13,0.0,True,21
random_18,2026-08-23,15,3,-1.0,False,22
random_18,2026-08-24,15,5,0.0,True,23
random_18,2026-08-25,15,4,-2.0,True,24
random_18,2026-08-26,15,17,-0.0,False,25
random_18,2026-08-27,15,1,-4.0,True,26
random_18,2026-08-28,15,18,-1.0,False,27
random_18,2026-08-29,15,8,-3.0,True,28
random_18,2026-08-30,15,14,-1.0,False,29
random_18,2026-08-31,15,10,2.0,True,30
random_18,2026-09-01,15,11,-0.0,False,31
random_18,2026-09-02,15,7,2.0,True,32
random_18,2026-09-03,15,6,-0.0,False,33
random_18,2026-09-04,15,0,-3.0,False,34
random_18,2026-09-05,15,12,3.0,True,35
random_18,2026-09-06,15,19,-0.0,False,36
random_18,2026-09-07,15,9,3.0,True,37
random_18,2026-08-01,16,13,1.0,True,0
random_18,2026-08-02,16,19,1.0,False,1
random_18,2026-08-03,16,0,0.0,True,2
random_18,2026-08-04,16,12,-1.0,False,3
random_18,2026-08-05,16,10,-1.0,True,4
random_18,2026-08-06,16,6,1.0,False,5
random_18,2026-08-07,16,2,-2.0,True,6
random_18,2026-08-08,16,7,3.0,False,7
random_18,2026-08-09,16,8,4.0,True,8
random_18,2026-08-10,16,9,-2.0,False,9
random_18,2026-08-11,16,1,-1.0,True,10
random_18,2026-08-12,16,4,3.0,False,11
random_18,2026-08-13,16,15,-2.0,True,12
random_18,2026-08-14,16,18,-3.0,True,13
random_18,2026-08-15,16,11,-0.0,False,14
random_18,2026-08-16,16,3,-0.0,False,15
random_18,2026-08-17,16,14,0.0,True,16
random_18,2026-08-18,16,17,-3.0,True,17
random_18,2026-08-19,16,5,-5.0,False,18
random_18,2026-08-20,16,15,-1.0,False,19
random_18,2026-08-21,16,9,-1.0,True,20
random_18,2026-08-22,16,1,2.0,False,21
random_18,2026-08-23,16,4,0.0,True,22
random_18,2026-08-24,16,8,1.0,False,23
random_18,2026-08-25,16,5,-2.0,True,24
random_18,2026-08-26,16,14,2.0,False,25
random_18,2026-08-27,16,3,-1.0,True,26
random_18,2026-08-28,16,17,-0.0,False,27
random_18,2026-08-29,16,0,-0.0,False,28
random_18,2026-08-30,16,12,1.0,True,29
random_18,2026-08-31,16,13,-0.0,False,30
random_18,2026-09-01,16,19,-2.0,True,31
random_18,2026-09-02,16,11,1.0,True,32
random_18,2026-09-03,16,18,-0.0,False,33
random_18,2026-09-04,16,6,0.0,True,34
random_18,2026-09-05,16,2,1.0,False,35
random_18,2026-09-06,16,7,-1.0,True,36
random_18,2026-09-07,16,10,2.0,False,37
random_18,2026-08-01,17,12,2.0,True,0
random_18,2026-08-02,17,13,-1.0,False,1
random_18,2026-08-03,17,19,-4.0,True,2
random_18,2026-08-04,17,2,-0.0,False,3
random_18,2026-08-05,17,6,0.0,True,4
random_18,2026-08-06,17,7,-1.0,False,5
random_18,2026-08-07,17,1,-2.0,True,6
random_18,2026-08-08,17,11,5.0,False,7
random_18,2026-08-09,17,3,1.0,False,8
random_18,2026-08-10,17,14,1.0,True,9
random_18,2026-08-11,17,0,1.0,False,10
random_18,2026-08-12,17,5,0.0,True,11
random_18,2026-08-13,17,10,-1.0,False,12
random_18,2026-08-14,17,4,2.0,True,13
random_18,2026-08-15,17,18,-2.0,False,14
random_18,2026-08-16,17,8,0.0,True,15
random_18,2026-08-17,17,15,-0.0,False,16
random_18,2026-08-18,17,16,3.0,False,17
random_18,2026-08-19,17,9,-1.0,True,18
random_18,2026-08-20,17,10,-1.0,True,19
random_18,2026-08-21,17,14,-0.0,False,20
random_18,2026-08-22,17,0,2.0,True,21
random_18,2026-08-23,17,5,-1.0,False,22
random_18,2026-08-24,17,3,0.0,True,23
random_18,2026-08-25,17,9,-2.0,False,24
random_18,2026-08-26,17,15,0.0,True,25
random_18,2026-08-27,17,8,2.0,False,26
random_18,2026-08-28,17,16,0.0,True,27
random_18,2026-08-29,17,19,3.0,False,28
random_18,2026-08-30,17,2,4.0,True,29
random_18,2026-08-31,17,12,-3.0,False,30
random_18,2026-09-01,17,13,0.0,True,31
random_18,2026-09-02,17,18,0.0,True,32
random_18,2026-09-03,17,4,1.0,False,33
random_18,2026-09-04,17,7,1.0,True,34
random_18,2026-09-05,17,1,-3.0,False,35
random_18,2026-09-06,17,11,0.0,True,36
random_18,2026-09-07,17,6,1.0,False,37
random_18,2026-08-01,18,11,4.0,False,0
random_18,2026-08-02,18,9,0.0,True,1
random_18,2026-08-03,18,3,-0.0,False,2
random_18,2026-08-04,18,1,0.0,True,3
random_18,2026-08-05,18,14,-1.0,False,4
random_18,2026-08-06,18,4,-1.0,True,5
random_18,2026-08-07,18,0,2.0,False,6
random_18,2026-08-08,18,12,1.0,True,7
random_18,2026-08-09,18,6,-2.0,False,8
random_18,2026-08-10,18,5,-1.0,True,9
random_18,2026-08-11,18,2,2.0,False,10
random_18,2026-08-12,18,19,0.0,True,11
random_18,2026-08-13,18,13,-2.0,False,12
random_18,2026-08-14,18,16,3.0,False,13
random_18,2026-08-15,18,17,2.0,True,14
random_18,2026-08-16,18,7,0.0,True,15
random_18,2026-08-17,18,8,-1.0,False,16
random_18,2026-08-18,18,15,2.0,False,17
random_18,2026-08-19,18,10,-1.0,True,18
random_18,2026-08-20,18,13,1.0,True,19
random_18,2026-08-21,18,5,-1.0,False,20
random_18,2026-08-22,18,6,1.0,True,21
random_18,2026-08-23,18,19,1.0,False,22
random_18,2026-08-24,18,2,1.0,True,23
random_18,2026-08-25,18,10,-2.0,False,24
random_18,2026-08-26,18,8,-1.0,True,25
random_18,2026-08-27,18,7,1.0,False,26
random_18,2026-08-28,18,15,1.0,True,27
random_18,2026-08-29,18,3,3.0,True,28
random_18,2026-08-30,18,1,-1.0,False,29
random_18,2026-08-31,18,11,-2.0,True,30
random_18,2026-09-01,18,9,3.0,False,31
random_18,2026-09-02,18,17,-0.0,False,32
random_18,2026-09-03,18,16,0.0,True,33
random_18,2026-09-04,18,4,-2.0,False,34
random_18,2026-09-05,18,0,-2.0,True,35
random_18,2026-09-06,18,12,-0.0,False,36
random_18,2026-09-07,18,14,0.0,True,37
random_18,2026-08-01,19,3,-1.0,False,0
random_18,2026-08-02,19,16,-1.0,True,1
random_18,2026-08-03,19,17,4.0,False,2
random_18,2026-08-04,19,8,-1.0,True,3
random_18,2026-08-05,19,2,0.0,True,4
random_18,2026-08-06,19,15,-1.0,False,5
random_18,2026-08-07,19,6,1.0,True,6
random_18,2026-08-08,19,5,-0.0,False,7
random_18,2026-08-09,19,7,2.0,True,8
random_18,2026-08-10,19,12,-1.0,False,9
random_18,2026-08-11,19,11,1.0,True,10
random_18,2026-08-12,19,18,-0.0,False,11
random_18,2026-08-13,19,9,2.0,True,12
random_18,2026-08-14,19,1,1.0,True,13
random_18,2026-08-15,19,10,2.0,False,14
random_18,2026-08-16,19,13,1.0,False,15
random_18,2026-08-17,19,0,-1.0,True,16
random_18,2026-08-18,19,4,0.0,True,17
random_18,2026-08-19,19,14,-2.0,False,18
random_18,2026-08-20,19,9,-3.0,False,19
random_18,2026-08-21,19,12,-1.0,True,20
random_18,2026-08-22,19,7,3.0,False,21
random_18,2026-08-23,19,18,-1.0,True,22
random_18,2026-08-24,19,11,-2.0,False,23
random_18,2026-08-25,19,14,1.0,True,24
random_18,2026-08-26,19,4,-1.0,False,25
random_18,2026-08-27,19,13,-1.0,True,26
random_18,2026-08-28,19,0,-0.0,False,27
random_18,2026-08-29,19,17,-3.0,True,28
random_18,2026-08-30,19,8,1.0,False,29
random_18,2026-08-31,19,3,-1.0,True,30
random_18,2026-09-01,19,16,2.0,False,31
random_18,2026-09-02,19,10,1.0,True,32
random_18,2026-09-03,19,1,3.0,False,33
random_18,2026-09-04,19,5,-1.0,True,34
random_18,2026-09-05,19,6,7.0,False,35
random_18,2026-09-06,19,15,0.0,True,36
random_18,2026-09-07,19,2,2.0,False,37
random_19,2026-08-01,0,14,-1.0,False,0
random_19,2026-08-02,0,8,-1.0,True,1
random_19,2026-08-03,0,16,-0.0,False,2
random_19,2026-08-04,0,3,3.0,True,3
random_19,2026-08-05,0,13,4.0,True,4
random_19,2026-08-06,0,5,-1.0,False,5
random_19,2026-08-07,0,18,1.0,True,6
random_19,2026-08-08,0,15,-2.0,False,7
random_19,2026-08-09,0,12,2.0,True,8
random_19,2026-08-10,0,11,2.0,False,9
random_19,2026-08-11,0,17,4.0,True,10
random_19,2026-08-12,0,9,-1.0,False,11
random_19,2026-08-13,0,4,-1.0,True,12
random_19,2026-08-14,0,10,0.0,True,13
random_19,2026-08-15,0,1,-1.0,False,14
random_19,2026-08-16,0,6,0.0,True,15
random_19,2026-08-17,0,19,-0.0,False,16
random_19,2026-08-18,0,7,-0.0,False,17
random_19,2026-08-19,0,2,-2.0,True,18
random_19,2026-08-20,0,4,5.0,False,19
random_19,2026-08-21,0,11,0.0,True,20
random_19,2026-08-22,0,17,-0.0,False,21
random_19,2026-08-23,0,9,-1.0,True,22
random_19,2026-08-24,0,12,1.0,False,23
random_19,2026-08-25,0,2,-0.0,False,24
random_19,2026-08-26,0,7,-3.0,True,25
random_19,2026-08-27,0,6,-0.0,False,26
random_19,2026-08-28,0,19,-4.0,True,27
random_19,2026-08-29,0,16,4.0,True,28
random_19,2026-08-30,0,3,-3.0,False,29
random_19,2026-08-31,0,14,-1.0,True,30
random_19,2026-09-01,0,8,1.0,False,31
random_19,2026-09-02,0,1,0.0,True,32
random_19,2026-09-03,0,10,1.0,False,33
random_19,2026-09-04,0,15,0.0,True,34
random_19,2026-09-05,0,18,3.0,False,35
random_19,2026-09-06,0,5,-1.0,True,36
random_19,2026-09-07,0,13,1.0,False,37
random_19,2026-08-01,1,6,0.0,True,0
random_19,2026-08-02,1,2,3.0,False,1
random_19,2026-08-03,1,5,4.0,True,2
random_19,2026-08-04,1,18,2.0,False,3
random_19,2026-08-05,1,4,-2.0,False,4
random_19,2026-08-06,1,12,0.0,True,5
random_19,2026-08-07,1,17,-2.0,False,6
random_19,2026-08-08,1,8,-1.0,True,7
random_19,2026-08-09,1,13,1.0,False,8
random_19,2026-08-10,1,10,1.0,True,9
random_19,2026-08-11,1,16,-1.0,False,10
random_19,2026-08-12,1,14,0.0,True,11
random_19,2026-08-13,1,3,1.0,False,12
random_19,2026-08-14,1,19,2.0,False,13
random_19,2026-08-15,1,0,1.0,True,14
random_19,2026-08-16,1,15,1.0,True,15
random_19,2026-08-17,1,7,-0.0,False,16
random_19,2026-08-18,1,9,1.0,False,17
random_19,2026-08-19,1,11,3.0,True,18
random_19,2026-08-20,1,3,-1.0,True,19
random_19,2026-08-21,1,10,-1.0,False,20
random_19,2026-08-22,1,16,-1.0,True,21
random_19,2026-08-23,1,14,-0.0,False,22
random_19,2026-08-24,1,13,0.0,True,23
random_19,2026-08-25,1,11,2.0,False,24
random_19,2026-08-26,1,9,1.0,True,25
random_19,2026-08-27,1,15,3.0,False,26
random_19,2026-08-28,1,7,0.0,True,27
random_19,2026-08-29,1,5,-2.0,False,28
random_19,2026-08-30,1,18,2.0,True,29
random_19,2026-08-31,1,6,-0.0,False,30
random_19,2026-09-01,1,2,3.0,True,31
random_19,2026-09-02,1,0,-0.0,False,32
random_19,2026-09-03,1,19,-2.0,True,33
random_19,2026-09-04,1,12,-0.0,False,34
random_19,2026-09-05,1,17,0.0,True,35
random_19,2026-09-06,1,8,1.0,False,36
random_19,2026-09-07,1,4,4.0,True,37
random_19,2026-08-01,2,4,-2.0,False,0
random_19,2026-08-02,2,1,-3.0,True,1
random_19,2026-08-03,2,10,-1.0,False,2
random_19,2026-08-04,2,17,-1.0,True,3
random_19,2026-08-05,2,19,-0.0,False,4
random_19,2026-08-06,2,3,-2.0,True,5
random_19,2026-08-07,2,16,-1.0,False,6
random_19,2026-08-08,2,14,-1.0,True,7
random_19,2026-08-09,2,9,0.0,True,8
random_19,2026-08-10,2,15,-2.0,False,9
random_19,2026-08-11,2,18,4.0,True,10
random_19,2026-08-12,2,11,-2.0,False,11
random_19,2026-08-13,2,8,1.0,True,12
random_19,2026-08-14,2,7,0.0,True,13
random_19,2026-08-15,2,6,2.0,False,14
random_19,2026-08-16,2,5,3.0,False,15
random_19,2026-08-17,2,12,2.0,True,16
random_19,2026-08-18,2,13,1.0,True,17
random_19,2026-08-19,2,0,2.0,False,18
random_19,2026-08-20,2,8,2.0,False,19
random_19,2026-08-21,2,15,4.0,True,20
random_19,2026-08-22,2,9,-2.0,False,21
random_19,2026-08-23,2,11,0.0,True,22
random_19,2026-08-24,2,18,-0.0,False,23
random_19,2026-08-25,2,0,0.0,True,24
random_19,2026-08-26,2,12,1.0,False,25
random_19,2026-08-27,2,5,-2.0,True,26
random_19,2026-08-28,2,13,-0.0,False,27
random_19,2026-08-29,2,10,1.0,True,28
random_19,2026-08-30,2,17,-0.0,False,29
random_19,2026-08-31,2,4,1.0,True,30
random_19,2026-09-01,2,1,-3.0,False,31
random_19,2026-09-02,2,6,-1.0,True,32
random_19,2026-09-03,2,7,4.0,False,33
random_19,2026-09-04,2,3,-5.0,False,34
random_19,2026-09-05,2,16,0.0,True,35
random_19,2026-09-06,2,14,1.0,False,36
random_19,2026-09-07,2,19,-1.0,True,37
random_19,2026-08-01,3,19,0.0,True,0
random_19,2026-08-02,3,12,1.0,False,1
random_19,2026-08-03,3,18,0.0,True,2
random_19,2026-08-04,3,0,-3.0,False,3
random_19,2026-08-05,3,5,3.0,True,4
random_19,2026-08-06,3,2,2.0,False,5
random_19,2026-08-07,3,13,0.0,True,6
random_19,2026-08-08,3,10,2.0,False,7
random_19,2026-08-09,3,17,1.0,True,8
random_19,2026-08-10,3,4,-0.0,False,9
random_19,2026-08-11,3,8,4.0,True,10
random_19,2026-08-12,3,15,-2.0,False,11
random_19,2026-08-13,3,1,-1.0,True,12
random_19,2026-08-14,3,14,0.0,True,13
random_19,2026-08-15,3,9,1.0,False,14
random_19,2026-08-16,3,16,-1.0,True,15
random_19,2026-08-17,3,11,-0.0,False,16
random_19,2026-08-18,3,6,-0.0,False,17
random_19,2026-08-19,3,7,0.0,True,18
random_19,2026-08-20,3,1,1.0,False,19
random_19,2026-08-21,3,4,-1.0,True,20
random_19,2026-08-22,3,8,3.0,False,21
random_19,2026-08-23,3,15,0.0,True,22
random_19,2026-08-24,3,17,-0.0,False,23
random_19,2026-08-25,3,7,1.0,False,24
random_19,2026-08-26,3,6,1.0,True,25
random_19,2026-08-27,3,16,-1.0,False,26
random_19,2026-08-28,3,11,-2.0,True,27
random_19,2026-08-29,3,18,-0.0,False,28
random_19,2026-08-30,3,0,3.0,True,29
random_19,2026-08-31,3,19,-0.0,False,30
random_19,2026-09-01,3,12,0.0,True,31
random_19,2026-09-02,3,9,-1.0,True,32
random_19,2026-09-03,3,14,-0.0,False,33
random_19,2026-09-04,3,2,5.0,True,34
random_19,2026-09-05,3,13,-0.0,False,35
random_19,2026-09-06,3,10,2.0,True,36
random_19,2026-09-07,3,5,5.0,False,37
random_19,2026-08-01,4,2,2.0,True,0
random_19,2026-08-02,4,5,1.0,False,1
random_19,2026-08-03,4,12,-1.0,True,2
random_19,2026-08-04,4,6,2.0,False,3
random_19,2026-08-05,4,1,2.0,True,4
random_19,2026-08-06,4,18,-1.0,False,5
random_19,2026-08-07,4,7,2.0,True,6
random_19,2026-08-08,4,13,2.0,False,7
random_19,2026-08-09,4,14,-0.0,False,8
random_19,2026-08-10,4,3,0.0,True,9
random_19,2026-08-11,4,10,2.0,False,10
random_19,2026-08-12,4,16,-2.0,True,11
random_19,2026-08-13,4,0,1.0,False,12
random_19,2026-08-14,4,17,2.0,False,13
random_19,2026-08-15,4,8,-2.0,True,14
random_19,2026-08-16,4,11,0.0,True,15
random_19,2026-08-17,4,9,-1.0,False,16
random_19,2026-08-18,4,19,2.0,False,17
random_19,2026-08-19,4,15,5.0,True,18
random_19,2026-08-20,4,0,-5.0,True,19
random_19,2026-08-21,4,3,1.0,False,20
random_19,2026-08-22,4,14,-1.0,True,21
random_19,2026-08-23,4,16,-4.0,False,22
random_19,2026-08-24,4,10,1.0,True,23
random_19,2026-08-25,4,15,-0.0,False,24
random_19,2026-08-26,4,19,-2.0,True,25
random_19,2026-08-27,4,11,-1.0,False,26
random_19,2026-08-28,4,9,1.0,True,27
random_19,2026-08-29,4,12,-0.0,False,28
random_19,2026-08-30,4,6,5.0,True,29
random_19,2026-08-31,4,2,-1.0,False,30
random_19,2026-09-01,4,5,-1.0,True,31
random_19,2026-09-02,4,8,-0.0,False,32
random_19,2026-09-03,4,17,2.0,True,33
random_19,2026-09-04,4,18,3.0,True,34
random_19,2026-09-05,4,7,2.0,False,35
random_19,2026-09-06,4,13,-3.0,True,36
random_19,2026-09-07,4,1,-4.0,False,37
random_19,2026-08-01,5,9,1.0,False,0
random_19,2026-08-02,5,4,-1.0,True,1
random_19,2026-08-03,5,1,-4.0,False,2
random_19,2026-08-04,5,10,3.0,True,3
random_19,2026-08-05,5,3,-3.0,False,4
random_19,2026-08-06,5,0,1.0,True,5
random_19,2026-08-07,5,8,1.0,False,6
random_19,2026-08-08,5,19,2.0,True,7
random_19,2026-08-09,5,15,5.0,True,8
random_19,2026-08-10,5,18,-2.0,False,9
random_19,2026-08-11,5,12,1.0,True,10
random_19,2026-08-12,5,17,2.0,False,11
random_19,2026-08-13,5,7,-2.0,True,12
random_19,2026-08-14,5,13,-2.0,True,13
random_19,2026-08-15,5,14,-2.0,False,14
random_19,2026-08-16,5,2,-3.0,True,15
random_19,2026-08-17,5,6,-1.0,False,16
random_19,2026-08-18,5,11,-2.0,False,17
random_19,2026-08-19,5,16,0.0,True,18
random_19,2026-08-20,5,7,-0.0,False,19
random_19,2026-08-21,5,18,-1.0,True,20
random_19,2026-08-22,5,12,-0.0,False,21
random_19,2026-08-23,5,17,2.0,True,22
random_19,2026-08-24,5,15,-0.0,False,23
random_19,2026-08-25,5,16,1.0,False,24
random_19,2026-08-26,5,11,-7.0,True,25
random_19,2026-08-27,5,2,2.0,False,26
random_19,2026-08-28,5,6,1.0,True,27
random_19,2026-08-29,5,1,2.0,True,28
random_19,2026-08-30,5,10,-0.0,False,29
random_19,2026-08-31,5,9,0.0,True,30
random_19,2026-09-01,5,4,1.0,False,31
random_19,2026-09-02,5,14,1.0,True,32
random_19,2026-09-03,5,13,-1.0,False,33
random_19,2026-09-04,5,19,2.0,False,34
random_19,2026-09-05,5,8,-2.0,True,35
random_19,2026-09-06,5,0,1.0,False,36
random_19,2026-09-07,5,3,-5.0,True,37
random_19,2026-08-01,6,1,-0.0,False,0
random_19,2026-08-02,6,10,-1.0,True,1
random_19,2026-08-03,6,14,-1.0,False,2
random_19,2026-08-04,6,4,-2.0,True,3
random_19,2026-08-05,6,17,-1.0,False,4
random_19,2026-08-06,6,16,-2.0,True,5
random_19,2026-08-07,6,19,-1.0,False,6
random_19,2026-08-08,6,9,-3.0,True,7
random_19,2026-08-09,6,18,0.0,True,8
random_19,2026-08-10,6,8,-0.0,False,9
random_19,2026-08-11,6,7,-3.0,True,10
random_19,2026-08-12,6,12,-1.0,False,11
random_19,2026-08-13,6,11,-2.0,True,12
random_19,2026-08-14,6,15,-0.0,False,13
random_19,2026-08-15,6,2,-2.0,True,14
random_19,2026-08-16,6,0,-0.0,False,15
random_19,2026-08-17,6,5,1.0,True,16
random_19,2026-08-18,6,3,0.0,True,17
random_19,2026-08-19,6,13,-3.0,False,18
random_19,2026-08-20,6,11,1.0,False,19
random_19,2026-08-21,6,8,-2.0,True,20
random_19,2026-08-22,6,18,-1.0,False,21
random_19,2026-08-23,6,12,2.0,True,22
random_19,2026-08-24,6,7,-5.0,False,23
random_19,2026-08-25,6,13,-2.0,True,24
random_19,2026-08-26,6,3,-1.0,False,25
random_19,2026-08-27,6,0,0.0,True,26
random_19,2026-08-28,6,5,-1.0,False,27
random_19,2026-08-29,6,14,2.0,True,28
random_19,2026-08-30,6,4,-5.0,False,29
random_19,2026-08-31,6,1,0.0,True,30
random_19,2026-09-01,6,10,-0.0,False,31
random_19,2026-09-02,6,2,1.0,False,32
random_19,2026-09-03,6,15,1.0,True,33
random_19,2026-09-04,6,16,3.0,False,34
random_19,2026-09-05,6,19,3.0,True,35
random_19,2026-09-06,6,9,-0.0,False,36
random_19,2026-09-07,6,17,1.0,True,37
random_19,2026-08-01,7,8,-2.0,False,0
random_19,2026-08-02,7,14,0.0,True,1
random_19,2026-08-03,7,9,3.0,False,2
random_19,2026-08-04,7,11,3.0,True,3
random_19,2026-08-05,7,12,-0.0,False,4
random_19,2026-08-06,7,17,-2.0,True,5
random_19,2026-08-07,7,4,-2.0,False,6
random_19,2026-08-08,7,16,0.0,True,7
random_19,2026-08-09,7,19,-0.0,False,8
random_19,2026-08-10,7,13,-1.0,True,9
random_19,2026-08-11,7,6,3.0,False,10
random_19,2026-08-12,7,10,1.0,True,11
random_19,2026-08-13,7,5,2.0,False,12
random_19,2026-08-14,7,2,-0.0,False,13
random_19,2026-08-15,7,15,-2.0,True,14
random_19,2026-08-16,7,18,-1.0,False,15
random_19,2026-08-17,7,1,0.0,True,16
random_19,2026-08-18,7,0,0.0,True,17
random_19,2026-08-19,7,3,-0.0,False,18
random_19,2026-08-20,7,5,0.0,True,19
random_19,2026-08-21,7,13,-0.0,False,20
random_19,2026-08-22,7,19,-2.0,True,21
random_19,2026-08-23,7,10,6.0,False,22
random_19,2026-08-24,7,6,5.0,True,23
random_19,2026-08-25,7,3,-1.0,True,24
random_19,2026-08-26,7,0,3.0,False,25
random_19,2026-08-27,7,18,-1.0,True,26
random_19,2026-08-28,7,1,-0.0,False,27
random_19,2026-08-29,7,9,2.0,True,28
random_19,2026-08-30,7,11,-2.0,False,29
random_19,2026-08-31,7,8,-4.0,True,30
random_19,2026-09-01,7,14,-1.0,False,31
random_19,2026-09-02,7,15,-2.0,False,32
random_19,2026-09-03,7,2,-4.0,True,33
random_19,2026-09-04,7,17,-1.0,False,34
random_19,2026-09-05,7,4,-2.0,True,35
random_19,2026-09-06,7,16,-4.0,False,36
random_19,2026-09-07,7,12,2.0,True,37
random_19,2026-08-01,8,7,2.0,True,0
random_19,2026-08-02,8,0,1.0,False,1
random_19,2026-08-03,8,15,0.0,True,2
random_19,2026-08-04,8,19,1.0,False,3
random_19,2026-08-05,8,11,0.0,True,4
random_19,2026-08-06,8,10,1.0,False,5
random_19,2026-08-07,8,5,-1.0,True,6
random_19,2026-08-08,8,1,1.0,False,7
random_19,2026-08-09,8,16,-0.0,False,8
random_19,2026-08-10,8,6,0.0,True,9
random_19,2026-08-11,8,3,-4.0,False,10
random_19,2026-08-12,8,13,-1.0,True,11
random_19,2026-08-13,8,2,-1.0,False,12
random_19,2026-08-14,8,9,1.0,True,13
random_19,2026-08-15,8,4,2.0,False,14
random_19,2026-08-16,8,17,1.0,False,15
random_19,2026-08-17,8,18,1.0,True,16
random_19,2026-08-18,8,14,-4.0,True,17
random_19,2026-08-19,8,12,1.0,False,18
random_19,2026-08-20,8,2,-2.0,True,19
random_19,2026-08-21,8,6,2.0,False,20
random_19,2026-08-22,8,3,-3.0,True,21
random_19,2026-08-23,8,13,1.0,False,22
random_19,2026-08-24,8,16,0.0,True,23
random_19,2026-08-25,8,12,1.0,True,24
random_19,2026-08-26,8,18,-4.0,False,25
random_19,2026-08-27,8,17,2.0,True,26
random_19,2026-08-28,8,14,-0.0,False,27
random_19,2026-08-29,8,15,-1.0,False,28
random_19,2026-08-30,8,19,0.0,True,29
random_19,2026-08-31,8,7,4.0,False,30
random_19,2026-09-01,8,0,-1.0,True,31
random_19,2026-09-02,8,4,0.0,True,32
random_19,2026-09-03,8,9,-0.0,False,33
random_19,2026-09-04,8,10,1.0,True,34
random_19,2026-09-05,8,5,2.0,False,35
random_19,2026-09-06,8,1,-1.0,True,36
random_19,2026-09-07,8,11,-3.0,False,37
random_19,2026-08-01,9,5,-1.0,True,0
random_19,2026-08-02,9,18,-1.0,False,1
random_19,2026-08-03,9,7,-3.0,True,2
random_19,2026-08-04,9,13,1.0,False,3
random_19,2026-08-05,9,15,0.0,True,4
random_19,2026-08-06,9,11,3.0,False,5
random_19,2026-08-07,9,10,0.0,True,6
random_19,2026-08-08,9,6,3.0,False,7
random_19,2026-08-09,9,2,-0.0,False,8
random_19,2026-08-10,9,16,0.0,True,9
random_19,2026-08-11,9,14,-1.0,False,10
random_19,2026-08-12,9,0,1.0,True,11
random_19,2026-08-13,9,19,3.0,False,12
random_19,2026-08-14,9,8,-1.0,False,13
random_19,2026-08-15,9,3,-1.0,True,14
random_19,2026-08-16,9,12,-1.0,False,15
random_19,2026-08-17,9,4,1.0,True,16
random_19,2026-08-18,9,1,-1.0,True,17
random_19,2026-08-19,9,17,-1.0,False,18
random_19,2026-08-20,9,19,0.0,True,19
random_19,2026-08-21,9,16,-2.0,False,20
random_19,2026-08-22,9,2,2.0,True,21
random_19,2026-08-23,9,0,1.0,False,22
random_19,2026-08-24,9,14,2.0,True,23
random_19,2026-08-25,9,17,0.0,True,24
random_19,2026-08-26,9,1,-1.0,False,25
random_19,2026-08-27,9,12,0.0,True,26
random_19,2026-08-28,9,4,-1.0,False,27
random_19,2026-08-29,9,7,-2.0,False,28
random_19,2026-08-30,9,13,-4.0,True,29
random_19,2026-08-31,9,5,-0.0,False,30
random_19,2026-09-01,9,18,4.0,True,31
random_19,2026-09-02,9,3,1.0,False,32
random_19,2026-09-03,9,8,0.0,True,33
random_19,2026-09-04,9,11,2.0,True,34
random_19,2026-09-05,9,10,3.0,False,35
random_19,2026-09-06,9,6,0.0,True,36
random_19,2026-09-07,9,15,-0.0,False,37
random_19,2026-08-01,10,15,2.0,True,0
random_19,2026-08-02,10,6,1.0,False,1
random_19,2026-08-03,10,2,1.0,True,2
random_19,2026-08-04,10,5,-3.0,False,3
random_19,2026-08-05,10,16,1.0,False,4
random_19,2026-08-06,10,8,-1.0,True,5
random_19,2026-08-07,10,9,-0.0,False,6
random_19,2026-08-08,10,3,-2.0,True,7
random_19,2026-08-09,10,11,1.0,True,8
random_19,2026-08-10,10,1,-1.0,False,9
random_19,2026-08-11,10,4,-2.0,True,10
random_19,2026-08-12,10,7,-1.0,False,11
random_19,2026-08-13,10,17,-1.0,True,12
random_19,2026-08-14,10,0,-0.0,False,13
random_19,2026-08-15,10,19,-2.0,True,14
random_19,2026-08-16,10,14,-0.0,False,15
random_19,2026-08-17,10,13,-1.0,True,16
random_19,2026-08-18,10,12,3.0,True,17
random_19,2026-08-19,10,18,1.0,False,18
random_19,2026-08-20,10,17,1.0,False,19
random_19,2026-08-21,10,1,1.0,True,20
random_19,2026-08-22,10,11,2.0,False,21
random_19,2026-08-23,10,7,-6.0,True,22
random_19,2026-08-24,10,4,-1.0,False,23
random_19,2026-08-25,10,18,0.0,True,24
random_19,2026-08-26,10,13,2.0,False,25
random_19,2026-08-27,10,14,0.0,True,26
random_19,2026-08-28,10,12,-3.0,False,27
random_19,2026-08-29,10,2,-1.0,False,28
random_19,2026-08-30,10,5,0.0,True,29
random_19,2026-08-31,10,15,1.0,False,30
random_19,2026-09-01,10,6,0.0,True,31
random_19,2026-09-02,10,19,-1.0,False,32
random_19,2026-09-03,10,0,-1.0,True,33
random_19,2026-09-04,10,8,-1.0,False,34
random_19,2026-09-05,10,9,-3.0,True,35
random_19,2026-09-06,10,3,-2.0,False,36
random_19,2026-09-07,10,16,-1.0,True,37
random_19,2026-08-01,11,18,-1.0,True,0
random_19,2026-08-02,11,15,-2.0,False,1
random_19,2026-08-03,11,13,1.0,True,2
random_19,2026-08-04,11,7,-3.0,False,3
random_19,2026-08-05,11,8,-0.0,False,4
random_19,2026-08-06,11,9,-3.0,True,5
random_19,2026-08-07,11,14,1.0,False,6
random_19,2026-08-08,11,17,-2.0,True,7
random_19,2026-08-09,11,10,-1.0,False,8
random_19,2026-08-10,11,0,-2.0,True,9
random_19,2026-08-11,11,19,-1.0,False,10
random_19,2026-08-12,11,2,2.0,True,11
random_19,2026-08-13,11,6,2.0,False,12
random_19,2026-08-14,11,12,2.0,False,13
random_19,2026-08-15,11,16,0.0,True,14
random_19,2026-08-16,11,4,-0.0,False,15
random_19,2026-08-17,11,3,0.0,True,16
random_19,2026-08-18,11,5,2.0,True,17
random_19,2026-08-19,11,1,-3.0,False,18
random_19,2026-08-20,11,6,-1.0,True,19
random_19,2026-08-21,11,0,-0.0,False,20
random_19,2026-08-22,11,10,-2.0,True,21
random_19,2026-08-23,11,2,-0.0,False,22
random_19,2026-08-24,11,19,-3.0,True,23
random_19,2026-08-25,11,1,-2.0,True,24
random_19,2026-08-26,11,5,7.0,False,25
random_19,2026-08-27,11,4,1.0,True,26
random_19,2026-08-28,11,3,2.0,False,27
random_19,2026-08-29,11,13,-1.0,False,28
random_19,2026-08-30,11,7,2.0,True,29
random_19,2026-08-31,11,18,-1.0,False,30
random_19,2026-09-01,11,15,-2.0,True,31
random_19,2026-09-02,11,16,-1.0,False,32
random_19,2026-09-03,11,12,0.0,True,33
random_19,2026-09-04,11,9,-2.0,False,34
random_19,2026-09-05,11,14,2.0,True,35
random_19,2026-09-06,11,17,-3.0,False,36
random_19,2026-09-07,11,8,3.0,True,37
random_19,2026-08-01,12,17,-0.0,False,0
random_19,2026-08-02,12,3,-1.0,True,1
random_19,2026-08-03,12,4,1.0,False,2
random_19,2026-08-04,12,16,0.0,True,3
random_19,2026-08-05,12,7,0.0,True,4
random_19,2026-08-06,12,1,-0.0,False,5
random_19,2026-08-07,12,15,2.0,True,6
random_19,2026-08-08,12,18,2.0,False,7
random_19,2026-08-09,12,0,-2.0,False,8
random_19,2026-08-10,12,19,-3.0,True,9
random_19,2026-08-11,12,5,-1.0,False,10
random_19,2026-08-12,12,6,1.0,True,11
random_19,2026-08-13,12,14,-1.0,False,12
random_19,2026-08-14,12,11,-2.0,True,13
random_19,2026-08-15,12,13,-1.0,False,14
random_19,2026-08-16,12,9,1.0,True,15
random_19,2026-08-17,12,2,-2.0,False,16
random_19,2026-08-18,12,10,-3.0,False,17
random_19,2026-08-19,12,8,-1.0,True,18
random_19,2026-08-20,12,14,0.0,True,19
random_19,2026-08-21,12,19,1.0,False,20
random_19,2026-08-22,12,5,0.0,True,21
random_19,2026-08-23,12,6,-2.0,False,22
random_19,2026-08-24,12,0,-1.0,True,23
random_19,2026-08-25,12,8,-1.0,False,24
random_19,2026-08-26,12,2,-1.0,True,25
random_19,2026-08-27,12,9,-0.0,False,26
random_19,2026-08-28,12,10,3.0,True,27
random_19,2026-08-29,12,4,0.0,True,28
random_19,2026-08-30,12,16,-0.0,False,29
random_19,2026-08-31,12,17,0.0,True,30
random_19,2026-09-01,12,3,-0.0,False,31
random_19,2026-09-02,12,13,1.0,True,32
random_19,2026-09-03,12,11,-0.0,False,33
random_19,2026-09-04,12,1,0.0,True,34
random_19,2026-09-05,12,15,2.0,False,35
random_19,2026-09-06,12,18,-1.0,True,36
random_19,2026-09-07,12,7,-2.0,False,37
random_19,2026-08-01,13,16,1.0,False,0
random_19,2026-08-02,13,17,0.0,True,1
random_19,2026-08-03,13,11,-1.0,False,2
random_19,2026-08-04,13,9,-1.0,True,3
random_19,2026-08-05,13,0,-4.0,False,4
random_19,2026-08-06,13,14,0.0,True,5
random_19,2026-08-07,13,3,-0.0,False,6
random_19,2026-08-08,13,4,-2.0,True,7
random_19,2026-08-09,13,1,-1.0,True,8
random_19,2026-08-10,13,7,1.0,False,9
random_19,2026-08-11,13,15,3.0,True,10
random_19,2026-08-12,13,8,1.0,False,11
random_19,2026-08-13,13,18,0.0,True,12
random_19,2026-08-14,13,5,2.0,False,13
random_19,2026-08-15,13,12,1.0,True,14
random_19,2026-08-16,13,19,0.0,True,15
random_19,2026-08-17,13,10,1.0,False,16
random_19,2026-08-18,13,2,-1.0,False,17
random_19,2026-08-19,13,6,3.0,True,18
random_19,2026-08-20,13,18,1.0,False,19
random_19,2026-08-21,13,7,0.0,True,20
random_19,2026-08-22,13,15,-4.0,False,21
random_19,2026-08-23,13,8,-1.0,True,22
random_19,2026-08-24,13,1,-0.0,False,23
random_19,2026-08-25,13,6,2.0,False,24
random_19,2026-08-26,13,10,-2.0,True,25
random_19,2026-08-27,13,19,1.0,False,26
random_19,2026-08-28,13,2,0.0,True,27
random_19,2026-08-29,13,11,1.0,True,28
random_19,2026-08-30,13,9,4.0,False,29
random_19,2026-08-31,13,16,-2.0,True,30
random_19,2026-09-01,13,17,-1.0,False,31
random_19,2026-09-02,13,12,-1.0,False,32
random_19,2026-09-03,13,5,1.0,True,33
random_19,2026-09-04,13,14,-1.0,False,34
random_19,2026-09-05,13,3,0.0,True,35
random_19,2026-09-06,13,4,3.0,False,36
random_19,2026-09-07,13,0,-1.0,True,37
random_19,2026-08-01,14,0,1.0,True,0
random_19,2026-08-02,14,7,-0.0,False,1
random_19,2026-08-03,14,6,1.0,True,2
random_19,2026-08-04,14,15,1.0,False,3
random_19,2026-08-05,14,18,-1.0,True,4
random_19,2026-08-06,14,13,-0.0,False,5
random_19,2026-08-07,14,11,-1.0,True,6
random_19,2026-08-08,14,2,1.0,False,7
random_19,2026-08-09,14,4,0.0,True,8
random_19,2026-08-10,14,17,1.0,False,9
random_19,2026-08-11,14,9,1.0,True,10
random_19,2026-08-12,14,1,-0.0,False,11
random_19,2026-08-13,14,12,1.0,True,12
random_19,2026-08-14,14,3,-0.0,False,13
random_19,2026-08-15,14,5,2.0,True,14
random_19,2026-08-16,14,10,0.0,True,15
random_19,2026-08-17,14,16,-0.0,False,16
random_19,2026-08-18,14,8,4.0,False,17
random_19,2026-08-19,14,19,2.0,True,18
random_19,2026-08-20,14,12,-0.0,False,19
random_19,2026-08-21,14,17,-3.0,True,20
random_19,2026-08-22,14,4,1.0,False,21
random_19,2026-08-23,14,1,0.0,True,22
random_19,2026-08-24,14,9,-2.0,False,23
random_19,2026-08-25,14,19,-1.0,False,24
random_19,2026-08-26,14,16,-3.0,True,25
random_19,2026-08-27,14,10,-0.0,False,26
random_19,2026-08-28,14,8,0.0,True,27
random_19,2026-08-29,14,6,-2.0,False,28
random_19,2026-08-30,14,15,-3.0,True,29
random_19,2026-08-31,14,0,1.0,False,30
random_19,2026-09-01,14,7,1.0,True,31
random_19,2026-09-02,14,5,-1.0,False,32
random_19,2026-09-03,14,3,0.0,True,33
random_19,2026-09-04,14,13,1.0,True,34
random_19,2026-09-05,14,11,-2.0,False,35
random_19,2026-09-06,14,2,-1.0,True,36
random_19,2026-09-07,14,18,-0.0,False,37
random_19,2026-08-01,15,10,-2.0,False,0
random_19,2026-08-02,15,11,2.0,True,1
random_19,2026-08-03,15,8,-0.0,False,2
random_19,2026-08-04,15,14,-1.0,True,3
random_19,2026-08-05,15,9,-0.0,False,4
random_19,2026-08-06,15,19,3.0,True,5
random_19,2026-08-07,15,12,-2.0,False,6
random_19,2026-08-08,15,0,2.0,True,7
random_19,2026-08-09,15,5,-5.0,False,8
random_19,2026-08-10,15,2,2.0,True,9
random_19,2026-08-11,15,13,-3.0,False,10
random_19,2026-08-12,15,3,2.0,True,11
random_19,2026-08-13,15,16,-1.0,False,12
random_19,2026-08-14,15,6,0.0,True,13
random_19,2026-08-15,15,7,2.0,False,14
random_19,2026-08-16,15,1,-1.0,False,15
random_19,2026-08-17,15,17,2.0,True,16
random_19,2026-08-18,15,18,2.0,True,17
random_19,2026-08-19,15,4,-5.0,False,18
random_19,2026-08-20,15,16,-3.0,True,19
random_19,2026-08-21,15,2,-4.0,False,20
random_19,2026-08-22,15,13,4.0,True,21
random_19,2026-08-23,15,3,-0.0,False,22
random_19,2026-08-24,15,5,0.0,True,23
random_19,2026-08-25,15,4,0.0,True,24
random_19,2026-08-26,15,17,-2.0,False,25
random_19,2026-08-27,15,1,-3.0,True,26
random_19,2026-08-28,15,18,1.0,False,27
random_19,2026-08-29,15,8,1.0,True,28
random_19,2026-08-30,15,14,3.0,False,29
random_19,2026-08-31,15,10,-1.0,True,30
random_19,2026-09-01,15,11,2.0,False,31
random_19,2026-09-02,15,7,2.0,True,32
random_19,2026-09-03,15,6,-1.0,False,33
random_19,2026-09-04,15,0,-0.0,False,34
random_19,2026-09-05,15,12,-2.0,True,35
random_19,2026-09-06,15,19,-2.0,False,36
random_19,2026-09-07,15,9,0.0,True,37
random_19,2026-08-01,16,13,-1.0,True,0
random_19,2026-08-02,16,19,-0.0,False,1
random_19,2026-08-03,16,0,0.0,True,2
random_19,2026-08-04,16,12,-0.0,False,3
random_19,2026-08-05,16,10,-1.0,True,4
random_19,2026-08-06,16,6,2.0,False,5
random_19,2026-08-07,16,2,1.0,True,6
random_19,2026-08-08,16,7,-0.0,False,7
random_19,2026-08-09,16,8,0.0,True,8
random_19,2026-08-10,16,9,-0.0,False,9
random_19,2026-08-11,16,1,1.0,True,10
random_19,2026-08-12,16,4,2.0,False,11
random_19,2026-08-13,16,15,1.0,True,12
random_19,2026-08-14,16,18,0.0,True,13
random_19,2026-08-15,16,11,-0.0,False,14
random_19,2026-08-16,16,3,1.0,False,15
random_19,2026-08-17,16,14,0.0,True,16
random_19,2026-08-18,16,17,1.0,True,17
random_19,2026-08-19,16,5,-0.0,False,18
random_19,2026-08-20,16,15,3.0,False,19
random_19,2026-08-21,16,9,2.0,True,20
random_19,2026-08-22,16,1,1.0,False,21
random_19,2026-08-23,16,4,4.0,True,22
random_19,2026-08-24,16,8,-0.0,False,23
random_19,2026-08-25,16,5,-1.0,True,24
random_19,2026-08-26,16,14,3.0,False,25
random_19,2026-08-27,16,3,1.0,True,26
random_19,2026-08-28,16,17,-0.0,False,27
random_19,2026-08-29,16,0,-4.0,False,28
random_19,2026-08-30,16,12,0.0,True,29
random_19,2026-08-31,16,13,2.0,False,30
random_19,2026-09-01,16,19,1.0,True,31
random_19,2026-09-02,16,11,1.0,True,32
random_19,2026-09-03,16,18,-1.0,False,33
random_19,2026-09-04,16,6,-3.0,True,34
random_19,2026-09-05,16,2,-0.0,False,35
random_19,2026-09-06,16,7,4.0,True,36
random_19,2026-09-07,16,10,1.0,False,37
random_19,2026-08-01,17,12,0.0,True,0
random_19,2026-08-02,17,13,-0.0,False,1
random_19,2026-08-03,17,19,-2.0,True,2
random_19,2026-08-04,17,2,1.0,False,3
random_19,2026-08-05,17,6,1.0,True,4
random_19,2026-08-06,17,7,2.0,False,5
random_19,2026-08-07,17,1,2.0,True,6
random_19,2026-08-08,17,11,2.0,False,7
random_19,2026-08-09,17,3,-1.0,False,8
random_19,2026-08-10,17,14,-1.0,True,9
random_19,2026-08-11,17,0,-4.0,False,10
random_19,2026-08-12,17,5,-2.0,True,11
random_19,2026-08-13,17,10,1.0,False,12
random_19,2026-08-14,17,4,-2.0,True,13
random_19,2026-08-15,17,18,-2.0,False,14
random_19,2026-08-16,17,8,-1.0,True,15
random_19,2026-08-17,17,15,-2.0,False,16
random_19,2026-08-18,17,16,-1.0,False,17
random_19,2026-08-19,17,9,1.0,True,18
random_19,2026-08-20,17,10,-1.0,True,19
random_19,2026-08-21,17,14,3.0,False,20
random_19,2026-08-22,17,0,0.0,True,21
random_19,2026-08-23,17,5,-2.0,False,22
random_19,2026-08-24,17,3,0.0,True,23
random_19,2026-08-25,17,9,-0.0,False,24
random_19,2026-08-26,17,15,2.0,True,25
random_19,2026-08-27,17,8,-2.0,False,26
random_19,2026-08-28,17,16,0.0,True,27
random_19,2026-08-29,17,19,-1.0,False,28
random_19,2026-08-30,17,2,0.0,True,29
random_19,2026-08-31,17,12,-0.0,False,30
random_19,2026-09-01,17,13,1.0,True,31
random_19,2026-09-02,17,18,-3.0,True,32
random_19,2026-09-03,17,4,-2.0,False,33
random_19,2026-09-04,17,7,1.0,True,34
random_19,2026-09-05,17,1,-0.0,False,35
random_19,2026-09-06,17,11,3.0,True,36
random_19,2026-09-07,17,6,-1.0,False,37
random_19,2026-08-01,18,11,1.0,False,0
random_19,2026-08-02,18,9,1.0,True,1
random_19,2026-08-03,18,3,-0.0,False,2
random_19,2026-08-04,18,1,-2.0,True,3
random_19,2026-08-05,18,14,1.0,False,4
random_19,2026-08-06,18,4,1.0,True,5
random_19,2026-08-07,18,0,-1.0,False,6
random_19,2026-08-08,18,12,-2.0,True,7
random_19,2026-08-09,18,6,-0.0,False,8
random_19,2026-08-10,18,5,2.0,True,9
random_19,2026-08-11,18,2,-4.0,False,10
random_19,2026-08-12,18,19,3.0,True,11
random_19,2026-08-13,18,13,-0.0,False,12
random_19,2026-08-14,18,16,-0.0,False,13
random_19,2026-08-15,18,17,2.0,True,14
random_19,2026-08-16,18,7,1.0,True,15
random_19,2026-08-17,18,8,-1.0,False,16
random_19,2026-08-18,18,15,-2.0,False,17
random_19,2026-08-19,18,10,-1.0,True,18
random_19,2026-08-20,18,13,-1.0,True,19
random_19,2026-08-21,18,5,1.0,False,20
random_19,2026-08-22,18,6,1.0,True,21
random_19,2026-08-23,18,19,-1.0,False,22
random_19,2026-08-24,18,2,0.0,True,23
random_19,2026-08-25,18,10,-0.0,False,24
random_19,2026-08-26,18,8,4.0,True,25
random_19,2026-08-27,18,7,1.0,False,26
random_19,2026-08-28,18,15,-1.0,True,27
random_19,2026-08-29,18,3,0.0,True,28
random_19,2026-08-30,18,1,-2.0,False,29
random_19,2026-08-31,18,11,1.0,True,30
random_19,2026-09-01,18,9,-4.0,False,31
random_19,2026-09-02,18,17,3.0,False,32
random_19,2026-09-03,18,16,1.0,True,33
random_19,2026-09-04,18,4,-3.0,False,34
random_19,2026-09-05,18,0,-3.0,True,35
random_19,2026-09-06,18,12,1.0,False,36
random_19,2026-09-07,18,14,0.0,True,37
random_19,2026-08-01,19,3,-0.0,False,0
random_19,2026-08-02,19,16,0.0,True,1
random_19,2026-08-03,19,17,2.0,False,2
random_19,2026-08-04,19,8,-1.0,True,3
random_19,2026-08-05,19,2,0.0,True,4
random_19,2026-08-06,19,15,-3.0,False,5
random_19,2026-08-07,19,6,1.0,True,6
random_19,2026-08-08,19,5,-2.0,False,7
random_19,2026-08-09,19,7,0.0,True,8
random_19,2026-08-10,19,12,3.0,False,9
random_19,2026-08-11,19,11,1.0,True,10
random_19,2026-08-12,19,18,-3.0,False,11
random_19,2026-08-13,19,9,-3.0,True,12
random_19,2026-08-14,19,1,-2.0,True,13
random_19,2026-08-15,19,10,2.0,False,14
random_19,2026-08-16,19,13,-0.0,False,15
random_19,2026-08-17,19,0,0.0,True,16
random_19,2026-08-18,19,4,-2.0,True,17
random_19,2026-08-19,19,14,-2.0,False,18
random_19,2026-08-20,19,9,-0.0,False,19
random_19,2026-08-21,19,12,-1.0,True,20
random_19,2026-08-22,19,7,2.0,False,21
random_19,2026-08-23,19,18,1.0,True,22
random_19,2026-08-24,19,11,3.0,False,23
random_19,2026-08-25,19,14,1.0,True,24
random_19,2026-08-26,19,4,2.0,False,25
random_19,2026-08-27,19,13,-1.0,True,26
random_19,2026-08-28,19,0,4.0,False,27
random_19,2026-08-29,19,17,1.0,True,28
random_19,2026-08-30,19,8,-0.0,False,29
random_19,2026-08-31,19,3,0.0,True,30
random_19,2026-09-01,19,16,-1.0,False,31
random_19,2026-09-02,19,10,1.0,True,32
random_19,2026-09-03,19,1,2.0,False,33
random_19,2026-09-04,19,5,-2.0,True,34
random_19,2026-09-05,19,6,-3.0,False,35
random_19,2026-09-06,19,15,2.0,True,36
random_19,2026-09-07,19,2,1.0,False,37
random_2,2026-08-01,0,14,-2.0,False,0
random_2,2026-08-02,0,8,1.0,True,1
random_2,2026-08-03,0,16,3.0,False,2
random_2,2026-08-04,0,3,-1.0,True,3
random_2,2026-08-05,0,13,0.0,True,4
random_2,2026-08-06,0,5,-1.0,False,5
random_2,2026-08-07,0,18,-3.0,True,6
random_2,2026-08-08,0,15,-0.0,False,7
random_2,2026-08-09,0,12,2.0,True,8
random_2,2026-08-10,0,11,-4.0,False,9
random_2,2026-08-11,0,17,-3.0,True,10
random_2,2026-08-12,0,9,-3.0,False,11
random_2,2026-08-13,0,4,-4.0,True,12
random_2,2026-08-14,0,10,-1.0,True,13
random_2,2026-08-15,0,1,-2.0,False,14
random_2,2026-08-16,0,6,-2.0,True,15
random_2,2026-08-17,0,19,-1.0,False,16
random_2,2026-08-18,0,7,-0.0,False,17
random_2,2026-08-19,0,2,-1.0,True,18
random_2,2026-08-20,0,4,1.0,False,19
random_2,2026-08-21,0,11,-3.0,True,20
random_2,2026-08-22,0,17,1.0,False,21
random_2,2026-08-23,0,9,-1.0,True,22
random_2,2026-08-24,0,12,-0.0,False,23
random_2,2026-08-25,0,2,3.0,False,24
random_2,2026-08-26,0,7,0.0,True,25
random_2,2026-08-27,0,6,1.0,False,26
random_2,2026-08-28,0,19,0.0,True,27
random_2,2026-08-29,0,16,-2.0,True,28
random_2,2026-08-30,0,3,-0.0,False,29
random_2,2026-08-31,0,14,1.0,True,30
random_2,2026-09-01,0,8,1.0,False,31
random_2,2026-09-02,0,1,-3.0,True,32
random_2,2026-09-03,0,10,2.0,False,33
random_2,2026-09-04,0,15,-2.0,True,34
random_2,2026-09-05,0,18,2.0,False,35
random_2,2026-09-06,0,5,0.0,True,36
random_2,2026-09-07,0,13,-1.0,False,37
random_2,2026-08-01,1,6,0.0,True,0
random_2,2026-08-02,1,2,-0.0,False,1
random_2,2026-08-03,1,5,-3.0,True,2
random_2,2026-08-04,1,18,3.0,False,3
random_2,2026-08-05,1,4,-1.0,False,4
random_2,2026-08-06,1,12,-2.0,True,5
random_2,2026-08-07,1,17,-4.0,False,6
random_2,2026-08-08,1,8,0.0,True,7
random_2,2026-08-09,1,13,1.0,False,8
random_2,2026-08-10,1,10,-2.0,True,9
random_2,2026-08-11,1,16,-0.0,False,10
random_2,2026-08-12,1,14,0.0,True,11
random_2,2026-08-13,1,3,-1.0,False,12
random_2,2026-08-14,1,19,3.0,False,13
random_2,2026-08-15,1,0,2.0,True,14
random_2,2026-08-16,1,15,6.0,True,15
random_2,2026-08-17,1,7,1.0,False,16
random_2,2026-08-18,1,9,4.0,False,17
random_2,2026-08-19,1,11,0.0,True,18
random_2,2026-08-20,1,3,1.0,True,19
random_2,2026-08-21,1,10,-2.0,False,20
random_2,2026-08-22,1,16,-3.0,True,21
random_2,2026-08-23,1,14,-1.0,False,22
random_2,2026-08-24,1,13,1.0,True,23
random_2,2026-08-25,1,11,2.0,False,24
random_2,2026-08-26,1,9,0.0,True,25
random_2,2026-08-27,1,15,4.0,False,26
random_2,2026-08-28,1,7,-1.0,True,27
random_2,2026-08-29,1,5,-1.0,False,28
random_2,2026-08-30,1,18,-1.0,True,29
random_2,2026-08-31,1,6,2.0,False,30
random_2,2026-09-01,1,2,2.0,True,31
random_2,2026-09-02,1,0,3.0,False,32
random_2,2026-09-03,1,19,1.0,True,33
random_2,2026-09-04,1,12,-1.0,False,34
random_2,2026-09-05,1,17,0.0,True,35
random_2,2026-09-06,1,8,-2.0,False,36
random_2,2026-09-07,1,4,0.0,True,37
random_2,2026-08-01,2,4,1.0,False,0
random_2,2026-08-02,2,1,0.0,True,1
random_2,2026-08-03,2,10,4.0,False,2
random_2,2026-08-04,2,17,0.0,True,3
random_2,2026-08-05,2,19,1.0,False,4
random_2,2026-08-06,2,3,-2.0,True,5
random_2,2026-08-07,2,16,3.0,False,6
random_2,2026-08-08,2,14,0.0,True,7
random_2,2026-08-09,2,9,2.0,True,8
random_2,2026-08-10,2,15,3.0,False,9
random_2,2026-08-11,2,18,5.0,True,10
random_2,2026-08-12,2,11,1.0,False,11
random_2,2026-08-13,2,8,-1.0,True,12
random_2,2026-08-14,2,7,-1.0,True,13
random_2,2026-08-15,2,6,-0.0,False,14
random_2,2026-08-16,2,5,1.0,False,15
random_2,2026-08-17,2,12,2.0,True,16
random_2,2026-08-18,2,13,2.0,True,17
random_2,2026-08-19,2,0,1.0,False,18
random_2,2026-08-20,2,8,-1.0,False,19
random_2,2026-08-21,2,15,2.0,True,20
random_2,2026-08-22,2,9,2.0,False,21
random_2,2026-08-23,2,11,2.0,True,22
random_2,2026-08-24,2,18,-0.0,False,23
random_2,2026-08-25,2,0,-3.0,True,24
random_2,2026-08-26,2,12,3.0,False,25
random_2,2026-08-27,2,5,3.0,True,26
random_2,2026-08-28,2,13,-0.0,False,27
random_2,2026-08-29,2,10,1.0,True,28
random_2,2026-08-30,2,17,-0.0,False,29
random_2,2026-08-31,2,4,1.0,True,30
random_2,2026-09-01,2,1,-2.0,False,31
random_2,2026-09-02,2,6,0.0,True,32
random_2,2026-09-03,2,7,-3.0,False,33
random_2,2026-09-04,2,3,-2.0,False,34
random_2,2026-09-05,2,16,-2.0,True,35
random_2,2026-09-06,2,14,-3.0,False,36
random_2,2026-09-07,2,19,-2.0,True,37
random_2,2026-08-01,3,19,-1.0,True,0
random_2,2026-08-02,3,12,-0.0,False,1
random_2,2026-08-03,3,18,2.0,True,2
random_2,2026-08-04,3,0,1.0,False,3
random_2,2026-08-05,3,5,2.0,True,4
random_2,2026-08-06,3,2,2.0,False,5
random_2,2026-08-07,3,13,1.0,True,6
random_2,2026-08-08,3,10,-0.0,False,7
random_2,2026-08-09,3,17,-1.0,True,8
random_2,2026-08-10,3,4,1.0,False,9
random_2,2026-08-11,3,8,1.0,True,10
random_2,2026-08-12,3,15,2.0,False,11
random_2,2026-08-13,3,1,1.0,True,12
random_2,2026-08-14,3,14,0.0,True,13
random_2,2026-08-15,3,9,-2.0,False,14
random_2,2026-08-16,3,16,3.0,True,15
random_2,2026-08-17,3,11,1.0,False,16
random_2,2026-08-18,3,6,-4.0,False,17
random_2,2026-08-19,3,7,1.0,True,18
random_2,2026-08-20,3,1,-1.0,False,19
random_2,2026-08-21,3,4,0.0,True,20
random_2,2026-08-22,3,8,2.0,False,21
random_2,2026-08-23,3,15,0.0,True,22
random_2,2026-08-24,3,17,1.0,False,23
random_2,2026-08-25,3,7,-2.0,False,24
random_2,2026-08-26,3,6,-1.0,True,25
random_2,2026-08-27,3,16,3.0,False,26
random_2,2026-08-28,3,11,2.0,True,27
random_2,2026-08-29,3,18,1.0,False,28
random_2,2026-08-30,3,0,0.0,True,29
random_2,2026-08-31,3,19,-1.0,False,30
random_2,2026-09-01,3,12,-1.0,True,31
random_2,2026-09-02,3,9,-2.0,True,32
random_2,2026-09-03,3,14,1.0,False,33
random_2,2026-09-04,3,2,2.0,True,34
random_2,2026-09-05,3,13,1.0,False,35
random_2,2026-09-06,3,10,-2.0,True,36
random_2,2026-09-07,3,5,-1.0,False,37
random_2,2026-08-01,4,2,-1.0,True,0
random_2,2026-08-02,4,5,-1.0,False,1
random_2,2026-08-03,4,12,0.0,True,2
random_2,2026-08-04,4,6,2.0,False,3
random_2,2026-08-05,4,1,1.0,True,4
random_2,2026-08-06,4,18,3.0,False,5
random_2,2026-08-07,4,7,-1.0,True,6
random_2,2026-08-08,4,13,-2.0,False,7
random_2,2026-08-09,4,14,-0.0,False,8
random_2,2026-08-10,4,3,-1.0,True,9
random_2,2026-08-11,4,10,1.0,False,10
random_2,2026-08-12,4,16,2.0,True,11
random_2,2026-08-13,4,0,4.0,False,12
random_2,2026-08-14,4,17,-2.0,False,13
random_2,2026-08-15,4,8,0.0,True,14
random_2,2026-08-16,4,11,-3.0,True,15
random_2,2026-08-17,4,9,-0.0,False,16
random_2,2026-08-18,4,19,1.0,False,17
random_2,2026-08-19,4,15,-2.0,True,18
random_2,2026-08-20,4,0,-1.0,True,19
random_2,2026-08-21,4,3,-0.0,False,20
random_2,2026-08-22,4,14,-1.0,True,21
random_2,2026-08-23,4,16,-2.0,False,22
random_2,2026-08-24,4,10,0.0,True,23
random_2,2026-08-25,4,15,-0.0,False,24
random_2,2026-08-26,4,19,5.0,True,25
random_2,2026-08-27,4,11,1.0,False,26
random_2,2026-08-28,4,9,-1.0,True,27
random_2,2026-08-29,4,12,1.0,False,28
random_2,2026-08-30,4,6,0.0,True,29
random_2,2026-08-31,4,2,-1.0,False,30
random_2,2026-09-01,4,5,0.0,True,31
random_2,2026-09-02,4,8,1.0,False,32
random_2,2026-09-03,4,17,2.0,True,33
random_2,2026-09-04,4,18,3.0,True,34
random_2,2026-09-05,4,7,1.0,False,35
random_2,2026-09-06,4,13,-4.0,True,36
random_2,2026-09-07,4,1,-0.0,False,37
random_2,2026-08-01,5,9,-2.0,False,0
random_2,2026-08-02,5,4,1.0,True,1
random_2,2026-08-03,5,1,3.0,False,2
random_2,2026-08-04,5,10,0.0,True,3
random_2,2026-08-05,5,3,-2.0,False,4
random_2,2026-08-06,5,0,1.0,True,5
random_2,2026-08-07,5,8,-1.0,False,6
random_2,2026-08-08,5,19,2.0,True,7
random_2,2026-08-09,5,15,0.0,True,8
random_2,2026-08-10,5,18,3.0,False,9
random_2,2026-08-11,5,12,1.0,True,10
random_2,2026-08-12,5,17,1.0,False,11
random_2,2026-08-13,5,7,0.0,True,12
random_2,2026-08-14,5,13,1.0,True,13
random_2,2026-08-15,5,14,-1.0,False,14
random_2,2026-08-16,5,2,-1.0,True,15
random_2,2026-08-17,5,6,-3.0,False,16
random_2,2026-08-18,5,11,-3.0,False,17
random_2,2026-08-19,5,16,-4.0,True,18
random_2,2026-08-20,5,7,-2.0,False,19
random_2,2026-08-21,5,18,0.0,True,20
random_2,2026-08-22,5,12,-1.0,False,21
random_2,2026-08-23,5,17,-2.0,True,22
random_2,2026-08-24,5,15,-0.0,False,23
random_2,2026-08-25,5,16,-0.0,False,24
random_2,2026-08-26,5,11,0.0,True,25
random_2,2026-08-27,5,2,-3.0,False,26
random_2,2026-08-28,5,6,1.0,True,27
random_2,2026-08-29,5,1,1.0,True,28
random_2,2026-08-30,5,10,1.0,False,29
random_2,2026-08-31,5,9,-2.0,True,30
random_2,2026-09-01,5,4,-0.0,False,31
random_2,2026-09-02,5,14,1.0,True,32
random_2,2026-09-03,5,13,3.0,False,33
random_2,2026-09-04,5,19,-1.0,False,34
random_2,2026-09-05,5,8,-1.0,True,35
random_2,2026-09-06,5,0,-0.0,False,36
random_2,2026-09-07,5,3,1.0,True,37
random_2,2026-08-01,6,1,-0.0,False,0
random_2,2026-08-02,6,10,-1.0,True,1
random_2,2026-08-03,6,14,-2.0,False,2
random_2,2026-08-04,6,4,-2.0,True,3
random_2,2026-08-05,6,17,-0.0,False,4
random_2,2026-08-06,6,16,0.0,True,5
random_2,2026-08-07,6,19,-2.0,False,6
random_2,2026-08-08,6,9,-1.0,True,7
random_2,2026-08-09,6,18,-1.0,True,8
random_2,2026-08-10,6,8,1.0,False,9
random_2,2026-08-11,6,7,-3.0,True,10
random_2,2026-08-12,6,12,-0.0,False,11
random_2,2026-08-13,6,11,-1.0,True,12
random_2,2026-08-14,6,15,2.0,False,13
random_2,2026-08-15,6,2,0.0,True,14
random_2,2026-08-16,6,0,2.0,False,15
random_2,2026-08-17,6,5,3.0,True,16
random_2,2026-08-18,6,3,4.0,True,17
random_2,2026-08-19,6,13,-3.0,False,18
random_2,2026-08-20,6,11,1.0,False,19
random_2,2026-08-21,6,8,-4.0,True,20
random_2,2026-08-22,6,18,1.0,False,21
random_2,2026-08-23,6,12,-4.0,True,22
random_2,2026-08-24,6,7,-0.0,False,23
random_2,2026-08-25,6,13,0.0,True,24
random_2,2026-08-26,6,3,1.0,False,25
random_2,2026-08-27,6,0,-1.0,True,26
random_2,2026-08-28,6,5,-1.0,False,27
random_2,2026-08-29,6,14,2.0,True,28
random_2,2026-08-30,6,4,-0.0,False,29
random_2,2026-08-31,6,1,-2.0,True,30
random_2,2026-09-01,6,10,-0.0,False,31
random_2,2026-09-02,6,2,-0.0,False,32
random_2,2026-09-03,6,15,1.0,True,33
random_2,2026-09-04,6,16,-0.0,False,34
random_2,2026-09-05,6,19,0.0,True,35
random_2,2026-09-06,6,9,2.0,False,36
random_2,2026-09-07,6,17,-2.0,True,37
random_2,2026-08-01,7,8,-0.0,False,0
random_2,2026-08-02,7,14,4.0,True,1
random_2,2026-08-03,7,9,-3.0,False,2
random_2,2026-08-04,7,11,6.0,True,3
random_2,2026-08-05,7,12,-3.0,False,4
random_2,2026-08-06,7,17,1.0,True,5
random_2,2026-08-07,7,4,1.0,False,6
random_2,2026-08-08,7,16,-1.0,True,7
random_2,2026-08-09,7,19,-2.0,False,8
random_2,2026-08-10,7,13,3.0,True,9
random_2,2026-08-11,7,6,3.0,False,10
random_2,2026-08-12,7,10,0.0,True,11
random_2,2026-08-13,7,5,-0.0,False,12
random_2,2026-08-14,7,2,1.0,False,13
random_2,2026-08-15,7,15,0.0,True,14
random_2,2026-08-16,7,18,-1.0,False,15
random_2,2026-08-17,7,1,-1.0,True,16
random_2,2026-08-18,7,0,0.0,True,17
random_2,2026-08-19,7,3,-1.0,False,18
random_2,2026-08-20,7,5,2.0,True,19
random_2,2026-08-21,7,13,1.0,False,20
random_2,2026-08-22,7,19,1.0,True,21
random_2,2026-08-23,7,10,-1.0,False,22
random_2,2026-08-24,7,6,0.0,True,23
random_2,2026-08-25,7,3,2.0,True,24
random_2,2026-08-26,7,0,-0.0,False,25
random_2,2026-08-27,7,18,0.0,True,26
random_2,2026-08-28,7,1,1.0,False,27
random_2,2026-08-29,7,9,1.0,True,28
random_2,2026-08-30,7,11,-2.0,False,29
random_2,2026-08-31,7,8,-3.0,True,30
random_2,2026-09-01,7,14,-1.0,False,31
random_2,2026-09-02,7,15,1.0,False,32
random_2,2026-09-03,7,2,3.0,True,33
random_2,2026-09-04,7,17,-1.0,False,34
random_2,2026-09-05,7,4,-1.0,True,35
random_2,2026-09-06,7,16,4.0,False,36
random_2,2026-09-07,7,12,1.0,True,37
random_2,2026-08-01,8,7,0.0,True,0
random_2,2026-08-02,8,0,-1.0,False,1
random_2,2026-08-03,8,15,0.0,True,2
random_2,2026-08-04,8,19,-0.0,False,3
random_2,2026-08-05,8,11,-1.0,True,4
random_2,2026-08-06,8,10,-2.0,False,5
random_2,2026-08-07,8,5,1.0,True,6
random_2,2026-08-08,8,1,-0.0,False,7
random_2,2026-08-09,8,16,2.0,False,8
random_2,2026-08-10,8,6,-1.0,True,9
random_2,2026-08-11,8,3,-1.0,False,10
random_2,2026-08-12,8,13,1.0,True,11
random_2,2026-08-13,8,2,1.0,False,12
random_2,2026-08-14,8,9,-1.0,True,13
random_2,2026-08-15,8,4,-0.0,False,14
random_2,2026-08-16,8,17,-1.0,False,15
random_2,2026-08-17,8,18,-2.0,True,16
random_2,2026-08-18,8,14,-3.0,True,17
random_2,2026-08-19,8,12,1.0,False,18
random_2,2026-08-20,8,2,1.0,True,19
random_2,2026-08-21,8,6,4.0,False,20
random_2,2026-08-22,8,3,-2.0,True,21
random_2,2026-08-23,8,13,-2.0,False,22
random_2,2026-08-24,8,16,2.0,True,23
random_2,2026-08-25,8,12,-3.0,True,24
random_2,2026-08-26,8,18,1.0,False,25
random_2,2026-08-27,8,17,1.0,True,26
random_2,2026-08-28,8,14,-2.0,False,27
random_2,2026-08-29,8,15,1.0,False,28
random_2,2026-08-30,8,19,-1.0,True,29
random_2,2026-08-31,8,7,3.0,False,30
random_2,2026-09-01,8,0,-1.0,True,31
random_2,2026-09-02,8,4,-1.0,True,32
random_2,2026-09-03,8,9,-1.0,False,33
random_2,2026-09-04,8,10,0.0,True,34
random_2,2026-09-05,8,5,1.0,False,35
random_2,2026-09-06,8,1,2.0,True,36
random_2,2026-09-07,8,11,-1.0,False,37
random_2,2026-08-01,9,5,2.0,True,0
random_2,2026-08-02,9,18,-1.0,False,1
random_2,2026-08-03,9,7,3.0,True,2
random_2,2026-08-04,9,13,-4.0,False,3
random_2,2026-08-05,9,15,-1.0,True,4
random_2,2026-08-06,9,11,-2.0,False,5
random_2,2026-08-07,9,10,2.0,True,6
random_2,2026-08-08,9,6,1.0,False,7
random_2,2026-08-09,9,2,-2.0,False,8
random_2,2026-08-10,9,16,2.0,True,9
random_2,2026-08-11,9,14,-1.0,False,10
random_2,2026-08-12,9,0,3.0,True,11
random_2,2026-08-13,9,19,-0.0,False,12
random_2,2026-08-14,9,8,1.0,False,13
random_2,2026-08-15,9,3,2.0,True,14
random_2,2026-08-16,9,12,-1.0,False,15
random_2,2026-08-17,9,4,0.0,True,16
random_2,2026-08-18,9,1,-4.0,True,17
random_2,2026-08-19,9,17,-0.0,False,18
random_2,2026-08-20,9,19,1.0,True,19
random_2,2026-08-21,9,16,-0.0,False,20
random_2,2026-08-22,9,2,-2.0,True,21
random_2,2026-08-23,9,0,1.0,False,22
random_2,2026-08-24,9,14,0.0,True,23
random_2,2026-08-25,9,17,-1.0,True,24
random_2,2026-08-26,9,1,-0.0,False,25
random_2,2026-08-27,9,12,-1.0,True,26
random_2,2026-08-28,9,4,1.0,False,27
random_2,2026-08-29,9,7,-1.0,False,28
random_2,2026-08-30,9,13,-1.0,True,29
random_2,2026-08-31,9,5,2.0,False,30
random_2,2026-09-01,9,18,-2.0,True,31
random_2,2026-09-02,9,3,2.0,False,32
random_2,2026-09-03,9,8,1.0,True,33
random_2,2026-09-04,9,11,0.0,True,34
random_2,2026-09-05,9,10,-1.0,False,35
random_2,2026-09-06,9,6,-2.0,True,36
random_2,2026-09-07,9,15,1.0,False,37
random_2,2026-08-01,10,15,4.0,True,0
random_2,2026-08-02,10,6,1.0,False,1
random_2,2026-08-03,10,2,-4.0,True,2
random_2,2026-08-04,10,5,-0.0,False,3
random_2,2026-08-05,10,16,-0.0,False,4
random_2,2026-08-06,10,8,2.0,True,5
random_2,2026-08-07,10,9,-2.0,False,6
random_2,2026-08-08,10,3,0.0,True,7
random_2,2026-08-09,10,11,-2.0,True,8
random_2,2026-08-10,10,1,2.0,False,9
random_2,2026-08-11,10,4,-1.0,True,10
random_2,2026-08-12,10,7,-0.0,False,11
random_2,2026-08-13,10,17,1.0,True,12
random_2,2026-08-14,10,0,1.0,False,13
random_2,2026-08-15,10,19,0.0,True,14
random_2,2026-08-16,10,14,-0.0,False,15
random_2,2026-08-17,10,13,0.0,True,16
random_2,2026-08-18,10,12,2.0,True,17
random_2,2026-08-19,10,18,-1.0,False,18
random_2,2026-08-20,10,17,3.0,False,19
random_2,2026-08-21,10,1,2.0,True,20
random_2,2026-08-22,10,11,-1.0,False,21
random_2,2026-08-23,10,7,1.0,True,22
random_2,2026-08-24,10,4,-0.0,False,23
random_2,2026-08-25,10,18,2.0,True,24
random_2,2026-08-26,10,13,2.0,False,25
random_2,2026-08-27,10,14,0.0,True,26
random_2,2026-08-28,10,12,-4.0,False,27
random_2,2026-08-29,10,2,-1.0,False,28
random_2,2026-08-30,10,5,-1.0,True,29
random_2,2026-08-31,10,15,2.0,False,30
random_2,2026-09-01,10,6,0.0,True,31
random_2,2026-09-02,10,19,-1.0,False,32
random_2,2026-09-03,10,0,-2.0,True,33
random_2,2026-09-04,10,8,-0.0,False,34
random_2,2026-09-05,10,9,1.0,True,35
random_2,2026-09-06,10,3,2.0,False,36
random_2,2026-09-07,10,16,-2.0,True,37
random_2,2026-08-01,11,18,1.0,True,0
random_2,2026-08-02,11,15,-1.0,False,1
random_2,2026-08-03,11,13,-1.0,True,2
random_2,2026-08-04,11,7,-6.0,False,3
random_2,2026-08-05,11,8,1.0,False,4
random_2,2026-08-06,11,9,2.0,True,5
random_2,2026-08-07,11,14,-2.0,False,6
random_2,2026-08-08,11,17,2.0,True,7
random_2,2026-08-09,11,10,2.0,False,8
random_2,2026-08-10,11,0,4.0,True,9
random_2,2026-08-11,11,19,-2.0,False,10
random_2,2026-08-12,11,2,-1.0,True,11
random_2,2026-08-13,11,6,1.0,False,12
random_2,2026-08-14,11,12,2.0,False,13
random_2,2026-08-15,11,16,0.0,True,14
random_2,2026-08-16,11,4,3.0,False,15
random_2,2026-08-17,11,3,-1.0,True,16
random_2,2026-08-18,11,5,3.0,True,17
random_2,2026-08-19,11,1,-0.0,False,18
random_2,2026-08-20,11,6,-1.0,True,19
random_2,2026-08-21,11,0,3.0,False,20
random_2,2026-08-22,11,10,1.0,True,21
random_2,2026-08-23,11,2,-2.0,False,22
random_2,2026-08-24,11,19,-1.0,True,23
random_2,2026-08-25,11,1,-2.0,True,24
random_2,2026-08-26,11,5,-0.0,False,25
random_2,2026-08-27,11,4,-1.0,True,26
random_2,2026-08-28,11,3,-2.0,False,27
random_2,2026-08-29,11,13,-3.0,False,28
random_2,2026-08-30,11,7,2.0,True,29
random_2,2026-08-31,11,18,-1.0,False,30
random_2,2026-09-01,11,15,0.0,True,31
random_2,2026-09-02,11,16,3.0,False,32
random_2,2026-09-03,11,12,0.0,True,33
random_2,2026-09-04,11,9,-0.0,False,34
random_2,2026-09-05,11,14,-2.0,True,35
random_2,2026-09-06,11,17,-0.0,False,36
random_2,2026-09-07,11,8,1.0,True,37
random_2,2026-08-01,12,17,2.0,False,0
random_2,2026-08-02,12,3,0.0,True,1
random_2,2026-08-03,12,4,-0.0,False,2
random_2,2026-08-04,12,16,3.0,True,3
random_2,2026-08-05,12,7,3.0,True,4
random_2,2026-08-06,12,1,2.0,False,5
random_2,2026-08-07,12,15,0.0,True,6
random_2,2026-08-08,12,18,3.0,False,7
random_2,2026-08-09,12,0,-2.0,False,8
random_2,2026-08-10,12,19,-1.0,True,9
random_2,2026-08-11,12,5,-1.0,False,10
random_2,2026-08-12,12,6,0.0,True,11
random_2,2026-08-13,12,14,-2.0,False,12
random_2,2026-08-14,12,11,-2.0,True,13
random_2,2026-08-15,12,13,-2.0,False,14
random_2,2026-08-16,12,9,1.0,True,15
random_2,2026-08-17,12,2,-2.0,False,16
random_2,2026-08-18,12,10,-2.0,False,17
random_2,2026-08-19,12,8,-1.0,True,18
random_2,2026-08-20,12,14,0.0,True,19
random_2,2026-08-21,12,19,2.0,False,20
random_2,2026-08-22,12,5,1.0,True,21
random_2,2026-08-23,12,6,4.0,False,22
random_2,2026-08-24,12,0,0.0,True,23
random_2,2026-08-25,12,8,3.0,False,24
random_2,2026-08-26,12,2,-3.0,True,25
random_2,2026-08-27,12,9,1.0,False,26
random_2,2026-08-28,12,10,4.0,True,27
random_2,2026-08-29,12,4,-1.0,True,28
random_2,2026-08-30,12,16,1.0,False,29
random_2,2026-08-31,12,17,-2.0,True,30
random_2,2026-09-01,12,3,1.0,False,31
random_2,2026-09-02,12,13,0.0,True,32
random_2,2026-09-03,12,11,-0.0,False,33
random_2,2026-09-04,12,1,1.0,True,34
random_2,2026-09-05,12,15,-0.0,False,35
random_2,2026-09-06,12,18,2.0,True,36
random_2,2026-09-07,12,7,-1.0,False,37
random_2,2026-08-01,13,16,-3.0,False,0
random_2,2026-08-02,13,17,4.0,True,1
random_2,2026-08-03,13,11,1.0,False,2
random_2,2026-08-04,13,9,4.0,True,3
random_2,2026-08-05,13,0,-0.0,False,4
random_2,2026-08-06,13,14,-1.0,True,5
random_2,2026-08-07,13,3,-1.0,False,6
random_2,2026-08-08,13,4,2.0,True,7
random_2,2026-08-09,13,1,-1.0,True,8
random_2,2026-08-10,13,7,-3.0,False,9
random_2,2026-08-11,13,15,-1.0,True,10
random_2,2026-08-12,13,8,-1.0,False,11
random_2,2026-08-13,13,18,-3.0,True,12
random_2,2026-08-14,13,5,-1.0,False,13
random_2,2026-08-15,13,12,2.0,True,14
random_2,2026-08-16,13,19,-1.0,True,15
random_2,2026-08-17,13,10,-0.0,False,16
random_2,2026-08-18,13,2,-2.0,False,17
random_2,2026-08-19,13,6,3.0,True,18
random_2,2026-08-20,13,18,-2.0,False,19
random_2,2026-08-21,13,7,-1.0,True,20
random_2,2026-08-22,13,15,-0.0,False,21
random_2,2026-08-23,13,8,2.0,True,22
random_2,2026-08-24,13,1,-1.0,False,23
random_2,2026-08-25,13,6,-0.0,False,24
random_2,2026-08-26,13,10,-2.0,True,25
random_2,2026-08-27,13,19,-4.0,False,26
random_2,2026-08-28,13,2,0.0,True,27
random_2,2026-08-29,13,11,3.0,True,28
random_2,2026-08-30,13,9,1.0,False,29
random_2,2026-08-31,13,16,-2.0,True,30
random_2,2026-09-01,13,17,3.0,False,31
random_2,2026-09-02,13,12,-0.0,False,32
random_2,2026-09-03,13,5,-3.0,True,33
random_2,2026-09-04,13,14,1.0,False,34
random_2,2026-09-05,13,3,-1.0,True,35
random_2,2026-09-06,13,4,4.0,False,36
random_2,2026-09-07,13,0,1.0,True,37
random_2,2026-08-01,14,0,2.0,True,0
random_2,2026-08-02,14,7,-4.0,False,1
random_2,2026-08-03,14,6,2.0,True,2
random_2,2026-08-04,14,15,-2.0,False,3
random_2,2026-08-05,14,18,3.0,True,4
random_2,2026-08-06,14,13,1.0,False,5
random_2,2026-08-07,14,11,2.0,True,6
random_2,2026-08-08,14,2,-0.0,False,7
random_2,2026-08-09,14,4,0.0,True,8
random_2,2026-08-10,14,17,-1.0,False,9
random_2,2026-08-11,14,9,1.0,True,10
random_2,2026-08-12,14,1,-0.0,False,11
random_2,2026-08-13,14,12,2.0,True,12
random_2,2026-08-14,14,3,-0.0,False,13
random_2,2026-08-15,14,5,1.0,True,14
random_2,2026-08-16,14,10,0.0,True,15
random_2,2026-08-17,14,16,-1.0,False,16
random_2,2026-08-18,14,8,3.0,False,17
random_2,2026-08-19,14,19,0.0,True,18
random_2,2026-08-20,14,12,-0.0,False,19
random_2,2026-08-21,14,17,0.0,True,20
random_2,2026-08-22,14,4,1.0,False,21
random_2,2026-08-23,14,1,1.0,True,22
random_2,2026-08-24,14,9,-0.0,False,23
random_2,2026-08-25,14,19,1.0,False,24
random_2,2026-08-26,14,16,-1.0,True,25
random_2,2026-08-27,14,10,-0.0,False,26
random_2,2026-08-28,14,8,2.0,True,27
random_2,2026-08-29,14,6,-2.0,False,28
random_2,2026-08-30,14,15,-1.0,True,29
random_2,2026-08-31,14,0,-1.0,False,30
random_2,2026-09-01,14,7,1.0,True,31
random_2,2026-09-02,14,5,-1.0,False,32
random_2,2026-09-03,14,3,-1.0,True,33
random_2,2026-09-04,14,13,-1.0,True,34
random_2,2026-09-05,14,11,2.0,False,35
random_2,2026-09-06,14,2,3.0,True,36
random_2,2026-09-07,14,18,-0.0,False,37
random_2,2026-08-01,15,10,-4.0,False,0
random_2,2026-08-02,15,11,1.0,True,1
random_2,2026-08-03,15,8,-0.0,False,2
random_2,2026-08-04,15,14,2.0,True,3
random_2,2026-08-05,15,9,1.0,False,4
random_2,2026-08-06,15,19,0.0,True,5
random_2,2026-08-07,15,12,-0.0,False,6
random_2,2026-08-08,15,0,0.0,True,7
random_2,2026-08-09,15,5,-0.0,False,8
random_2,2026-08-10,15,2,-3.0,True,9
random_2,2026-08-11,15,13,1.0,False,10
random_2,2026-08-12,15,3,-2.0,True,11
random_2,2026-08-13,15,16,-2.0,False,12
random_2,2026-08-14,15,6,-2.0,True,13
random_2,2026-08-15,15,7,-0.0,False,14
random_2,2026-08-16,15,1,-6.0,False,15
random_2,2026-08-17,15,17,0.0,True,16
random_2,2026-08-18,15,18,0.0,True,17
random_2,2026-08-19,15,4,2.0,False,18
random_2,2026-08-20,15,16,-5.0,True,19
random_2,2026-08-21,15,2,-2.0,False,20
random_2,2026-08-22,15,13,0.0,True,21
random_2,2026-08-23,15,3,-0.0,False,22
random_2,2026-08-24,15,5,0.0,True,23
random_2,2026-08-25,15,4,0.0,True,24
random_2,2026-08-26,15,17,1.0,False,25
random_2,2026-08-27,15,1,-4.0,True,26
random_2,2026-08-28,15,18,-0.0,False,27
random_2,2026-08-29,15,8,-1.0,True,28
random_2,2026-08-30,15,14,1.0,False,29
random_2,2026-08-31,15,10,-2.0,True,30
random_2,2026-09-01,15,11,-0.0,False,31
random_2,2026-09-02,15,7,-1.0,True,32
random_2,2026-09-03,15,6,-1.0,False,33
random_2,2026-09-04,15,0,2.0,False,34
random_2,2026-09-05,15,12,0.0,True,35
random_2,2026-09-06,15,19,-0.0,False,36
random_2,2026-09-07,15,9,-1.0,True,37
random_2,2026-08-01,16,13,3.0,True,0
random_2,2026-08-02,16,19,-0.0,False,1
random_2,2026-08-03,16,0,-3.0,True,2
random_2,2026-08-04,16,12,-3.0,False,3
random_2,2026-08-05,16,10,0.0,True,4
random_2,2026-08-06,16,6,-0.0,False,5
random_2,2026-08-07,16,2,-3.0,True,6
random_2,2026-08-08,16,7,1.0,False,7
random_2,2026-08-09,16,8,-2.0,True,8
random_2,2026-08-10,16,9,-2.0,False,9
random_2,2026-08-11,16,1,0.0,True,10
random_2,2026-08-12,16,4,-2.0,False,11
random_2,2026-08-13,16,15,2.0,True,12
random_2,2026-08-14,16,18,2.0,True,13
random_2,2026-08-15,16,11,-0.0,False,14
random_2,2026-08-16,16,3,-3.0,False,15
random_2,2026-08-17,16,14,1.0,True,16
random_2,2026-08-18,16,17,-1.0,True,17
random_2,2026-08-19,16,5,4.0,False,18
random_2,2026-08-20,16,15,5.0,False,19
random_2,2026-08-21,16,9,0.0,True,20
random_2,2026-08-22,16,1,3.0,False,21
random_2,2026-08-23,16,4,2.0,True,22
random_2,2026-08-24,16,8,-2.0,False,23
random_2,2026-08-25,16,5,0.0,True,24
random_2,2026-08-26,16,14,1.0,False,25
random_2,2026-08-27,16,3,-3.0,True,26
random_2,2026-08-28,16,17,-0.0,False,27
random_2,2026-08-29,16,0,2.0,False,28
random_2,2026-08-30,16,12,-1.0,True,29
random_2,2026-08-31,16,13,2.0,False,30
random_2,2026-09-01,16,19,-1.0,True,31
random_2,2026-09-02,16,11,-3.0,True,32
random_2,2026-09-03,16,18,-4.0,False,33
random_2,2026-09-04,16,6,0.0,True,34
random_2,2026-09-05,16,2,2.0,False,35
random_2,2026-09-06,16,7,-4.0,True,36
random_2,2026-09-07,16,10,2.0,False,37
random_2,2026-08-01,17,12,-2.0,True,0
random_2,2026-08-02,17,13,-4.0,False,1
random_2,2026-08-03,17,19,0.0,True,2
random_2,2026-08-04,17,2,-0.0,False,3
random_2,2026-08-05,17,6,0.0,True,4
random_2,2026-08-06,17,7,-1.0,False,5
random_2,2026-08-07,17,1,4.0,True,6
random_2,2026-08-08,17,11,-2.0,False,7
random_2,2026-08-09,17,3,1.0,False,8
random_2,2026-08-10,17,14,1.0,True,9
random_2,2026-08-11,17,0,3.0,False,10
random_2,2026-08-12,17,5,-1.0,True,11
random_2,2026-08-13,17,10,-1.0,False,12
random_2,2026-08-14,17,4,2.0,True,13
random_2,2026-08-15,17,18,-1.0,False,14
random_2,2026-08-16,17,8,1.0,True,15
random_2,2026-08-17,17,15,-0.0,False,16
random_2,2026-08-18,17,16,1.0,False,17
random_2,2026-08-19,17,9,0.0,True,18
random_2,2026-08-20,17,10,-3.0,True,19
random_2,2026-08-21,17,14,-0.0,False,20
random_2,2026-08-22,17,0,-1.0,True,21
random_2,2026-08-23,17,5,2.0,False,22
random_2,2026-08-24,17,3,-1.0,True,23
random_2,2026-08-25,17,9,1.0,False,24
random_2,2026-08-26,17,15,-1.0,True,25
random_2,2026-08-27,17,8,-1.0,False,26
random_2,2026-08-28,17,16,0.0,True,27
random_2,2026-08-29,17,19,-0.0,False,28
random_2,2026-08-30,17,2,0.0,True,29
random_2,2026-08-31,17,12,2.0,False,30
random_2,2026-09-01,17,13,-3.0,True,31
random_2,2026-09-02,17,18,0.0,True,32
random_2,2026-09-03,17,4,-2.0,False,33
random_2,2026-09-04,17,7,1.0,True,34
random_2,2026-09-05,17,1,-0.0,False,35
random_2,2026-09-06,17,11,0.0,True,36
random_2,2026-09-07,17,6,2.0,False,37
random_2,2026-08-01,18,11,-1.0,False,0
random_2,2026-08-02,18,9,1.0,True,1
random_2,2026-08-03,18,3,-2.0,False,2
random_2,2026-08-04,18,1,-3.0,True,3
random_2,2026-08-05,18,14,-3.0,False,4
random_2,2026-08-06,18,4,-3.0,True,5
random_2,2026-08-07,18,0,3.0,False,6
random_2,2026-08-08,18,12,-3.0,True,7
random_2,2026-08-09,18,6,1.0,False,8
random_2,2026-08-10,18,5,-3.0,True,9
random_2,2026-08-11,18,2,-5.0,False,10
random_2,2026-08-12,18,19,4.0,True,11
random_2,2026-08-13,18,13,3.0,False,12
random_2,2026-08-14,18,16,-2.0,False,13
random_2,2026-08-15,18,17,1.0,True,14
random_2,2026-08-16,18,7,1.0,True,15
random_2,2026-08-17,18,8,2.0,False,16
random_2,2026-08-18,18,15,-0.0,False,17
random_2,2026-08-19,18,10,1.0,True,18
random_2,2026-08-20,18,13,2.0,True,19
random_2,2026-08-21,18,5,-0.0,False,20
random_2,2026-08-22,18,6,-1.0,True,21
random_2,2026-08-23,18,19,1.0,False,22
random_2,2026-08-24,18,2,0.0,True,23
random_2,2026-08-25,18,10,-2.0,False,24
random_2,2026-08-26,18,8,-1.0,True,25
random_2,2026-08-27,18,7,-0.0,False,26
random_2,2026-08-28,18,15,0.0,True,27
random_2,2026-08-29,18,3,-1.0,True,28
random_2,2026-08-30,18,1,1.0,False,29
random_2,2026-08-31,18,11,1.0,True,30
random_2,2026-09-01,18,9,2.0,False,31
random_2,2026-09-02,18,17,-0.0,False,32
random_2,2026-09-03,18,16,4.0,True,33
random_2,2026-09-04,18,4,-3.0,False,34
random_2,2026-09-05,18,0,-2.0,True,35
random_2,2026-09-06,18,12,-2.0,False,36
random_2,2026-09-07,18,14,0.0,True,37
random_2,2026-08-01,19,3,1.0,False,0
random_2,2026-08-02,19,16,0.0,True,1
random_2,2026-08-03,19,17,-0.0,False,2
random_2,2026-08-04,19,8,0.0,True,3
random_2,2026-08-05,19,2,-1.0,True,4
random_2,2026-08-06,19,15,-0.0,False,5
random_2,2026-08-07,19,6,2.0,True,6
random_2,2026-08-08,19,5,-2.0,False,7
random_2,2026-08-09,19,7,2.0,True,8
random_2,2026-08-10,19,12,1.0,False,9
random_2,2026-08-11,19,11,2.0,True,10
random_2,2026-08-12,19,18,-4.0,False,11
random_2,2026-08-13,19,9,0.0,True,12
random_2,2026-08-14,19,1,-3.0,True,13
random_2,2026-08-15,19,10,-0.0,False,14
random_2,2026-08-16,19,13,1.0,False,15
random_2,2026-08-17,19,0,1.0,True,16
random_2,2026-08-18,19,4,-1.0,True,17
random_2,2026-08-19,19,14,-0.0,False,18
random_2,2026-08-20,19,9,-1.0,False,19
random_2,2026-08-21,19,12,-2.0,True,20
random_2,2026-08-22,19,7,-1.0,False,21
random_2,2026-08-23,19,18,-1.0,True,22
random_2,2026-08-24,19,11,1.0,False,23
random_2,2026-08-25,19,14,-1.0,True,24
random_2,2026-08-26,19,4,-5.0,False,25
random_2,2026-08-27,19,13,4.0,True,26
random_2,2026-08-28,19,0,-0.0,False,27
random_2,2026-08-29,19,17,0.0,True,28
random_2,2026-08-30,19,8,1.0,False,29
random_2,2026-08-31,19,3,1.0,True,30
random_2,2026-09-01,19,16,1.0,False,31
random_2,2026-09-02,19,10,1.0,True,32
random_2,2026-09-03,19,1,-1.0,False,33
random_2,2026-09-04,19,5,1.0,True,34
random_2,2026-09-05,19,6,-0.0,False,35
random_2,2026-09-06,19,15,0.0,True,36
random_2,2026-09-07,19,2,2.0,False,37
random_20,2026-08-01,0,14,3.0,False,0
random_20,2026-08-02,0,8,0.0,True,1
random_20,2026-08-03,0,16,2.0,False,2
random_20,2026-08-04,0,3,-2.0,True,3
random_20,2026-08-05,0,13,-2.0,True,4
random_20,2026-08-06,0,5,2.0,False,5
random_20,2026-08-07,0,18,0.0,True,6
random_20,2026-08-08,0,15,2.0,False,7
random_20,2026-08-09,0,12,0.0,True,8
random_20,2026-08-10,0,11,1.0,False,9
random_20,2026-08-11,0,17,-4.0,True,10
random_20,2026-08-12,0,9,-0.0,False,11
random_20,2026-08-13,0,4,0.0,True,12
random_20,2026-08-14,0,10,-1.0,True,13
random_20,2026-08-15,0,1,4.0,False,14
random_20,2026-08-16,0,6,3.0,True,15
random_20,2026-08-17,0,19,-1.0,False,16
random_20,2026-08-18,0,7,5.0,False,17
random_20,2026-08-19,0,2,0.0,True,18
random_20,2026-08-20,0,4,-2.0,False,19
random_20,2026-08-21,0,11,0.0,True,20
random_20,2026-08-22,0,17,4.0,False,21
random_20,2026-08-23,0,9,0.0,True,22
random_20,2026-08-24,0,12,-0.0,False,23
random_20,2026-08-25,0,2,-0.0,False,24
random_20,2026-08-26,0,7,-3.0,True,25
random_20,2026-08-27,0,6,1.0,False,26
random_20,2026-08-28,0,19,0.0,True,27
random_20,2026-08-29,0,16,-2.0,True,28
random_20,2026-08-30,0,3,-1.0,False,29
random_20,2026-08-31,0,14,-1.0,True,30
random_20,2026-09-01,0,8,2.0,False,31
random_20,2026-09-02,0,1,-1.0,True,32
random_20,2026-09-03,0,10,2.0,False,33
random_20,2026-09-04,0,15,-1.0,True,34
random_20,2026-09-05,0,18,-0.0,False,35
random_20,2026-09-06,0,5,2.0,True,36
random_20,2026-09-07,0,13,1.0,False,37
random_20,2026-08-01,1,6,-3.0,True,0
random_20,2026-08-02,1,2,-2.0,False,1
random_20,2026-08-03,1,5,-1.0,True,2
random_20,2026-08-04,1,18,-4.0,False,3
random_20,2026-08-05,1,4,1.0,False,4
random_20,2026-08-06,1,12,2.0,True,5
random_20,2026-08-07,1,17,-0.0,False,6
random_20,2026-08-08,1,8,-2.0,True,7
random_20,2026-08-09,1,13,-4.0,False,8
random_20,2026-08-10,1,10,1.0,True,9
random_20,2026-08-11,1,16,1.0,False,10
random_20,2026-08-12,1,14,1.0,True,11
random_20,2026-08-13,1,3,2.0,False,12
random_20,2026-08-14,1,19,1.0,False,13
random_20,2026-08-15,1,0,-4.0,True,14
random_20,2026-08-16,1,15,0.0,True,15
random_20,2026-08-17,1,7,-1.0,False,16
random_20,2026-08-18,1,9,-3.0,False,17
random_20,2026-08-19,1,11,-5.0,True,18
random_20,2026-08-20,1,3,1.0,True,19
random_20,2026-08-21,1,10,-0.0,False,20
random_20,2026-08-22,1,16,-1.0,True,21
random_20,2026-08-23,1,14,1.0,False,22
random_20,2026-08-24,1,13,5.0,True,23
random_20,2026-08-25,1,11,-0.0,False,24
random_20,2026-08-26,1,9,-1.0,True,25
random_20,2026-08-27,1,15,-0.0,False,26
random_20,2026-08-28,1,7,1.0,True,27
random_20,2026-08-29,1,5,1.0,False,28
random_20,2026-08-30,1,18,4.0,True,29
random_20,2026-08-31,1,6,1.0,False,30
random_20,2026-09-01,1,2,0.0,True,31
random_20,2026-09-02,1,0,1.0,False,32
random_20,2026-09-03,1,19,-1.0,True,33
random_20,2026-09-04,1,12,-3.0,False,34
random_20,2026-09-05,1,17,1.0,True,35
random_20,2026-09-06,1,8,3.0,False,36
random_20,2026-09-07,1,4,0.0,True,37
random_20,2026-08-01,2,4,3.0,False,0
random_20,2026-08-02,2,1,2.0,True,1
random_20,2026-08-03,2,10,3.0,False,2
random_20,2026-08-04,2,17,-1.0,True,3
random_20,2026-08-05,2,19,2.0,False,4
random_20,2026-08-06,2,3,0.0,True,5
random_20,2026-08-07,2,16,2.0,False,6
random_20,2026-08-08,2,14,0.0,True,7
random_20,2026-08-09,2,9,-1.0,True,8
random_20,2026-08-10,2,15,-0.0,False,9
random_20,2026-08-11,2,18,1.0,True,10
random_20,2026-08-12,2,11,-1.0,False,11
random_20,2026-08-13,2,8,4.0,True,12
random_20,2026-08-14,2,7,2.0,True,13
random_20,2026-08-15,2,6,-1.0,False,14
random_20,2026-08-16,2,5,1.0,False,15
random_20,2026-08-17,2,12,2.0,True,16
random_20,2026-08-18,2,13,0.0,True,17
random_20,2026-08-19,2,0,-0.0,False,18
random_20,2026-08-20,2,8,-1.0,False,19
random_20,2026-08-21,2,15,-4.0,True,20
random_20,2026-08-22,2,9,1.0,False,21
random_20,2026-08-23,2,11,-1.0,True,22
random_20,2026-08-24,2,18,1.0,False,23
random_20,2026-08-25,2,0,0.0,True,24
random_20,2026-08-26,2,12,3.0,False,25
random_20,2026-08-27,2,5,0.0,True,26
random_20,2026-08-28,2,13,2.0,False,27
random_20,2026-08-29,2,10,0.0,True,28
random_20,2026-08-30,2,17,2.0,False,29
random_20,2026-08-31,2,4,0.0,True,30
random_20,2026-09-01,2,1,-0.0,False,31
random_20,2026-09-02,2,6,0.0,True,32
random_20,2026-09-03,2,7,-0.0,False,33
random_20,2026-09-04,2,3,-1.0,False,34
random_20,2026-09-05,2,16,3.0,True,35
random_20,2026-09-06,2,14,1.0,False,36
random_20,2026-09-07,2,19,0.0,True,37
random_20,2026-08-01,3,19,-2.0,True,0
random_20,2026-08-02,3,12,2.0,False,1
random_20,2026-08-03,3,18,0.0,True,2
random_20,2026-08-04,3,0,2.0,False,3
random_20,2026-08-05,3,5,1.0,True,4
random_20,2026-08-06,3,2,-0.0,False,5
random_20,2026-08-07,3,13,0.0,True,6
random_20,2026-08-08,3,10,-1.0,False,7
random_20,2026-08-09,3,17,0.0,True,8
random_20,2026-08-10,3,4,-0.0,False,9
random_20,2026-08-11,3,8,0.0,True,10
random_20,2026-08-12,3,15,-0.0,False,11
random_20,2026-08-13,3,1,-2.0,True,12
random_20,2026-08-14,3,14,4.0,True,13
random_20,2026-08-15,3,9,1.0,False,14
random_20,2026-08-16,3,16,0.0,True,15
random_20,2026-08-17,3,11,-2.0,False,16
random_20,2026-08-18,3,6,2.0,False,17
random_20,2026-08-19,3,7,0.0,True,18
random_20,2026-08-20,3,1,-1.0,False,19
random_20,2026-08-21,3,4,2.0,True,20
random_20,2026-08-22,3,8,-1.0,False,21
random_20,2026-08-23,3,15,-1.0,True,22
random_20,2026-08-24,3,17,-2.0,False,23
random_20,2026-08-25,3,7,1.0,False,24
random_20,2026-08-26,3,6,0.0,True,25
random_20,2026-08-27,3,16,-2.0,False,26
random_20,2026-08-28,3,11,4.0,True,27
random_20,2026-08-29,3,18,2.0,False,28
random_20,2026-08-30,3,0,1.0,True,29
random_20,2026-08-31,3,19,7.0,False,30
random_20,2026-09-01,3,12,-1.0,True,31
random_20,2026-09-02,3,9,0.0,True,32
random_20,2026-09-03,3,14,-1.0,False,33
random_20,2026-09-04,3,2,1.0,True,34
random_20,2026-09-05,3,13,-2.0,False,35
random_20,2026-09-06,3,10,-1.0,True,36
random_20,2026-09-07,3,5,1.0,False,37
random_20,2026-08-01,4,2,-3.0,True,0
random_20,2026-08-02,4,5,-2.0,False,1
random_20,2026-08-03,4,12,1.0,True,2
random_20,2026-08-04,4,6,-0.0,False,3
random_20,2026-08-05,4,1,-1.0,True,4
random_20,2026-08-06,4,18,5.0,False,5
random_20,2026-08-07,4,7,1.0,True,6
random_20,2026-08-08,4,13,2.0,False,7
random_20,2026-08-09,4,14,1.0,False,8
random_20,2026-08-10,4,3,0.0,True,9
random_20,2026-08-11,4,10,-1.0,False,10
random_20,2026-08-12,4,16,2.0,True,11
random_20,2026-08-13,4,0,-0.0,False,12
random_20,2026-08-14,4,17,-1.0,False,13
random_20,2026-08-15,4,8,1.0,True,14
random_20,2026-08-16,4,11,-1.0,True,15
random_20,2026-08-17,4,9,-3.0,False,16
random_20,2026-08-18,4,19,2.0,False,17
random_20,2026-08-19,4,15,-1.0,True,18
random_20,2026-08-20,4,0,2.0,True,19
random_20,2026-08-21,4,3,-2.0,False,20
random_20,2026-08-22,4,14,-4.0,True,21
random_20,2026-08-23,4,16,-0.0,False,22
random_20,2026-08-24,4,10,0.0,True,23
random_20,2026-08-25,4,15,-2.0,False,24
random_20,2026-08-26,4,19,-2.0,True,25
random_20,2026-08-27,4,11,2.0,False,26
random_20,2026-08-28,4,9,2.0,True,27
random_20,2026-08-29,4,12,-1.0,False,28
random_20,2026-08-30,4,6,-1.0,True,29
random_20,2026-08-31,4,2,-0.0,False,30
random_20,2026-09-01,4,5,0.0,True,31
random_20,2026-09-02,4,8,-0.0,False,32
random_20,2026-09-03,4,17,1.0,True,33
random_20,2026-09-04,4,18,0.0,True,34
random_20,2026-09-05,4,7,-0.0,False,35
random_20,2026-09-06,4,13,1.0,True,36
random_20,2026-09-07,4,1,-0.0,False,37
random_20,2026-08-01,5,9,6.0,False,0
random_20,2026-08-02,5,4,2.0,True,1
random_20,2026-08-03,5,1,1.0,False,2
random_20,2026-08-04,5,10,-2.0,True,3
random_20,2026-08-05,5,3,-1.0,False,4
random_20,2026-08-06,5,0,-2.0,True,5
random_20,2026-08-07,5,8,1.0,False,6
random_20,2026-08-08,5,19,1.0,True,7
random_20,2026-08-09,5,15,-4.0,True,8
random_20,2026-08-10,5,18,4.0,False,9
random_20,2026-08-11,5,12,0.0,True,10
random_20,2026-08-12,5,17,-1.0,False,11
random_20,2026-08-13,5,7,2.0,True,12
random_20,2026-08-14,5,13,5.0,True,13
random_20,2026-08-15,5,14,-1.0,False,14
random_20,2026-08-16,5,2,-1.0,True,15
random_20,2026-08-17,5,6,2.0,False,16
random_20,2026-08-18,5,11,2.0,False,17
random_20,2026-08-19,5,16,2.0,True,18
random_20,2026-08-20,5,7,-2.0,False,19
random_20,2026-08-21,5,18,-3.0,True,20
random_20,2026-08-22,5,12,-0.0,False,21
random_20,2026-08-23,5,17,0.0,True,22
random_20,2026-08-24,5,15,-0.0,False,23
random_20,2026-08-25,5,16,-1.0,False,24
random_20,2026-08-26,5,11,3.0,True,25
random_20,2026-08-27,5,2,-0.0,False,26
random_20,2026-08-28,5,6,3.0,True,27
random_20,2026-08-29,5,1,-1.0,True,28
random_20,2026-08-30,5,10,1.0,False,29
random_20,2026-08-31,5,9,-2.0,True,30
random_20,2026-09-01,5,4,-0.0,False,31
random_20,2026-09-02,5,14,3.0,True,32
random_20,2026-09-03,5,13,1.0,False,33
random_20,2026-09-04,5,19,2.0,False,34
random_20,2026-09-05,5,8,2.0,True,35
random_20,2026-09-06,5,0,-2.0,False,36
random_20,2026-09-07,5,3,-1.0,True,37
random_20,2026-08-01,6,1,3.0,False,0
random_20,2026-08-02,6,10,-1.0,True,1
random_20,2026-08-03,6,14,-2.0,False,2
random_20,2026-08-04,6,4,0.0,True,3
random_20,2026-08-05,6,17,3.0,False,4
random_20,2026-08-06,6,16,5.0,True,5
random_20,2026-08-07,6,19,1.0,False,6
random_20,2026-08-08,6,9,1.0,True,7
random_20,2026-08-09,6,18,0.0,True,8
random_20,2026-08-10,6,8,2.0,False,9
random_20,2026-08-11,6,7,-3.0,True,10
random_20,2026-08-12,6,12,3.0,False,11
random_20,2026-08-13,6,11,3.0,True,12
random_20,2026-08-14,6,15,1.0,False,13
random_20,2026-08-15,6,2,1.0,True,14
random_20,2026-08-16,6,0,-3.0,False,15
random_20,2026-08-17,6,5,-2.0,True,16
random_20,2026-08-18,6,3,-2.0,True,17
random_20,2026-08-19,6,13,2.0,False,18
random_20,2026-08-20,6,11,2.0,False,19
random_20,2026-08-21,6,8,0.0,True,20
random_20,2026-08-22,6,18,-1.0,False,21
random_20,2026-08-23,6,12,-4.0,True,22
random_20,2026-08-24,6,7,3.0,False,23
random_20,2026-08-25,6,13,-3.0,True,24
random_20,2026-08-26,6,3,-0.0,False,25
random_20,2026-08-27,6,0,-1.0,True,26
random_20,2026-08-28,6,5,-3.0,False,27
random_20,2026-08-29,6,14,0.0,True,28
random_20,2026-08-30,6,4,1.0,False,29
random_20,2026-08-31,6,1,-1.0,True,30
random_20,2026-09-01,6,10,-0.0,False,31
random_20,2026-09-02,6,2,-0.0,False,32
random_20,2026-09-03,6,15,-1.0,True,33
random_20,2026-09-04,6,16,-1.0,False,34
random_20,2026-09-05,6,19,-2.0,True,35
random_20,2026-09-06,6,9,1.0,False,36
random_20,2026-09-07,6,17,2.0,True,37
random_20,2026-08-01,7,8,1.0,False,0
random_20,2026-08-02,7,14,1.0,True,1
random_20,2026-08-03,7,9,-0.0,False,2
random_20,2026-08-04,7,11,-3.0,True,3
random_20,2026-08-05,7,12,-0.0,False,4
random_20,2026-08-06,7,17,-1.0,True,5
random_20,2026-08-07,7,4,-1.0,False,6
random_20,2026-08-08,7,16,-1.0,True,7
random_20,2026-08-09,7,19,-0.0,False,8
random_20,2026-08-10,7,13,-3.0,True,9
random_20,2026-08-11,7,6,3.0,False,10
random_20,2026-08-12,7,10,1.0,True,11
random_20,2026-08-13,7,5,-2.0,False,12
random_20,2026-08-14,7,2,-2.0,False,13
random_20,2026-08-15,7,15,-3.0,True,14
random_20,2026-08-16,7,18,2.0,False,15
random_20,2026-08-17,7,1,1.0,True,16
random_20,2026-08-18,7,0,-5.0,True,17
random_20,2026-08-19,7,3,-0.0,False,18
random_20,2026-08-20,7,5,2.0,True,19
random_20,2026-08-21,7,13,1.0,False,20
random_20,2026-08-22,7,19,0.0,True,21
random_20,2026-08-23,7,10,-0.0,False,22
random_20,2026-08-24,7,6,-3.0,True,23
random_20,2026-08-25,7,3,-1.0,True,24
random_20,2026-08-26,7,0,3.0,False,25
random_20,2026-08-27,7,18,2.0,True,26
random_20,2026-08-28,7,1,-1.0,False,27
random_20,2026-08-29,7,9,-1.0,True,28
random_20,2026-08-30,7,11,-0.0,False,29
random_20,2026-08-31,7,8,1.0,True,30
random_20,2026-09-01,7,14,-1.0,False,31
random_20,2026-09-02,7,15,-2.0,False,32
random_20,2026-09-03,7,2,0.0,True,33
random_20,2026-09-04,7,17,1.0,False,34
random_20,2026-09-05,7,4,0.0,True,35
random_20,2026-09-06,7,16,-2.0,False,36
random_20,2026-09-07,7,12,-1.0,True,37
random_20,2026-08-01,8,7,-1.0,True,0
random_20,2026-08-02,8,0,-0.0,False,1
random_20,2026-08-03,8,15,-3.0,True,2
random_20,2026-08-04,8,19,-2.0,False,3
random_20,2026-08-05,8,11,-2.0,True,4
random_20,2026-08-06,8,10,5.0,False,5
random_20,2026-08-07,8,5,-1.0,True,6
random_20,2026-08-08,8,1,2.0,False,7
random_20,2026-08-09,8,16,-3.0,False,8
random_20,2026-08-10,8,6,-2.0,True,9
random_20,2026-08-11,8,3,-0.0,False,10
random_20,2026-08-12,8,13,-3.0,True,11
random_20,2026-08-13,8,2,-4.0,False,12
random_20,2026-08-14,8,9,0.0,True,13
random_20,2026-08-15,8,4,-1.0,False,14
random_20,2026-08-16,8,17,1.0,False,15
random_20,2026-08-17,8,18,-1.0,True,16
random_20,2026-08-18,8,14,-2.0,True,17
random_20,2026-08-19,8,12,1.0,False,18
random_20,2026-08-20,8,2,1.0,True,19
random_20,2026-08-21,8,6,-0.0,False,20
random_20,2026-08-22,8,3,1.0,True,21
random_20,2026-08-23,8,13,-0.0,False,22
random_20,2026-08-24,8,16,1.0,True,23
random_20,2026-08-25,8,12,-1.0,True,24
random_20,2026-08-26,8,18,1.0,False,25
random_20,2026-08-27,8,17,1.0,True,26
random_20,2026-08-28,8,14,1.0,False,27
random_20,2026-08-29,8,15,-1.0,False,28
random_20,2026-08-30,8,19,0.0,True,29
random_20,2026-08-31,8,7,-1.0,False,30
random_20,2026-09-01,8,0,-2.0,True,31
random_20,2026-09-02,8,4,0.0,True,32
random_20,2026-09-03,8,9,2.0,False,33
random_20,2026-09-04,8,10,-1.0,True,34
random_20,2026-09-05,8,5,-2.0,False,35
random_20,2026-09-06,8,1,-3.0,True,36
random_20,2026-09-07,8,11,3.0,False,37
random_20,2026-08-01,9,5,-6.0,True,0
random_20,2026-08-02,9,18,-0.0,False,1
random_20,2026-08-03,9,7,0.0,True,2
random_20,2026-08-04,9,13,-4.0,False,3
random_20,2026-08-05,9,15,-3.0,True,4
random_20,2026-08-06,9,11,2.0,False,5
random_20,2026-08-07,9,10,0.0,True,6
random_20,2026-08-08,9,6,-1.0,False,7
random_20,2026-08-09,9,2,1.0,False,8
random_20,2026-08-10,9,16,2.0,True,9
random_20,2026-08-11,9,14,-0.0,False,10
random_20,2026-08-12,9,0,0.0,True,11
random_20,2026-08-13,9,19,-1.0,False,12
random_20,2026-08-14,9,8,-0.0,False,13
random_20,2026-08-15,9,3,-1.0,True,14
random_20,2026-08-16,9,12,-1.0,False,15
random_20,2026-08-17,9,4,3.0,True,16
random_20,2026-08-18,9,1,3.0,True,17
random_20,2026-08-19,9,17,-2.0,False,18
random_20,2026-08-20,9,19,1.0,True,19
random_20,2026-08-21,9,16,2.0,False,20
random_20,2026-08-22,9,2,-1.0,True,21
random_20,2026-08-23,9,0,-0.0,False,22
random_20,2026-08-24,9,14,-1.0,True,23
random_20,2026-08-25,9,17,-1.0,True,24
random_20,2026-08-26,9,1,1.0,False,25
random_20,2026-08-27,9,12,-4.0,True,26
random_20,2026-08-28,9,4,-2.0,False,27
random_20,2026-08-29,9,7,1.0,False,28
random_20,2026-08-30,9,13,0.0,True,29
random_20,2026-08-31,9,5,2.0,False,30
random_20,2026-09-01,9,18,1.0,True,31
random_20,2026-09-02,9,3,-0.0,False,32
random_20,2026-09-03,9,8,-2.0,True,33
random_20,2026-09-04,9,11,0.0,True,34
random_20,2026-09-05,9,10,4.0,False,35
random_20,2026-09-06,9,6,-1.0,True,36
random_20,2026-09-07,9,15,-0.0,False,37
random_20,2026-08-01,10,15,-3.0,True,0
random_20,2026-08-02,10,6,1.0,False,1
random_20,2026-08-03,10,2,-3.0,True,2
random_20,2026-08-04,10,5,2.0,False,3
random_20,2026-08-05,10,16,-1.0,False,4
random_20,2026-08-06,10,8,-5.0,True,5
random_20,2026-08-07,10,9,-0.0,False,6
random_20,2026-08-08,10,3,1.0,True,7
random_20,2026-08-09,10,11,1.0,True,8
random_20,2026-08-10,10,1,-1.0,False,9
random_20,2026-08-11,10,4,1.0,True,10
random_20,2026-08-12,10,7,-1.0,False,11
random_20,2026-08-13,10,17,1.0,True,12
random_20,2026-08-14,10,0,1.0,False,13
random_20,2026-08-15,10,19,-2.0,True,14
random_20,2026-08-16,10,14,-1.0,False,15
random_20,2026-08-17,10,13,1.0,True,16
random_20,2026-08-18,10,12,0.0,True,17
random_20,2026-08-19,10,18,-0.0,False,18
random_20,2026-08-20,10,17,1.0,False,19
random_20,2026-08-21,10,1,0.0,True,20
random_20,2026-08-22,10,11,-0.0,False,21
random_20,2026-08-23,10,7,0.0,True,22
random_20,2026-08-24,10,4,-0.0,False,23
random_20,2026-08-25,10,18,-3.0,True,24
random_20,2026-08-26,10,13,4.0,False,25
random_20,2026-08-27,10,14,0.0,True,26
random_20,2026-08-28,10,12,-2.0,False,27
random_20,2026-08-29,10,2,-0.0,False,28
random_20,2026-08-30,10,5,-1.0,True,29
random_20,2026-08-31,10,15,1.0,False,30
random_20,2026-09-01,10,6,0.0,True,31
random_20,2026-09-02,10,19,-0.0,False,32
random_20,2026-09-03,10,0,-2.0,True,33
random_20,2026-09-04,10,8,1.0,False,34
random_20,2026-09-05,10,9,-4.0,True,35
random_20,2026-09-06,10,3,1.0,False,36
random_20,2026-09-07,10,16,1.0,True,37
random_20,2026-08-01,11,18,2.0,True,0
random_20,2026-08-02,11,15,-0.0,False,1
random_20,2026-08-03,11,13,1.0,True,2
random_20,2026-08-04,11,7,3.0,False,3
random_20,2026-08-05,11,8,2.0,False,4
random_20,2026-08-06,11,9,-2.0,True,5
random_20,2026-08-07,11,14,-2.0,False,6
random_20,2026-08-08,11,17,-2.0,True,7
random_20,2026-08-09,11,10,-1.0,False,8
random_20,2026-08-10,11,0,-1.0,True,9
random_20,2026-08-11,11,19,-1.0,False,10
random_20,2026-08-12,11,2,1.0,True,11
random_20,2026-08-13,11,6,-3.0,False,12
random_20,2026-08-14,11,12,2.0,False,13
random_20,2026-08-15,11,16,-1.0,True,14
random_20,2026-08-16,11,4,1.0,False,15
random_20,2026-08-17,11,3,2.0,True,16
random_20,2026-08-18,11,5,-2.0,True,17
random_20,2026-08-19,11,1,5.0,False,18
random_20,2026-08-20,11,6,-2.0,True,19
random_20,2026-08-21,11,0,-0.0,False,20
random_20,2026-08-22,11,10,0.0,True,21
random_20,2026-08-23,11,2,1.0,False,22
random_20,2026-08-24,11,19,0.0,True,23
random_20,2026-08-25,11,1,0.0,True,24
random_20,2026-08-26,11,5,-3.0,False,25
random_20,2026-08-27,11,4,-2.0,True,26
random_20,2026-08-28,11,3,-4.0,False,27
random_20,2026-08-29,11,13,2.0,False,28
random_20,2026-08-30,11,7,0.0,True,29
random_20,2026-08-31,11,18,-2.0,False,30
random_20,2026-09-01,11,15,1.0,True,31
random_20,2026-09-02,11,16,-0.0,False,32
random_20,2026-09-03,11,12,1.0,True,33
random_20,2026-09-04,11,9,-0.0,False,34
random_20,2026-09-05,11,14,3.0,True,35
random_20,2026-09-06,11,17,-3.0,False,36
random_20,2026-09-07,11,8,-3.0,True,37
random_20,2026-08-01,12,17,-0.0,False,0
random_20,2026-08-02,12,3,-2.0,True,1
random_20,2026-08-03,12,4,-1.0,False,2
random_20,2026-08-04,12,16,-1.0,True,3
random_20,2026-08-05,12,7,0.0,True,4
random_20,2026-08-06,12,1,-2.0,False,5
random_20,2026-08-07,12,15,-2.0,True,6
random_20,2026-08-08,12,18,1.0,False,7
random_20,2026-08-09,12,0,-0.0,False,8
random_20,2026-08-10,12,19,0.0,True,9
random_20,2026-08-11,12,5,-0.0,False,10
random_20,2026-08-12,12,6,-3.0,True,11
random_20,2026-08-13,12,14,1.0,False,12
random_20,2026-08-14,12,11,-2.0,True,13
random_20,2026-08-15,12,13,-2.0,False,14
random_20,2026-08-16,12,9,1.0,True,15
random_20,2026-08-17,12,2,-2.0,False,16
random_20,2026-08-18,12,10,-0.0,False,17
random_20,2026-08-19,12,8,-1.0,True,18
random_20,2026-08-20,12,14,4.0,True,19
random_20,2026-08-21,12,19,-3.0,False,20
random_20,2026-08-22,12,5,0.0,True,21
random_20,2026-08-23,12,6,4.0,False,22
random_20,2026-08-24,12,0,0.0,True,23
random_20,2026-08-25,12,8,1.0,False,24
random_20,2026-08-26,12,2,-3.0,True,25
random_20,2026-08-27,12,9,4.0,False,26
random_20,2026-08-28,12,10,2.0,True,27
random_20,2026-08-29,12,4,1.0,True,28
random_20,2026-08-30,12,16,3.0,False,29
random_20,2026-08-31,12,17,2.0,True,30
random_20,2026-09-01,12,3,1.0,False,31
random_20,2026-09-02,12,13,0.0,True,32
random_20,2026-09-03,12,11,-1.0,False,33
random_20,2026-09-04,12,1,3.0,True,34
random_20,2026-09-05,12,15,-0.0,False,35
random_20,2026-09-06,12,18,-1.0,True,36
random_20,2026-09-07,12,7,1.0,False,37
random_20,2026-08-01,13,16,-0.0,False,0
random_20,2026-08-02,13,17,0.0,True,1
random_20,2026-08-03,13,11,-1.0,False,2
random_20,2026-08-04,13,9,4.0,True,3
random_20,2026-08-05,13,0,2.0,False,4
random_20,2026-08-06,13,14,0.0,True,5
random_20,2026-08-07,13,3,-0.0,False,6
random_20,2026-08-08,13,4,-2.0,True,7
random_20,2026-08-09,13,1,4.0,True,8
random_20,2026-08-10,13,7,3.0,False,9
random_20,2026-08-11,13,15,1.0,True,10
random_20,2026-08-12,13,8,3.0,False,11
random_20,2026-08-13,13,18,1.0,True,12
random_20,2026-08-14,13,5,-5.0,False,13
random_20,2026-08-15,13,12,2.0,True,14
random_20,2026-08-16,13,19,2.0,True,15
random_20,2026-08-17,13,10,-1.0,False,16
random_20,2026-08-18,13,2,-0.0,False,17
random_20,2026-08-19,13,6,-2.0,True,18
random_20,2026-08-20,13,18,1.0,False,19
random_20,2026-08-21,13,7,-1.0,True,20
random_20,2026-08-22,13,15,-1.0,False,21
random_20,2026-08-23,13,8,0.0,True,22
random_20,2026-08-24,13,1,-5.0,False,23
random_20,2026-08-25,13,6,3.0,False,24
random_20,2026-08-26,13,10,-4.0,True,25
random_20,2026-08-27,13,19,-0.0,False,26
random_20,2026-08-28,13,2,-2.0,True,27
random_20,2026-08-29,13,11,-2.0,True,28
random_20,2026-08-30,13,9,-0.0,False,29
random_20,2026-08-31,13,16,-2.0,True,30
random_20,2026-09-01,13,17,1.0,False,31
random_20,2026-09-02,13,12,-0.0,False,32
random_20,2026-09-03,13,5,-1.0,True,33
random_20,2026-09-04,13,14,-0.0,False,34
random_20,2026-09-05,13,3,2.0,True,35
random_20,2026-09-06,13,4,-1.0,False,36
random_20,2026-09-07,13,0,-1.0,True,37
random_20,2026-08-01,14,0,-3.0,True,0
random_20,2026-08-02,14,7,-1.0,False,1
random_20,2026-08-03,14,6,2.0,True,2
random_20,2026-08-04,14,15,1.0,False,3
random_20,2026-08-05,14,18,1.0,True,4
random_20,2026-08-06,14,13,-0.0,False,5
random_20,2026-08-07,14,11,2.0,True,6
random_20,2026-08-08,14,2,-0.0,False,7
random_20,2026-08-09,14,4,-1.0,True,8
random_20,2026-08-10,14,17,2.0,False,9
random_20,2026-08-11,14,9,0.0,True,10
random_20,2026-08-12,14,1,-1.0,False,11
random_20,2026-08-13,14,12,-1.0,True,12
random_20,2026-08-14,14,3,-4.0,False,13
random_20,2026-08-15,14,5,1.0,True,14
random_20,2026-08-16,14,10,1.0,True,15
random_20,2026-08-17,14,16,3.0,False,16
random_20,2026-08-18,14,8,2.0,False,17
random_20,2026-08-19,14,19,1.0,True,18
random_20,2026-08-20,14,12,-4.0,False,19
random_20,2026-08-21,14,17,4.0,True,20
random_20,2026-08-22,14,4,4.0,False,21
random_20,2026-08-23,14,1,-1.0,True,22
random_20,2026-08-24,14,9,1.0,False,23
random_20,2026-08-25,14,19,3.0,False,24
random_20,2026-08-26,14,16,0.0,True,25
random_20,2026-08-27,14,10,-0.0,False,26
random_20,2026-08-28,14,8,-1.0,True,27
random_20,2026-08-29,14,6,-0.0,False,28
random_20,2026-08-30,14,15,-6.0,True,29
random_20,2026-08-31,14,0,1.0,False,30
random_20,2026-09-01,14,7,1.0,True,31
random_20,2026-09-02,14,5,-3.0,False,32
random_20,2026-09-03,14,3,1.0,True,33
random_20,2026-09-04,14,13,0.0,True,34
random_20,2026-09-05,14,11,-3.0,False,35
random_20,2026-09-06,14,2,-1.0,True,36
random_20,2026-09-07,14,18,-1.0,False,37
random_20,2026-08-01,15,10,3.0,False,0
random_20,2026-08-02,15,11,0.0,True,1
random_20,2026-08-03,15,8,3.0,False,2
random_20,2026-08-04,15,14,-1.0,True,3
random_20,2026-08-05,15,9,3.0,False,4
random_20,2026-08-06,15,19,0.0,True,5
random_20,2026-08-07,15,12,2.0,False,6
random_20,2026-08-08,15,0,-2.0,True,7
random_20,2026-08-09,15,5,4.0,False,8
random_20,2026-08-10,15,2,0.0,True,9
random_20,2026-08-11,15,13,-1.0,False,10
random_20,2026-08-12,15,3,0.0,True,11
random_20,2026-08-13,15,16,3.0,False,12
random_20,2026-08-14,15,6,-1.0,True,13
random_20,2026-08-15,15,7,3.0,False,14
random_20,2026-08-16,15,1,-0.0,False,15
random_20,2026-08-17,15,17,-1.0,True,16
random_20,2026-08-18,15,18,-1.0,True,17
random_20,2026-08-19,15,4,1.0,False,18
random_20,2026-08-20,15,16,2.0,True,19
random_20,2026-08-21,15,2,4.0,False,20
random_20,2026-08-22,15,13,1.0,True,21
random_20,2026-08-23,15,3,1.0,False,22
random_20,2026-08-24,15,5,0.0,True,23
random_20,2026-08-25,15,4,2.0,True,24
random_20,2026-08-26,15,17,1.0,False,25
random_20,2026-08-27,15,1,0.0,True,26
random_20,2026-08-28,15,18,2.0,False,27
random_20,2026-08-29,15,8,1.0,True,28
random_20,2026-08-30,15,14,6.0,False,29
random_20,2026-08-31,15,10,-1.0,True,30
random_20,2026-09-01,15,11,-1.0,False,31
random_20,2026-09-02,15,7,2.0,True,32
random_20,2026-09-03,15,6,1.0,False,33
random_20,2026-09-04,15,0,1.0,False,34
random_20,2026-09-05,15,12,0.0,True,35
random_20,2026-09-06,15,19,1.0,False,36
random_20,2026-09-07,15,9,0.0,True,37
random_20,2026-08-01,16,13,0.0,True,0
random_20,2026-08-02,16,19,-1.0,False,1
random_20,2026-08-03,16,0,-2.0,True,2
random_20,2026-08-04,16,12,1.0,False,3
random_20,2026-08-05,16,10,1.0,True,4
random_20,2026-08-06,16,6,-5.0,False,5
random_20,2026-08-07,16,2,-2.0,True,6
random_20,2026-08-08,16,7,1.0,False,7
random_20,2026-08-09,16,8,3.0,True,8
random_20,2026-08-10,16,9,-2.0,False,9
random_20,2026-08-11,16,1,-1.0,True,10
random_20,2026-08-12,16,4,-2.0,False,11
random_20,2026-08-13,16,15,-3.0,True,12
random_20,2026-08-14,16,18,4.0,True,13
random_20,2026-08-15,16,11,1.0,False,14
random_20,2026-08-16,16,3,-0.0,False,15
random_20,2026-08-17,16,14,-3.0,True,16
random_20,2026-08-18,16,17,2.0,True,17
random_20,2026-08-19,16,5,-2.0,False,18
random_20,2026-08-20,16,15,-2.0,False,19
random_20,2026-08-21,16,9,-2.0,True,20
random_20,2026-08-22,16,1,1.0,False,21
random_20,2026-08-23,16,4,0.0,True,22
random_20,2026-08-24,16,8,-1.0,False,23
random_20,2026-08-25,16,5,1.0,True,24
random_20,2026-08-26,16,14,-0.0,False,25
random_20,2026-08-27,16,3,2.0,True,26
random_20,2026-08-28,16,17,3.0,False,27
random_20,2026-08-29,16,0,2.0,False,28
random_20,2026-08-30,16,12,-3.0,True,29
random_20,2026-08-31,16,13,2.0,False,30
random_20,2026-09-01,16,19,2.0,True,31
random_20,2026-09-02,16,11,0.0,True,32
random_20,2026-09-03,16,18,-3.0,False,33
random_20,2026-09-04,16,6,1.0,True,34
random_20,2026-09-05,16,2,-3.0,False,35
random_20,2026-09-06,16,7,2.0,True,36
random_20,2026-09-07,16,10,-1.0,False,37
random_20,2026-08-01,17,12,0.0,True,0
random_20,2026-08-02,17,13,-0.0,False,1
random_20,2026-08-03,17,19,3.0,True,2
random_20,2026-08-04,17,2,1.0,False,3
random_20,2026-08-05,17,6,-3.0,True,4
random_20,2026-08-06,17,7,1.0,False,5
random_20,2026-08-07,17,1,0.0,True,6
random_20,2026-08-08,17,11,2.0,False,7
random_20,2026-08-09,17,3,-0.0,False,8
random_20,2026-08-10,17,14,-2.0,True,9
random_20,2026-08-11,17,0,4.0,False,10
random_20,2026-08-12,17,5,1.0,True,11
random_20,2026-08-13,17,10,-1.0,False,12
random_20,2026-08-14,17,4,1.0,True,13
random_20,2026-08-15,17,18,2.0,False,14
random_20,2026-08-16,17,8,-1.0,True,15
random_20,2026-08-17,17,15,1.0,False,16
random_20,2026-08-18,17,16,-2.0,False,17
random_20,2026-08-19,17,9,2.0,True,18
random_20,2026-08-20,17,10,-1.0,True,19
random_20,2026-08-21,17,14,-4.0,False,20
random_20,2026-08-22,17,0,-4.0,True,21
random_20,2026-08-23,17,5,-0.0,False,22
random_20,2026-08-24,17,3,2.0,True,23
random_20,2026-08-25,17,9,1.0,False,24
random_20,2026-08-26,17,15,-1.0,True,25
random_20,2026-08-27,17,8,-1.0,False,26
random_20,2026-08-28,17,16,-3.0,True,27
random_20,2026-08-29,17,19,1.0,False,28
random_20,2026-08-30,17,2,-2.0,True,29
random_20,2026-08-31,17,12,-2.0,False,30
random_20,2026-09-01,17,13,-1.0,True,31
random_20,2026-09-02,17,18,-2.0,True,32
random_20,2026-09-03,17,4,-1.0,False,33
random_20,2026-09-04,17,7,-1.0,True,34
random_20,2026-09-05,17,1,-1.0,False,35
random_20,2026-09-06,17,11,3.0,True,36
random_20,2026-09-07,17,6,-2.0,False,37
random_20,2026-08-01,18,11,-2.0,False,0
random_20,2026-08-02,18,9,0.0,True,1
random_20,2026-08-03,18,3,-0.0,False,2
random_20,2026-08-04,18,1,4.0,True,3
random_20,2026-08-05,18,14,-1.0,False,4
random_20,2026-08-06,18,4,-5.0,True,5
random_20,2026-08-07,18,0,-0.0,False,6
random_20,2026-08-08,18,12,-1.0,True,7
random_20,2026-08-09,18,6,-0.0,False,8
random_20,2026-08-10,18,5,-4.0,True,9
random_20,2026-08-11,18,2,-1.0,False,10
random_20,2026-08-12,18,19,-2.0,True,11
random_20,2026-08-13,18,13,-1.0,False,12
random_20,2026-08-14,18,16,-4.0,False,13
random_20,2026-08-15,18,17,-2.0,True,14
random_20,2026-08-16,18,7,-2.0,True,15
random_20,2026-08-17,18,8,1.0,False,16
random_20,2026-08-18,18,15,1.0,False,17
random_20,2026-08-19,18,10,0.0,True,18
random_20,2026-08-20,18,13,-1.0,True,19
random_20,2026-08-21,18,5,3.0,False,20
random_20,2026-08-22,18,6,1.0,True,21
random_20,2026-08-23,18,19,1.0,False,22
random_20,2026-08-24,18,2,-1.0,True,23
random_20,2026-08-25,18,10,3.0,False,24
random_20,2026-08-26,18,8,-1.0,True,25
random_20,2026-08-27,18,7,-2.0,False,26
random_20,2026-08-28,18,15,-2.0,True,27
random_20,2026-08-29,18,3,-2.0,True,28
random_20,2026-08-30,18,1,-4.0,False,29
random_20,2026-08-31,18,11,2.0,True,30
random_20,2026-09-01,18,9,-1.0,False,31
random_20,2026-09-02,18,17,2.0,False,32
random_20,2026-09-03,18,16,3.0,True,33
random_20,2026-09-04,18,4,-0.0,False,34
random_20,2026-09-05,18,0,0.0,True,35
random_20,2026-09-06,18,12,1.0,False,36
random_20,2026-09-07,18,14,1.0,True,37
random_20,2026-08-01,19,3,2.0,False,0
random_20,2026-08-02,19,16,1.0,True,1
random_20,2026-08-03,19,17,-3.0,False,2
random_20,2026-08-04,19,8,2.0,True,3
random_20,2026-08-05,19,2,-2.0,True,4
random_20,2026-08-06,19,15,-0.0,False,5
random_20,2026-08-07,19,6,-1.0,True,6
random_20,2026-08-08,19,5,-1.0,False,7
random_20,2026-08-09,19,7,0.0,True,8
random_20,2026-08-10,19,12,-0.0,False,9
random_20,2026-08-11,19,11,1.0,True,10
random_20,2026-08-12,19,18,2.0,False,11
random_20,2026-08-13,19,9,1.0,True,12
random_20,2026-08-14,19,1,-1.0,True,13
random_20,2026-08-15,19,10,2.0,False,14
random_20,2026-08-16,19,13,-2.0,False,15
random_20,2026-08-17,19,0,1.0,True,16
random_20,2026-08-18,19,4,-2.0,True,17
random_20,2026-08-19,19,14,-1.0,False,18
random_20,2026-08-20,19,9,-1.0,False,19
random_20,2026-08-21,19,12,3.0,True,20
random_20,2026-08-22,19,7,-0.0,False,21
random_20,2026-08-23,19,18,-1.0,True,22
random_20,2026-08-24,19,11,-0.0,False,23
random_20,2026-08-25,19,14,-3.0,True,24
random_20,2026-08-26,19,4,2.0,False,25
random_20,2026-08-27,19,13,0.0,True,26
random_20,2026-08-28,19,0,-0.0,False,27
random_20,2026-08-29,19,17,-1.0,True,28
random_20,2026-08-30,19,8,-0.0,False,29
random_20,2026-08-31,19,3,-7.0,True,30
random_20,2026-09-01,19,16,-2.0,False,31
random_20,2026-09-02,19,10,0.0,True,32
random_20,2026-09-03,19,1,1.0,False,33
random_20,2026-09-04,19,5,-2.0,True,34
random_20,2026-09-05,19,6,2.0,False,35
random_20,2026-09-06,19,15,-1.0,True,36
random_20,2026-09-07,19,2,-0.0,False,37
random_21,2026-08-01,0,14,-0.0,False,0
random_21,2026-08-02,0,8,1.0,True,1
random_21,2026-08-03,0,16,3.0,False,2
random_21,2026-08-04,0,3,-1.0,True,3
random_21,2026-08-05,0,13,-1.0,True,4
random_21,2026-08-06,0,5,3.0,False,5
random_21,2026-08-07,0,18,-2.0,True,6
random_21,2026-08-08,0,15,-0.0,False,7
random_21,2026-08-09,0,12,1.0,True,8
random_21,2026-08-10,0,11,2.0,False,9
random_21,2026-08-11,0,17,0.0,True,10
random_21,2026-08-12,0,9,-0.0,False,11
random_21,2026-08-13,0,4,1.0,True,12
random_21,2026-08-14,0,10,0.0,True,13
random_21,2026-08-15,0,1,-1.0,False,14
random_21,2026-08-16,0,6,-3.0,True,15
random_21,2026-08-17,0,19,-0.0,False,16
random_21,2026-08-18,0,7,-2.0,False,17
random_21,2026-08-19,0,2,0.0,True,18
random_21,2026-08-20,0,4,2.0,False,19
random_21,2026-08-21,0,11,4.0,True,20
random_21,2026-08-22,0,17,6.0,False,21
random_21,2026-08-23,0,9,1.0,True,22
random_21,2026-08-24,0,12,3.0,False,23
random_21,2026-08-25,0,2,2.0,False,24
random_21,2026-08-26,0,7,-4.0,True,25
random_21,2026-08-27,0,6,3.0,False,26
random_21,2026-08-28,0,19,2.0,True,27
random_21,2026-08-29,0,16,-3.0,True,28
random_21,2026-08-30,0,3,-0.0,False,29
random_21,2026-08-31,0,14,-1.0,True,30
random_21,2026-09-01,0,8,-2.0,False,31
random_21,2026-09-02,0,1,1.0,True,32
random_21,2026-09-03,0,10,-0.0,False,33
random_21,2026-09-04,0,15,-3.0,True,34
random_21,2026-09-05,0,18,-6.0,False,35
random_21,2026-09-06,0,5,-1.0,True,36
random_21,2026-09-07,0,13,-3.0,False,37
random_21,2026-08-01,1,6,-1.0,True,0
random_21,2026-08-02,1,2,-0.0,False,1
random_21,2026-08-03,1,5,0.0,True,2
random_21,2026-08-04,1,18,-1.0,False,3
random_21,2026-08-05,1,4,-0.0,False,4
random_21,2026-08-06,1,12,2.0,True,5
random_21,2026-08-07,1,17,1.0,False,6
random_21,2026-08-08,1,8,0.0,True,7
random_21,2026-08-09,1,13,2.0,False,8
random_21,2026-08-10,1,10,1.0,True,9
random_21,2026-08-11,1,16,-0.0,False,10
random_21,2026-08-12,1,14,0.0,True,11
random_21,2026-08-13,1,3,1.0,False,12
random_21,2026-08-14,1,19,-1.0,False,13
random_21,2026-08-15,1,0,1.0,True,14
random_21,2026-08-16,1,15,-2.0,True,15
random_21,2026-08-17,1,7,-3.0,False,16
random_21,2026-08-18,1,9,-2.0,False,17
random_21,2026-08-19,1,11,2.0,True,18
random_21,2026-08-20,1,3,-3.0,True,19
random_21,2026-08-21,1,10,1.0,False,20
random_21,2026-08-22,1,16,2.0,True,21
random_21,2026-08-23,1,14,-0.0,False,22
random_21,2026-08-24,1,13,2.0,True,23
random_21,2026-08-25,1,11,2.0,False,24
random_21,2026-08-26,1,9,-6.0,True,25
random_21,2026-08-27,1,15,-0.0,False,26
random_21,2026-08-28,1,7,0.0,True,27
random_21,2026-08-29,1,5,-2.0,False,28
random_21,2026-08-30,1,18,-1.0,True,29
random_21,2026-08-31,1,6,-4.0,False,30
random_21,2026-09-01,1,2,4.0,True,31
random_21,2026-09-02,1,0,-1.0,False,32
random_21,2026-09-03,1,19,0.0,True,33
random_21,2026-09-04,1,12,1.0,False,34
random_21,2026-09-05,1,17,0.0,True,35
random_21,2026-09-06,1,8,3.0,False,36
random_21,2026-09-07,1,4,1.0,True,37
random_21,2026-08-01,2,4,-1.0,False,0
random_21,2026-08-02,2,1,0.0,True,1
random_21,2026-08-03,2,10,-1.0,False,2
random_21,2026-08-04,2,17,-3.0,True,3
random_21,2026-08-05,2,19,2.0,False,4
random_21,2026-08-06,2,3,0.0,True,5
random_21,2026-08-07,2,16,-0.0,False,6
random_21,2026-08-08,2,14,-1.0,True,7
random_21,2026-08-09,2,9,2.0,True,8
random_21,2026-08-10,2,15,2.0,False,9
random_21,2026-08-11,2,18,0.0,True,10
random_21,2026-08-12,2,11,-0.0,False,11
random_21,2026-08-13,2,8,1.0,True,12
random_21,2026-08-14,2,7,-1.0,True,13
random_21,2026-08-15,2,6,-3.0,False,14
random_21,2026-08-16,2,5,-2.0,False,15
random_21,2026-08-17,2,12,0.0,True,16
random_21,2026-08-18,2,13,-2.0,True,17
random_21,2026-08-19,2,0,-0.0,False,18
random_21,2026-08-20,2,8,-1.0,False,19
random_21,2026-08-21,2,15,-1.0,True,20
random_21,2026-08-22,2,9,-2.0,False,21
random_21,2026-08-23,2,11,3.0,True,22
random_21,2026-08-24,2,18,-2.0,False,23
random_21,2026-08-25,2,0,-2.0,True,24
random_21,2026-08-26,2,12,2.0,False,25
random_21,2026-08-27,2,5,-3.0,True,26
random_21,2026-08-28,2,13,-1.0,False,27
random_21,2026-08-29,2,10,1.0,True,28
random_21,2026-08-30,2,17,-1.0,False,29
random_21,2026-08-31,2,4,-3.0,True,30
random_21,2026-09-01,2,1,-4.0,False,31
random_21,2026-09-02,2,6,0.0,True,32
random_21,2026-09-03,2,7,-0.0,False,33
random_21,2026-09-04,2,3,-1.0,False,34
random_21,2026-09-05,2,16,1.0,True,35
random_21,2026-09-06,2,14,-3.0,False,36
random_21,2026-09-07,2,19,0.0,True,37
random_21,2026-08-01,3,19,-2.0,True,0
random_21,2026-08-02,3,12,-1.0,False,1
random_21,2026-08-03,3,18,0.0,True,2
random_21,2026-08-04,3,0,1.0,False,3
random_21,2026-08-05,3,5,-1.0,True,4
random_21,2026-08-06,3,2,-0.0,False,5
random_21,2026-08-07,3,13,0.0,True,6
random_21,2026-08-08,3,10,3.0,False,7
random_21,2026-08-09,3,17,-2.0,True,8
random_21,2026-08-10,3,4,1.0,False,9
random_21,2026-08-11,3,8,-2.0,True,10
random_21,2026-08-12,3,15,-0.0,False,11
random_21,2026-08-13,3,1,-1.0,True,12
random_21,2026-08-14,3,14,-1.0,True,13
random_21,2026-08-15,3,9,-0.0,False,14
random_21,2026-08-16,3,16,0.0,True,15
random_21,2026-08-17,3,11,4.0,False,16
random_21,2026-08-18,3,6,-3.0,False,17
random_21,2026-08-19,3,7,0.0,True,18
random_21,2026-08-20,3,1,3.0,False,19
random_21,2026-08-21,3,4,3.0,True,20
random_21,2026-08-22,3,8,-2.0,False,21
random_21,2026-08-23,3,15,3.0,True,22
random_21,2026-08-24,3,17,-2.0,False,23
random_21,2026-08-25,3,7,-1.0,False,24
random_21,2026-08-26,3,6,-3.0,True,25
random_21,2026-08-27,3,16,-2.0,False,26
random_21,2026-08-28,3,11,0.0,True,27
random_21,2026-08-29,3,18,-1.0,False,28
random_21,2026-08-30,3,0,0.0,True,29
random_21,2026-08-31,3,19,4.0,False,30
random_21,2026-09-01,3,12,-1.0,True,31
random_21,2026-09-02,3,9,-1.0,True,32
random_21,2026-09-03,3,14,-1.0,False,33
random_21,2026-09-04,3,2,1.0,True,34
random_21,2026-09-05,3,13,2.0,False,35
random_21,2026-09-06,3,10,1.0,True,36
random_21,2026-09-07,3,5,-2.0,False,37
random_21,2026-08-01,4,2,1.0,True,0
random_21,2026-08-02,4,5,-0.0,False,1
random_21,2026-08-03,4,12,3.0,True,2
random_21,2026-08-04,4,6,1.0,False,3
random_21,2026-08-05,4,1,0.0,True,4
random_21,2026-08-06,4,18,1.0,False,5
random_21,2026-08-07,4,7,-2.0,True,6
random_21,2026-08-08,4,13,-1.0,False,7
random_21,2026-08-09,4,14,2.0,False,8
random_21,2026-08-10,4,3,-1.0,True,9
random_21,2026-08-11,4,10,-0.0,False,10
random_21,2026-08-12,4,16,1.0,True,11
random_21,2026-08-13,4,0,-1.0,False,12
random_21,2026-08-14,4,17,2.0,False,13
random_21,2026-08-15,4,8,0.0,True,14
random_21,2026-08-16,4,11,3.0,True,15
random_21,2026-08-17,4,9,-1.0,False,16
random_21,2026-08-18,4,19,3.0,False,17
random_21,2026-08-19,4,15,1.0,True,18
random_21,2026-08-20,4,0,-2.0,True,19
random_21,2026-08-21,4,3,-3.0,False,20
random_21,2026-08-22,4,14,2.0,True,21
random_21,2026-08-23,4,16,2.0,False,22
random_21,2026-08-24,4,10,-4.0,True,23
random_21,2026-08-25,4,15,1.0,False,24
random_21,2026-08-26,4,19,1.0,True,25
random_21,2026-08-27,4,11,-0.0,False,26
random_21,2026-08-28,4,9,0.0,True,27
random_21,2026-08-29,4,12,-1.0,False,28
random_21,2026-08-30,4,6,1.0,True,29
random_21,2026-08-31,4,2,3.0,False,30
random_21,2026-09-01,4,5,0.0,True,31
random_21,2026-09-02,4,8,1.0,False,32
random_21,2026-09-03,4,17,-3.0,True,33
random_21,2026-09-04,4,18,1.0,True,34
random_21,2026-09-05,4,7,-0.0,False,35
random_21,2026-09-06,4,13,2.0,True,36
random_21,2026-09-07,4,1,-1.0,False,37
random_21,2026-08-01,5,9,1.0,False,0
random_21,2026-08-02,5,4,0.0,True,1
random_21,2026-08-03,5,1,-0.0,False,2
random_21,2026-08-04,5,10,-1.0,True,3
random_21,2026-08-05,5,3,1.0,False,4
random_21,2026-08-06,5,0,-3.0,True,5
random_21,2026-08-07,5,8,-0.0,False,6
random_21,2026-08-08,5,19,-1.0,True,7
random_21,2026-08-09,5,15,2.0,True,8
random_21,2026-08-10,5,18,2.0,False,9
random_21,2026-08-11,5,12,1.0,True,10
random_21,2026-08-12,5,17,-1.0,False,11
random_21,2026-08-13,5,7,4.0,True,12
random_21,2026-08-14,5,13,2.0,True,13
random_21,2026-08-15,5,14,1.0,False,14
random_21,2026-08-16,5,2,2.0,True,15
random_21,2026-08-17,5,6,-1.0,False,16
random_21,2026-08-18,5,11,2.0,False,17
random_21,2026-08-19,5,16,-1.0,True,18
random_21,2026-08-20,5,7,2.0,False,19
random_21,2026-08-21,5,18,5.0,True,20
random_21,2026-08-22,5,12,1.0,False,21
random_21,2026-08-23,5,17,0.0,True,22
random_21,2026-08-24,5,15,1.0,False,23
random_21,2026-08-25,5,16,-0.0,False,24
random_21,2026-08-26,5,11,2.0,True,25
random_21,2026-08-27,5,2,3.0,False,26
random_21,2026-08-28,5,6,-1.0,True,27
random_21,2026-08-29,5,1,2.0,True,28
random_21,2026-08-30,5,10,-2.0,False,29
random_21,2026-08-31,5,9,2.0,True,30
random_21,2026-09-01,5,4,-0.0,False,31
random_21,2026-09-02,5,14,0.0,True,32
random_21,2026-09-03,5,13,-3.0,False,33
random_21,2026-09-04,5,19,-0.0,False,34
random_21,2026-09-05,5,8,0.0,True,35
random_21,2026-09-06,5,0,1.0,False,36
random_21,2026-09-07,5,3,2.0,True,37
random_21,2026-08-01,6,1,1.0,False,0
random_21,2026-08-02,6,10,3.0,True,1
random_21,2026-08-03,6,14,2.0,False,2
random_21,2026-08-04,6,4,-1.0,True,3
random_21,2026-08-05,6,17,-2.0,False,4
random_21,2026-08-06,6,16,0.0,True,5
random_21,2026-08-07,6,19,1.0,False,6
random_21,2026-08-08,6,9,-1.0,True,7
random_21,2026-08-09,6,18,0.0,True,8
random_21,2026-08-10,6,8,-1.0,False,9
random_21,2026-08-11,6,7,-1.0,True,10
random_21,2026-08-12,6,12,-1.0,False,11
random_21,2026-08-13,6,11,-1.0,True,12
random_21,2026-08-14,6,15,1.0,False,13
random_21,2026-08-15,6,2,3.0,True,14
random_21,2026-08-16,6,0,3.0,False,15
random_21,2026-08-17,6,5,1.0,True,16
random_21,2026-08-18,6,3,3.0,True,17
random_21,2026-08-19,6,13,-0.0,False,18
random_21,2026-08-20,6,11,-1.0,False,19
random_21,2026-08-21,6,8,0.0,True,20
random_21,2026-08-22,6,18,-4.0,False,21
random_21,2026-08-23,6,12,1.0,True,22
random_21,2026-08-24,6,7,-1.0,False,23
random_21,2026-08-25,6,13,-2.0,True,24
random_21,2026-08-26,6,3,3.0,False,25
random_21,2026-08-27,6,0,-3.0,True,26
random_21,2026-08-28,6,5,1.0,False,27
random_21,2026-08-29,6,14,-1.0,True,28
random_21,2026-08-30,6,4,-1.0,False,29
random_21,2026-08-31,6,1,4.0,True,30
random_21,2026-09-01,6,10,-1.0,False,31
random_21,2026-09-02,6,2,-0.0,False,32
random_21,2026-09-03,6,15,-3.0,True,33
random_21,2026-09-04,6,16,-0.0,False,34
random_21,2026-09-05,6,19,-5.0,True,35
random_21,2026-09-06,6,9,-1.0,False,36
random_21,2026-09-07,6,17,0.0,True,37
random_21,2026-08-01,7,8,-2.0,False,0
random_21,2026-08-02,7,14,0.0,True,1
random_21,2026-08-03,7,9,1.0,False,2
random_21,2026-08-04,7,11,5.0,True,3
random_21,2026-08-05,7,12,3.0,False,4
random_21,2026-08-06,7,17,3.0,True,5
random_21,2026-08-07,7,4,2.0,False,6
random_21,2026-08-08,7,16,3.0,True,7
random_21,2026-08-09,7,19,3.0,False,8
random_21,2026-08-10,7,13,0.0,True,9
random_21,2026-08-11,7,6,1.0,False,10
random_21,2026-08-12,7,10,2.0,True,11
random_21,2026-08-13,7,5,-4.0,False,12
random_21,2026-08-14,7,2,1.0,False,13
random_21,2026-08-15,7,15,1.0,True,14
random_21,2026-08-16,7,18,5.0,False,15
random_21,2026-08-17,7,1,3.0,True,16
random_21,2026-08-18,7,0,2.0,True,17
random_21,2026-08-19,7,3,-0.0,False,18
random_21,2026-08-20,7,5,-2.0,True,19
random_21,2026-08-21,7,13,1.0,False,20
random_21,2026-08-22,7,19,-1.0,True,21
random_21,2026-08-23,7,10,-2.0,False,22
random_21,2026-08-24,7,6,1.0,True,23
random_21,2026-08-25,7,3,1.0,True,24
random_21,2026-08-26,7,0,4.0,False,25
random_21,2026-08-27,7,18,1.0,True,26
random_21,2026-08-28,7,1,-0.0,False,27
random_21,2026-08-29,7,9,-2.0,True,28
random_21,2026-08-30,7,11,1.0,False,29
random_21,2026-08-31,7,8,2.0,True,30
random_21,2026-09-01,7,14,-3.0,False,31
random_21,2026-09-02,7,15,-3.0,False,32
random_21,2026-09-03,7,2,0.0,True,33
random_21,2026-09-04,7,17,3.0,False,34
random_21,2026-09-05,7,4,0.0,True,35
random_21,2026-09-06,7,16,1.0,False,36
random_21,2026-09-07,7,12,0.0,True,37
random_21,2026-08-01,8,7,2.0,True,0
random_21,2026-08-02,8,0,-1.0,False,1
random_21,2026-08-03,8,15,0.0,True,2
random_21,2026-08-04,8,19,-2.0,False,3
random_21,2026-08-05,8,11,-1.0,True,4
random_21,2026-08-06,8,10,1.0,False,5
random_21,2026-08-07,8,5,0.0,True,6
random_21,2026-08-08,8,1,-0.0,False,7
random_21,2026-08-09,8,16,-1.0,False,8
random_21,2026-08-10,8,6,1.0,True,9
random_21,2026-08-11,8,3,2.0,False,10
random_21,2026-08-12,8,13,1.0,True,11
random_21,2026-08-13,8,2,-1.0,False,12
random_21,2026-08-14,8,9,1.0,True,13
random_21,2026-08-15,8,4,-0.0,False,14
random_21,2026-08-16,8,17,-0.0,False,15
random_21,2026-08-17,8,18,0.0,True,16
random_21,2026-08-18,8,14,2.0,True,17
random_21,2026-08-19,8,12,-1.0,False,18
random_21,2026-08-20,8,2,1.0,True,19
random_21,2026-08-21,8,6,-0.0,False,20
random_21,2026-08-22,8,3,2.0,True,21
random_21,2026-08-23,8,13,2.0,False,22
random_21,2026-08-24,8,16,-3.0,True,23
random_21,2026-08-25,8,12,2.0,True,24
random_21,2026-08-26,8,18,-2.0,False,25
random_21,2026-08-27,8,17,1.0,True,26
random_21,2026-08-28,8,14,-0.0,False,27
random_21,2026-08-29,8,15,-0.0,False,28
random_21,2026-08-30,8,19,-1.0,True,29
random_21,2026-08-31,8,7,-2.0,False,30
random_21,2026-09-01,8,0,2.0,True,31
random_21,2026-09-02,8,4,-1.0,True,32
random_21,2026-09-03,8,9,-3.0,False,33
random_21,2026-09-04,8,10,2.0,True,34
random_21,2026-09-05,8,5,-0.0,False,35
random_21,2026-09-06,8,1,-3.0,True,36
random_21,2026-09-07,8,11,-1.0,False,37
random_21,2026-08-01,9,5,-1.0,True,0
random_21,2026-08-02,9,18,-2.0,False,1
random_21,2026-08-03,9,7,-1.0,True,2
random_21,2026-08-04,9,13,2.0,False,3
random_21,2026-08-05,9,15,1.0,True,4
random_21,2026-08-06,9,11,3.0,False,5
random_21,2026-08-07,9,10,-2.0,True,6
random_21,2026-08-08,9,6,1.0,False,7
random_21,2026-08-09,9,2,-2.0,False,8
random_21,2026-08-10,9,16,1.0,True,9
random_21,2026-08-11,9,14,-0.0,False,10
random_21,2026-08-12,9,0,0.0,True,11
random_21,2026-08-13,9,19,-0.0,False,12
random_21,2026-08-14,9,8,-1.0,False,13
random_21,2026-08-15,9,3,0.0,True,14
random_21,2026-08-16,9,12,3.0,False,15
random_21,2026-08-17,9,4,1.0,True,16
random_21,2026-08-18,9,1,2.0,True,17
random_21,2026-08-19,9,17,-1.0,False,18
random_21,2026-08-20,9,19,0.0,True,19
random_21,2026-08-21,9,16,-0.0,False,20
random_21,2026-08-22,9,2,2.0,True,21
random_21,2026-08-23,9,0,-1.0,False,22
random_21,2026-08-24,9,14,-2.0,True,23
random_21,2026-08-25,9,17,1.0,True,24
random_21,2026-08-26,9,1,6.0,False,25
random_21,2026-08-27,9,12,1.0,True,26
random_21,2026-08-28,9,4,-0.0,False,27
random_21,2026-08-29,9,7,2.0,False,28
random_21,2026-08-30,9,13,1.0,True,29
random_21,2026-08-31,9,5,-2.0,False,30
random_21,2026-09-01,9,18,-2.0,True,31
random_21,2026-09-02,9,3,1.0,False,32
random_21,2026-09-03,9,8,3.0,True,33
random_21,2026-09-04,9,11,-3.0,True,34
random_21,2026-09-05,9,10,-0.0,False,35
random_21,2026-09-06,9,6,1.0,True,36
random_21,2026-09-07,9,15,3.0,False,37
random_21,2026-08-01,10,15,1.0,True,0
random_21,2026-08-02,10,6,-3.0,False,1
random_21,2026-08-03,10,2,1.0,True,2
random_21,2026-08-04,10,5,1.0,False,3
random_21,2026-08-05,10,16,-0.0,False,4
random_21,2026-08-06,10,8,-1.0,True,5
random_21,2026-08-07,10,9,2.0,False,6
random_21,2026-08-08,10,3,-3.0,True,7
random_21,2026-08-09,10,11,-2.0,True,8
random_21,2026-08-10,10,1,-1.0,False,9
random_21,2026-08-11,10,4,0.0,True,10
random_21,2026-08-12,10,7,-2.0,False,11
random_21,2026-08-13,10,17,0.0,True,12
random_21,2026-08-14,10,0,-0.0,False,13
random_21,2026-08-15,10,19,-1.0,True,14
random_21,2026-08-16,10,14,2.0,False,15
random_21,2026-08-17,10,13,1.0,True,16
random_21,2026-08-18,10,12,0.0,True,17
random_21,2026-08-19,10,18,2.0,False,18
random_21,2026-08-20,10,17,-1.0,False,19
random_21,2026-08-21,10,1,-1.0,True,20
random_21,2026-08-22,10,11,1.0,False,21
random_21,2026-08-23,10,7,2.0,True,22
random_21,2026-08-24,10,4,4.0,False,23
random_21,2026-08-25,10,18,0.0,True,24
random_21,2026-08-26,10,13,-2.0,False,25
random_21,2026-08-27,10,14,2.0,True,26
random_21,2026-08-28,10,12,2.0,False,27
random_21,2026-08-29,10,2,-1.0,False,28
random_21,2026-08-30,10,5,2.0,True,29
random_21,2026-08-31,10,15,-1.0,False,30
random_21,2026-09-01,10,6,1.0,True,31
random_21,2026-09-02,10,19,1.0,False,32
random_21,2026-09-03,10,0,0.0,True,33
random_21,2026-09-04,10,8,-2.0,False,34
random_21,2026-09-05,10,9,0.0,True,35
random_21,2026-09-06,10,3,-1.0,False,36
random_21,2026-09-07,10,16,-2.0,True,37
random_21,2026-08-01,11,18,1.0,True,0
random_21,2026-08-02,11,15,4.0,False,1
random_21,2026-08-03,11,13,-6.0,True,2
random_21,2026-08-04,11,7,-5.0,False,3
random_21,2026-08-05,11,8,1.0,False,4
random_21,2026-08-06,11,9,-3.0,True,5
random_21,2026-08-07,11,14,3.0,False,6
random_21,2026-08-08,11,17,-1.0,True,7
random_21,2026-08-09,11,10,2.0,False,8
random_21,2026-08-10,11,0,-2.0,True,9
random_21,2026-08-11,11,19,1.0,False,10
random_21,2026-08-12,11,2,0.0,True,11
random_21,2026-08-13,11,6,1.0,False,12
random_21,2026-08-14,11,12,6.0,False,13
random_21,2026-08-15,11,16,2.0,True,14
random_21,2026-08-16,11,4,-3.0,False,15
random_21,2026-08-17,11,3,-4.0,True,16
random_21,2026-08-18,11,5,-2.0,True,17
random_21,2026-08-19,11,1,-2.0,False,18
random_21,2026-08-20,11,6,1.0,True,19
random_21,2026-08-21,11,0,-4.0,False,20
random_21,2026-08-22,11,10,-1.0,True,21
random_21,2026-08-23,11,2,-3.0,False,22
random_21,2026-08-24,11,19,0.0,True,23
random_21,2026-08-25,11,1,-2.0,True,24
random_21,2026-08-26,11,5,-2.0,False,25
random_21,2026-08-27,11,4,0.0,True,26
random_21,2026-08-28,11,3,-0.0,False,27
random_21,2026-08-29,11,13,1.0,False,28
random_21,2026-08-30,11,7,-1.0,True,29
random_21,2026-08-31,11,18,-3.0,False,30
random_21,2026-09-01,11,15,1.0,True,31
random_21,2026-09-02,11,16,-0.0,False,32
random_21,2026-09-03,11,12,0.0,True,33
random_21,2026-09-04,11,9,3.0,False,34
random_21,2026-09-05,11,14,-2.0,True,35
random_21,2026-09-06,11,17,-2.0,False,36
random_21,2026-09-07,11,8,1.0,True,37
random_21,2026-08-01,12,17,-0.0,False,0
random_21,2026-08-02,12,3,1.0,True,1
random_21,2026-08-03,12,4,-3.0,False,2
random_21,2026-08-04,12,16,0.0,True,3
random_21,2026-08-05,12,7,-3.0,True,4
random_21,2026-08-06,12,1,-2.0,False,5
random_21,2026-08-07,12,15,1.0,True,6
random_21,2026-08-08,12,18,-3.0,False,7
random_21,2026-08-09,12,0,-1.0,False,8
random_21,2026-08-10,12,19,0.0,True,9
random_21,2026-08-11,12,5,-1.0,False,10
random_21,2026-08-12,12,6,1.0,True,11
random_21,2026-08-13,12,14,-0.0,False,12
random_21,2026-08-14,12,11,-6.0,True,13
random_21,2026-08-15,12,13,-0.0,False,14
random_21,2026-08-16,12,9,-3.0,True,15
random_21,2026-08-17,12,2,-0.0,False,16
random_21,2026-08-18,12,10,-0.0,False,17
random_21,2026-08-19,12,8,1.0,True,18
random_21,2026-08-20,12,14,-1.0,True,19
random_21,2026-08-21,12,19,3.0,False,20
random_21,2026-08-22,12,5,-1.0,True,21
random_21,2026-08-23,12,6,-1.0,False,22
random_21,2026-08-24,12,0,-3.0,True,23
random_21,2026-08-25,12,8,-2.0,False,24
random_21,2026-08-26,12,2,-2.0,True,25
random_21,2026-08-27,12,9,-1.0,False,26
random_21,2026-08-28,12,10,-2.0,True,27
random_21,2026-08-29,12,4,1.0,True,28
random_21,2026-08-30,12,16,-0.0,False,29
random_21,2026-08-31,12,17,-1.0,True,30
random_21,2026-09-01,12,3,1.0,False,31
random_21,2026-09-02,12,13,-3.0,True,32
random_21,2026-09-03,12,11,-0.0,False,33
random_21,2026-09-04,12,1,-1.0,True,34
random_21,2026-09-05,12,15,3.0,False,35
random_21,2026-09-06,12,18,-1.0,True,36
random_21,2026-09-07,12,7,-0.0,False,37
random_21,2026-08-01,13,16,-0.0,False,0
random_21,2026-08-02,13,17,0.0,True,1
random_21,2026-08-03,13,11,6.0,False,2
random_21,2026-08-04,13,9,-2.0,True,3
random_21,2026-08-05,13,0,1.0,False,4
random_21,2026-08-06,13,14,-5.0,True,5
random_21,2026-08-07,13,3,-0.0,False,6
random_21,2026-08-08,13,4,1.0,True,7
random_21,2026-08-09,13,1,-2.0,True,8
random_21,2026-08-10,13,7,-0.0,False,9
random_21,2026-08-11,13,15,0.0,True,10
random_21,2026-08-12,13,8,-1.0,False,11
random_21,2026-08-13,13,18,1.0,True,12
random_21,2026-08-14,13,5,-2.0,False,13
random_21,2026-08-15,13,12,0.0,True,14
random_21,2026-08-16,13,19,0.0,True,15
random_21,2026-08-17,13,10,-1.0,False,16
random_21,2026-08-18,13,2,2.0,False,17
random_21,2026-08-19,13,6,0.0,True,18
random_21,2026-08-20,13,18,-1.0,False,19
random_21,2026-08-21,13,7,-1.0,True,20
random_21,2026-08-22,13,15,-1.0,False,21
random_21,2026-08-23,13,8,-2.0,True,22
random_21,2026-08-24,13,1,-2.0,False,23
random_21,2026-08-25,13,6,2.0,False,24
random_21,2026-08-26,13,10,2.0,True,25
random_21,2026-08-27,13,19,1.0,False,26
random_21,2026-08-28,13,2,1.0,True,27
random_21,2026-08-29,13,11,-1.0,True,28
random_21,2026-08-30,13,9,-1.0,False,29
random_21,2026-08-31,13,16,2.0,True,30
random_21,2026-09-01,13,17,-0.0,False,31
random_21,2026-09-02,13,12,3.0,False,32
random_21,2026-09-03,13,5,3.0,True,33
random_21,2026-09-04,13,14,1.0,False,34
random_21,2026-09-05,13,3,-2.0,True,35
random_21,2026-09-06,13,4,-2.0,False,36
random_21,2026-09-07,13,0,3.0,True,37
random_21,2026-08-01,14,0,0.0,True,0
random_21,2026-08-02,14,7,-0.0,False,1
random_21,2026-08-03,14,6,-2.0,True,2
random_21,2026-08-04,14,15,-2.0,False,3
random_21,2026-08-05,14,18,0.0,True,4
random_21,2026-08-06,14,13,5.0,False,5
random_21,2026-08-07,14,11,-3.0,True,6
random_21,2026-08-08,14,2,1.0,False,7
random_21,2026-08-09,14,4,-2.0,True,8
random_21,2026-08-10,14,17,-2.0,False,9
random_21,2026-08-11,14,9,0.0,True,10
random_21,2026-08-12,14,1,-0.0,False,11
random_21,2026-08-13,14,12,0.0,True,12
random_21,2026-08-14,14,3,1.0,False,13
random_21,2026-08-15,14,5,-1.0,True,14
random_21,2026-08-16,14,10,-2.0,True,15
random_21,2026-08-17,14,16,1.0,False,16
random_21,2026-08-18,14,8,-2.0,False,17
random_21,2026-08-19,14,19,-3.0,True,18
random_21,2026-08-20,14,12,1.0,False,19
random_21,2026-08-21,14,17,-2.0,True,20
random_21,2026-08-22,14,4,-2.0,False,21
random_21,2026-08-23,14,1,0.0,True,22
random_21,2026-08-24,14,9,2.0,False,23
random_21,2026-08-25,14,19,-1.0,False,24
random_21,2026-08-26,14,16,-2.0,True,25
random_21,2026-08-27,14,10,-2.0,False,26
random_21,2026-08-28,14,8,0.0,True,27
random_21,2026-08-29,14,6,1.0,False,28
random_21,2026-08-30,14,15,1.0,True,29
random_21,2026-08-31,14,0,1.0,False,30
random_21,2026-09-01,14,7,3.0,True,31
random_21,2026-09-02,14,5,-0.0,False,32
random_21,2026-09-03,14,3,1.0,True,33
random_21,2026-09-04,14,13,-1.0,True,34
random_21,2026-09-05,14,11,2.0,False,35
random_21,2026-09-06,14,2,3.0,True,36
random_21,2026-09-07,14,18,2.0,False,37
random_21,2026-08-01,15,10,-1.0,False,0
random_21,2026-08-02,15,11,-4.0,True,1
random_21,2026-08-03,15,8,-0.0,False,2
random_21,2026-08-04,15,14,2.0,True,3
random_21,2026-08-05,15,9,-1.0,False,4
random_21,2026-08-06,15,19,-1.0,True,5
random_21,2026-08-07,15,12,-1.0,False,6
random_21,2026-08-08,15,0,0.0,True,7
random_21,2026-08-09,15,5,-2.0,False,8
random_21,2026-08-10,15,2,-2.0,True,9
random_21,2026-08-11,15,13,-0.0,False,10
random_21,2026-08-12,15,3,0.0,True,11
random_21,2026-08-13,15,16,-1.0,False,12
random_21,2026-08-14,15,6,-1.0,True,13
random_21,2026-08-15,15,7,-1.0,False,14
random_21,2026-08-16,15,1,2.0,False,15
random_21,2026-08-17,15,17,0.0,True,16
random_21,2026-08-18,15,18,1.0,True,17
random_21,2026-08-19,15,4,-1.0,False,18
random_21,2026-08-20,15,16,-2.0,True,19
random_21,2026-08-21,15,2,1.0,False,20
random_21,2026-08-22,15,13,1.0,True,21
random_21,2026-08-23,15,3,-3.0,False,22
random_21,2026-08-24,15,5,-1.0,True,23
random_21,2026-08-25,15,4,-1.0,True,24
random_21,2026-08-26,15,17,-2.0,False,25
random_21,2026-08-27,15,1,0.0,True,26
random_21,2026-08-28,15,18,4.0,False,27
random_21,2026-08-29,15,8,0.0,True,28
random_21,2026-08-30,15,14,-1.0,False,29
random_21,2026-08-31,15,10,1.0,True,30
random_21,2026-09-01,15,11,-1.0,False,31
random_21,2026-09-02,15,7,3.0,True,32
random_21,2026-09-03,15,6,3.0,False,33
random_21,2026-09-04,15,0,3.0,False,34
random_21,2026-09-05,15,12,-3.0,True,35
random_21,2026-09-06,15,19,1.0,False,36
random_21,2026-09-07,15,9,-3.0,True,37
random_21,2026-08-01,16,13,0.0,True,0
random_21,2026-08-02,16,19,-1.0,False,1
random_21,2026-08-03,16,0,-3.0,True,2
random_21,2026-08-04,16,12,-0.0,False,3
random_21,2026-08-05,16,10,0.0,True,4
random_21,2026-08-06,16,6,-0.0,False,5
random_21,2026-08-07,16,2,0.0,True,6
random_21,2026-08-08,16,7,-3.0,False,7
random_21,2026-08-09,16,8,1.0,True,8
random_21,2026-08-10,16,9,-1.0,False,9
random_21,2026-08-11,16,1,0.0,True,10
random_21,2026-08-12,16,4,-1.0,False,11
random_21,2026-08-13,16,15,1.0,True,12
random_21,2026-08-14,16,18,3.0,True,13
random_21,2026-08-15,16,11,-2.0,False,14
random_21,2026-08-16,16,3,-0.0,False,15
random_21,2026-08-17,16,14,-1.0,True,16
random_21,2026-08-18,16,17,2.0,True,17
random_21,2026-08-19,16,5,1.0,False,18
random_21,2026-08-20,16,15,2.0,False,19
random_21,2026-08-21,16,9,0.0,True,20
random_21,2026-08-22,16,1,-2.0,False,21
random_21,2026-08-23,16,4,-2.0,True,22
random_21,2026-08-24,16,8,3.0,False,23
random_21,2026-08-25,16,5,0.0,True,24
random_21,2026-08-26,16,14,2.0,False,25
random_21,2026-08-27,16,3,2.0,True,26
random_21,2026-08-28,16,17,-2.0,False,27
random_21,2026-08-29,16,0,3.0,False,28
random_21,2026-08-30,16,12,0.0,True,29
random_21,2026-08-31,16,13,-2.0,False,30
random_21,2026-09-01,16,19,0.0,True,31
random_21,2026-09-02,16,11,0.0,True,32
random_21,2026-09-03,16,18,-0.0,False,33
random_21,2026-09-04,16,6,0.0,True,34
random_21,2026-09-05,16,2,-1.0,False,35
random_21,2026-09-06,16,7,-1.0,True,36
random_21,2026-09-07,16,10,2.0,False,37
random_21,2026-08-01,17,12,0.0,True,0
random_21,2026-08-02,17,13,-0.0,False,1
random_21,2026-08-03,17,19,0.0,True,2
random_21,2026-08-04,17,2,3.0,False,3
random_21,2026-08-05,17,6,2.0,True,4
random_21,2026-08-06,17,7,-3.0,False,5
random_21,2026-08-07,17,1,-1.0,True,6
random_21,2026-08-08,17,11,1.0,False,7
random_21,2026-08-09,17,3,2.0,False,8
random_21,2026-08-10,17,14,2.0,True,9
random_21,2026-08-11,17,0,-0.0,False,10
random_21,2026-08-12,17,5,1.0,True,11
random_21,2026-08-13,17,10,-0.0,False,12
random_21,2026-08-14,17,4,-2.0,True,13
random_21,2026-08-15,17,18,-0.0,False,14
random_21,2026-08-16,17,8,0.0,True,15
random_21,2026-08-17,17,15,-0.0,False,16
random_21,2026-08-18,17,16,-2.0,False,17
random_21,2026-08-19,17,9,1.0,True,18
random_21,2026-08-20,17,10,1.0,True,19
random_21,2026-08-21,17,14,2.0,False,20
random_21,2026-08-22,17,0,-6.0,True,21
random_21,2026-08-23,17,5,-0.0,False,22
random_21,2026-08-24,17,3,2.0,True,23
random_21,2026-08-25,17,9,-1.0,False,24
random_21,2026-08-26,17,15,2.0,True,25
random_21,2026-08-27,17,8,-1.0,False,26
random_21,2026-08-28,17,16,2.0,True,27
random_21,2026-08-29,17,19,2.0,False,28
random_21,2026-08-30,17,2,1.0,True,29
random_21,2026-08-31,17,12,1.0,False,30
random_21,2026-09-01,17,13,0.0,True,31
random_21,2026-09-02,17,18,-1.0,True,32
random_21,2026-09-03,17,4,3.0,False,33
random_21,2026-09-04,17,7,-3.0,True,34
random_21,2026-09-05,17,1,-0.0,False,35
random_21,2026-09-06,17,11,2.0,True,36
random_21,2026-09-07,17,6,-0.0,False,37
random_21,2026-08-01,18,11,-1.0,False,0
random_21,2026-08-02,18,9,2.0,True,1
random_21,2026-08-03,18,3,-0.0,False,2
random_21,2026-08-04,18,1,1.0,True,3
random_21,2026-08-05,18,14,-0.0,False,4
random_21,2026-08-06,18,4,-1.0,True,5
random_21,2026-08-07,18,0,2.0,False,6
random_21,2026-08-08,18,12,3.0,True,7
random_21,2026-08-09,18,6,-0.0,False,8
random_21,2026-08-10,18,5,-2.0,True,9
random_21,2026-08-11,18,2,-0.0,False,10
random_21,2026-08-12,18,19,1.0,True,11
random_21,2026-08-13,18,13,-1.0,False,12
random_21,2026-08-14,18,16,-3.0,False,13
random_21,2026-08-15,18,17,0.0,True,14
random_21,2026-08-16,18,7,-5.0,True,15
random_21,2026-08-17,18,8,-0.0,False,16
random_21,2026-08-18,18,15,-1.0,False,17
random_21,2026-08-19,18,10,-2.0,True,18
random_21,2026-08-20,18,13,1.0,True,19
random_21,2026-08-21,18,5,-5.0,False,20
random_21,2026-08-22,18,6,4.0,True,21
random_21,2026-08-23,18,19,-3.0,False,22
random_21,2026-08-24,18,2,2.0,True,23
random_21,2026-08-25,18,10,-0.0,False,24
random_21,2026-08-26,18,8,2.0,True,25
random_21,2026-08-27,18,7,-1.0,False,26
random_21,2026-08-28,18,15,-4.0,True,27
random_21,2026-08-29,18,3,1.0,True,28
random_21,2026-08-30,18,1,1.0,False,29
random_21,2026-08-31,18,11,3.0,True,30
random_21,2026-09-01,18,9,2.0,False,31
random_21,2026-09-02,18,17,1.0,False,32
random_21,2026-09-03,18,16,0.0,True,33
random_21,2026-09-04,18,4,-1.0,False,34
random_21,2026-09-05,18,0,6.0,True,35
random_21,2026-09-06,18,12,1.0,False,36
random_21,2026-09-07,18,14,-2.0,True,37
random_21,2026-08-01,19,3,2.0,False,0
random_21,2026-08-02,19,16,1.0,True,1
random_21,2026-08-03,19,17,-0.0,False,2
random_21,2026-08-04,19,8,2.0,True,3
random_21,2026-08-05,19,2,-2.0,True,4
random_21,2026-08-06,19,15,1.0,False,5
random_21,2026-08-07,19,6,-1.0,True,6
random_21,2026-08-08,19,5,1.0,False,7
random_21,2026-08-09,19,7,-3.0,True,8
random_21,2026-08-10,19,12,-0.0,False,9
random_21,2026-08-11,19,11,-1.0,True,10
random_21,2026-08-12,19,18,-1.0,False,11
random_21,2026-08-13,19,9,0.0,True,12
random_21,2026-08-14,19,1,1.0,True,13
random_21,2026-08-15,19,10,1.0,False,14
random_21,2026-08-16,19,13,-0.0,False,15
random_21,2026-08-17,19,0,0.0,True,16
random_21,2026-08-18,19,4,-3.0,True,17
random_21,2026-08-19,19,14,3.0,False,18
random_21,2026-08-20,19,9,-0.0,False,19
random_21,2026-08-21,19,12,-3.0,True,20
random_21,2026-08-22,19,7,1.0,False,21
random_21,2026-08-23,19,18,3.0,True,22
random_21,2026-08-24,19,11,-0.0,False,23
random_21,2026-08-25,19,14,1.0,True,24
random_21,2026-08-26,19,4,-1.0,False,25
random_21,2026-08-27,19,13,-1.0,True,26
random_21,2026-08-28,19,0,-2.0,False,27
random_21,2026-08-29,19,17,-2.0,True,28
random_21,2026-08-30,19,8,1.0,False,29
random_21,2026-08-31,19,3,-4.0,True,30
random_21,2026-09-01,19,16,-0.0,False,31
random_21,2026-09-02,19,10,-1.0,True,32
random_21,2026-09-03,19,1,-0.0,False,33
random_21,2026-09-04,19,5,0.0,True,34
random_21,2026-09-05,19,6,5.0,False,35
random_21,2026-09-06,19,15,-1.0,True,36
random_21,2026-09-07,19,2,-0.0,False,37
random_22,2026-08-01,0,14,-0.0,False,0
random_22,2026-08-02,0,8,-2.0,True,1
random_22,2026-08-03,0,16,1.0,False,2
random_22,2026-08-04,0,3,1.0,True,3
random_22,2026-08-05,0,13,2.0,True,4
random_22,2026-08-06,0,5,3.0,False,5
random_22,2026-08-07,0,18,2.0,True,6
random_22,2026-08-08,0,15,-1.0,False,7
random_22,2026-08-09,0,12,1.0,True,8
random_22,2026-08-10,0,11,1.0,False,9
random_22,2026-08-11,0,17,-2.0,True,10
random_22,2026-08-12,0,9,-1.0,False,11
random_22,2026-08-13,0,4,0.0,True,12
random_22,2026-08-14,0,10,0.0,True,13
random_22,2026-08-15,0,1,2.0,False,14
random_22,2026-08-16,0,6,1.0,True,15
random_22,2026-08-17,0,19,6.0,False,16
random_22,2026-08-18,0,7,1.0,False,17
random_22,2026-08-19,0,2,3.0,True,18
random_22,2026-08-20,0,4,-0.0,False,19
random_22,2026-08-21,0,11,2.0,True,20
random_22,2026-08-22,0,17,1.0,False,21
random_22,2026-08-23,0,9,-1.0,True,22
random_22,2026-08-24,0,12,-2.0,False,23
random_22,2026-08-25,0,2,1.0,False,24
random_22,2026-08-26,0,7,-1.0,True,25
random_22,2026-08-27,0,6,-2.0,False,26
random_22,2026-08-28,0,19,2.0,True,27
random_22,2026-08-29,0,16,0.0,True,28
random_22,2026-08-30,0,3,1.0,False,29
random_22,2026-08-31,0,14,-1.0,True,30
random_22,2026-09-01,0,8,-0.0,False,31
random_22,2026-09-02,0,1,-1.0,True,32
random_22,2026-09-03,0,10,-1.0,False,33
random_22,2026-09-04,0,15,2.0,True,34
random_22,2026-09-05,0,18,1.0,False,35
random_22,2026-09-06,0,5,3.0,True,36
random_22,2026-09-07,0,13,-2.0,False,37
random_22,2026-08-01,1,6,3.0,True,0
random_22,2026-08-02,1,2,1.0,False,1
random_22,2026-08-03,1,5,-3.0,True,2
random_22,2026-08-04,1,18,2.0,False,3
random_22,2026-08-05,1,4,1.0,False,4
random_22,2026-08-06,1,12,2.0,True,5
random_22,2026-08-07,1,17,-1.0,False,6
random_22,2026-08-08,1,8,0.0,True,7
random_22,2026-08-09,1,13,-0.0,False,8
random_22,2026-08-10,1,10,1.0,True,9
random_22,2026-08-11,1,16,-0.0,False,10
random_22,2026-08-12,1,14,1.0,True,11
random_22,2026-08-13,1,3,-6.0,False,12
random_22,2026-08-14,1,19,-0.0,False,13
random_22,2026-08-15,1,0,-2.0,True,14
random_22,2026-08-16,1,15,1.0,True,15
random_22,2026-08-17,1,7,-1.0,False,16
random_22,2026-08-18,1,9,-1.0,False,17
random_22,2026-08-19,1,11,0.0,True,18
random_22,2026-08-20,1,3,0.0,True,19
random_22,2026-08-21,1,10,-1.0,False,20
random_22,2026-08-22,1,16,0.0,True,21
random_22,2026-08-23,1,14,1.0,False,22
random_22,2026-08-24,1,13,3.0,True,23
random_22,2026-08-25,1,11,1.0,False,24
random_22,2026-08-26,1,9,-1.0,True,25
random_22,2026-08-27,1,15,-2.0,False,26
random_22,2026-08-28,1,7,1.0,True,27
random_22,2026-08-29,1,5,-1.0,False,28
random_22,2026-08-30,1,18,2.0,True,29
random_22,2026-08-31,1,6,2.0,False,30
random_22,2026-09-01,1,2,1.0,True,31
random_22,2026-09-02,1,0,1.0,False,32
random_22,2026-09-03,1,19,-4.0,True,33
random_22,2026-09-04,1,12,4.0,False,34
random_22,2026-09-05,1,17,0.0,True,35
random_22,2026-09-06,1,8,3.0,False,36
random_22,2026-09-07,1,4,-4.0,True,37
random_22,2026-08-01,2,4,2.0,False,0
random_22,2026-08-02,2,1,-1.0,True,1
random_22,2026-08-03,2,10,-1.0,False,2
random_22,2026-08-04,2,17,2.0,True,3
random_22,2026-08-05,2,19,-0.0,False,4
random_22,2026-08-06,2,3,-2.0,True,5
random_22,2026-08-07,2,16,3.0,False,6
random_22,2026-08-08,2,14,3.0,True,7
random_22,2026-08-09,2,9,-2.0,True,8
random_22,2026-08-10,2,15,-1.0,False,9
random_22,2026-08-11,2,18,-1.0,True,10
random_22,2026-08-12,2,11,-2.0,False,11
random_22,2026-08-13,2,8,-2.0,True,12
random_22,2026-08-14,2,7,1.0,True,13
random_22,2026-08-15,2,6,-0.0,False,14
random_22,2026-08-16,2,5,1.0,False,15
random_22,2026-08-17,2,12,-2.0,True,16
random_22,2026-08-18,2,13,3.0,True,17
random_22,2026-08-19,2,0,-3.0,False,18
random_22,2026-08-20,2,8,4.0,False,19
random_22,2026-08-21,2,15,-3.0,True,20
random_22,2026-08-22,2,9,2.0,False,21
random_22,2026-08-23,2,11,-3.0,True,22
random_22,2026-08-24,2,18,2.0,False,23
random_22,2026-08-25,2,0,-1.0,True,24
random_22,2026-08-26,2,12,-1.0,False,25
random_22,2026-08-27,2,5,-1.0,True,26
random_22,2026-08-28,2,13,-0.0,False,27
random_22,2026-08-29,2,10,2.0,True,28
random_22,2026-08-30,2,17,-3.0,False,29
random_22,2026-08-31,2,4,0.0,True,30
random_22,2026-09-01,2,1,-1.0,False,31
random_22,2026-09-02,2,6,0.0,True,32
random_22,2026-09-03,2,7,1.0,False,33
random_22,2026-09-04,2,3,-0.0,False,34
random_22,2026-09-05,2,16,2.0,True,35
random_22,2026-09-06,2,14,3.0,False,36
random_22,2026-09-07,2,19,0.0,True,37
random_22,2026-08-01,3,19,0.0,True,0
random_22,2026-08-02,3,12,4.0,False,1
random_22,2026-08-03,3,18,2.0,True,2
random_22,2026-08-04,3,0,-1.0,False,3
random_22,2026-08-05,3,5,0.0,True,4
random_22,2026-08-06,3,2,2.0,False,5
random_22,2026-08-07,3,13,0.0,True,6
random_22,2026-08-08,3,10,1.0,False,7
random_22,2026-08-09,3,17,2.0,True,8
random_22,2026-08-10,3,4,-1.0,False,9
random_22,2026-08-11,3,8,0.0,True,10
random_22,2026-08-12,3,15,-0.0,False,11
random_22,2026-08-13,3,1,6.0,True,12
random_22,2026-08-14,3,14,0.0,True,13
random_22,2026-08-15,3,9,1.0,False,14
random_22,2026-08-16,3,16,-2.0,True,15
random_22,2026-08-17,3,11,-0.0,False,16
random_22,2026-08-18,3,6,-0.0,False,17
random_22,2026-08-19,3,7,2.0,True,18
random_22,2026-08-20,3,1,-0.0,False,19
random_22,2026-08-21,3,4,1.0,True,20
random_22,2026-08-22,3,8,-0.0,False,21
random_22,2026-08-23,3,15,-2.0,True,22
random_22,2026-08-24,3,17,-0.0,False,23
random_22,2026-08-25,3,7,-2.0,False,24
random_22,2026-08-26,3,6,-2.0,True,25
random_22,2026-08-27,3,16,-3.0,False,26
random_22,2026-08-28,3,11,-1.0,True,27
random_22,2026-08-29,3,18,2.0,False,28
random_22,2026-08-30,3,0,-1.0,True,29
random_22,2026-08-31,3,19,3.0,False,30
random_22,2026-09-01,3,12,-1.0,True,31
random_22,2026-09-02,3,9,-1.0,True,32
random_22,2026-09-03,3,14,2.0,False,33
random_22,2026-09-04,3,2,0.0,True,34
random_22,2026-09-05,3,13,-1.0,False,35
random_22,2026-09-06,3,10,-1.0,True,36
random_22,2026-09-07,3,5,-1.0,False,37
random_22,2026-08-01,4,2,-2.0,True,0
random_22,2026-08-02,4,5,-1.0,False,1
random_22,2026-08-03,4,12,3.0,True,2
random_22,2026-08-04,4,6,-1.0,False,3
random_22,2026-08-05,4,1,-1.0,True,4
random_22,2026-08-06,4,18,-2.0,False,5
random_22,2026-08-07,4,7,0.0,True,6
random_22,2026-08-08,4,13,-0.0,False,7
random_22,2026-08-09,4,14,-1.0,False,8
random_22,2026-08-10,4,3,1.0,True,9
random_22,2026-08-11,4,10,1.0,False,10
random_22,2026-08-12,4,16,0.0,True,11
random_22,2026-08-13,4,0,-0.0,False,12
random_22,2026-08-14,4,17,-0.0,False,13
random_22,2026-08-15,4,8,3.0,True,14
random_22,2026-08-16,4,11,1.0,True,15
random_22,2026-08-17,4,9,-0.0,False,16
random_22,2026-08-18,4,19,4.0,False,17
random_22,2026-08-19,4,15,-4.0,True,18
random_22,2026-08-20,4,0,0.0,True,19
random_22,2026-08-21,4,3,-1.0,False,20
random_22,2026-08-22,4,14,-1.0,True,21
random_22,2026-08-23,4,16,1.0,False,22
random_22,2026-08-24,4,10,-2.0,True,23
random_22,2026-08-25,4,15,-0.0,False,24
random_22,2026-08-26,4,19,0.0,True,25
random_22,2026-08-27,4,11,-0.0,False,26
random_22,2026-08-28,4,9,-1.0,True,27
random_22,2026-08-29,4,12,3.0,False,28
random_22,2026-08-30,4,6,1.0,True,29
random_22,2026-08-31,4,2,-0.0,False,30
random_22,2026-09-01,4,5,1.0,True,31
random_22,2026-09-02,4,8,-3.0,False,32
random_22,2026-09-03,4,17,-2.0,True,33
random_22,2026-09-04,4,18,0.0,True,34
random_22,2026-09-05,4,7,-1.0,False,35
random_22,2026-09-06,4,13,2.0,True,36
random_22,2026-09-07,4,1,4.0,False,37
random_22,2026-08-01,5,9,1.0,False,0
random_22,2026-08-02,5,4,1.0,True,1
random_22,2026-08-03,5,1,3.0,False,2
random_22,2026-08-04,5,10,0.0,True,3
random_22,2026-08-05,5,3,-0.0,False,4
random_22,2026-08-06,5,0,-3.0,True,5
random_22,2026-08-07,5,8,-1.0,False,6
random_22,2026-08-08,5,19,-1.0,True,7
random_22,2026-08-09,5,15,-2.0,True,8
random_22,2026-08-10,5,18,-1.0,False,9
random_22,2026-08-11,5,12,1.0,True,10
random_22,2026-08-12,5,17,1.0,False,11
random_22,2026-08-13,5,7,0.0,True,12
random_22,2026-08-14,5,13,0.0,True,13
random_22,2026-08-15,5,14,2.0,False,14
random_22,2026-08-16,5,2,-1.0,True,15
random_22,2026-08-17,5,6,-1.0,False,16
random_22,2026-08-18,5,11,-1.0,False,17
random_22,2026-08-19,5,16,2.0,True,18
random_22,2026-08-20,5,7,-1.0,False,19
random_22,2026-08-21,5,18,0.0,True,20
random_22,2026-08-22,5,12,2.0,False,21
random_22,2026-08-23,5,17,-1.0,True,22
random_22,2026-08-24,5,15,1.0,False,23
random_22,2026-08-25,5,16,1.0,False,24
random_22,2026-08-26,5,11,2.0,True,25
random_22,2026-08-27,5,2,1.0,False,26
random_22,2026-08-28,5,6,1.0,True,27
random_22,2026-08-29,5,1,1.0,True,28
random_22,2026-08-30,5,10,3.0,False,29
random_22,2026-08-31,5,9,2.0,True,30
random_22,2026-09-01,5,4,-1.0,False,31
random_22,2026-09-02,5,14,2.0,True,32
random_22,2026-09-03,5,13,2.0,False,33
random_22,2026-09-04,5,19,-4.0,False,34
random_22,2026-09-05,5,8,3.0,True,35
random_22,2026-09-06,5,0,-3.0,False,36
random_22,2026-09-07,5,3,1.0,True,37
random_22,2026-08-01,6,1,-3.0,False,0
random_22,2026-08-02,6,10,-2.0,True,1
random_22,2026-08-03,6,14,-4.0,False,2
random_22,2026-08-04,6,4,1.0,True,3
random_22,2026-08-05,6,17,-0.0,False,4
random_22,2026-08-06,6,16,3.0,True,5
random_22,2026-08-07,6,19,-2.0,False,6
random_22,2026-08-08,6,9,-1.0,True,7
random_22,2026-08-09,6,18,-1.0,True,8
random_22,2026-08-10,6,8,1.0,False,9
random_22,2026-08-11,6,7,0.0,True,10
random_22,2026-08-12,6,12,-0.0,False,11
random_22,2026-08-13,6,11,0.0,True,12
random_22,2026-08-14,6,15,-2.0,False,13
random_22,2026-08-15,6,2,0.0,True,14
random_22,2026-08-16,6,0,-1.0,False,15
random_22,2026-08-17,6,5,1.0,True,16
random_22,2026-08-18,6,3,0.0,True,17
random_22,2026-08-19,6,13,-2.0,False,18
random_22,2026-08-20,6,11,-2.0,False,19
random_22,2026-08-21,6,8,-1.0,True,20
random_22,2026-08-22,6,18,1.0,False,21
random_22,2026-08-23,6,12,-1.0,True,22
random_22,2026-08-24,6,7,-1.0,False,23
random_22,2026-08-25,6,13,2.0,True,24
random_22,2026-08-26,6,3,2.0,False,25
random_22,2026-08-27,6,0,2.0,True,26
random_22,2026-08-28,6,5,-1.0,False,27
random_22,2026-08-29,6,14,0.0,True,28
random_22,2026-08-30,6,4,-1.0,False,29
random_22,2026-08-31,6,1,-2.0,True,30
random_22,2026-09-01,6,10,-2.0,False,31
random_22,2026-09-02,6,2,-0.0,False,32
random_22,2026-09-03,6,15,0.0,True,33
random_22,2026-09-04,6,16,-4.0,False,34
random_22,2026-09-05,6,19,-2.0,True,35
random_22,2026-09-06,6,9,-3.0,False,36
random_22,2026-09-07,6,17,1.0,True,37
random_22,2026-08-01,7,8,-2.0,False,0
random_22,2026-08-02,7,14,0.0,True,1
random_22,2026-08-03,7,9,-0.0,False,2
random_22,2026-08-04,7,11,-1.0,True,3
random_22,2026-08-05,7,12,-2.0,False,4
random_22,2026-08-06,7,17,2.0,True,5
random_22,2026-08-07,7,4,-0.0,False,6
random_22,2026-08-08,7,16,-1.0,True,7
random_22,2026-08-09,7,19,-2.0,False,8
random_22,2026-08-10,7,13,0.0,True,9
random_22,2026-08-11,7,6,-0.0,False,10
random_22,2026-08-12,7,10,0.0,True,11
random_22,2026-08-13,7,5,-0.0,False,12
random_22,2026-08-14,7,2,-1.0,False,13
random_22,2026-08-15,7,15,3.0,True,14
random_22,2026-08-16,7,18,-1.0,False,15
random_22,2026-08-17,7,1,1.0,True,16
random_22,2026-08-18,7,0,-1.0,True,17
random_22,2026-08-19,7,3,-2.0,False,18
random_22,2026-08-20,7,5,1.0,True,19
random_22,2026-08-21,7,13,4.0,False,20
random_22,2026-08-22,7,19,2.0,True,21
random_22,2026-08-23,7,10,-2.0,False,22
random_22,2026-08-24,7,6,1.0,True,23
random_22,2026-08-25,7,3,2.0,True,24
random_22,2026-08-26,7,0,1.0,False,25
random_22,2026-08-27,7,18,2.0,True,26
random_22,2026-08-28,7,1,-1.0,False,27
random_22,2026-08-29,7,9,-1.0,True,28
random_22,2026-08-30,7,11,-1.0,False,29
random_22,2026-08-31,7,8,-1.0,True,30
random_22,2026-09-01,7,14,1.0,False,31
random_22,2026-09-02,7,15,-2.0,False,32
random_22,2026-09-03,7,2,-1.0,True,33
random_22,2026-09-04,7,17,-1.0,False,34
random_22,2026-09-05,7,4,1.0,True,35
random_22,2026-09-06,7,16,-0.0,False,36
random_22,2026-09-07,7,12,2.0,True,37
random_22,2026-08-01,8,7,2.0,True,0
random_22,2026-08-02,8,0,2.0,False,1
random_22,2026-08-03,8,15,7.0,True,2
random_22,2026-08-04,8,19,2.0,False,3
random_22,2026-08-05,8,11,3.0,True,4
random_22,2026-08-06,8,10,1.0,False,5
random_22,2026-08-07,8,5,1.0,True,6
random_22,2026-08-08,8,1,-0.0,False,7
random_22,2026-08-09,8,16,-3.0,False,8
random_22,2026-08-10,8,6,-1.0,True,9
random_22,2026-08-11,8,3,-0.0,False,10
random_22,2026-08-12,8,13,1.0,True,11
random_22,2026-08-13,8,2,2.0,False,12
random_22,2026-08-14,8,9,5.0,True,13
random_22,2026-08-15,8,4,-3.0,False,14
random_22,2026-08-16,8,17,-0.0,False,15
random_22,2026-08-17,8,18,0.0,True,16
random_22,2026-08-18,8,14,-3.0,True,17
random_22,2026-08-19,8,12,2.0,False,18
random_22,2026-08-20,8,2,-4.0,True,19
random_22,2026-08-21,8,6,1.0,False,20
random_22,2026-08-22,8,3,0.0,True,21
random_22,2026-08-23,8,13,1.0,False,22
random_22,2026-08-24,8,16,3.0,True,23
random_22,2026-08-25,8,12,-4.0,True,24
random_22,2026-08-26,8,18,2.0,False,25
random_22,2026-08-27,8,17,-1.0,True,26
random_22,2026-08-28,8,14,-0.0,False,27
random_22,2026-08-29,8,15,-1.0,False,28
random_22,2026-08-30,8,19,3.0,True,29
random_22,2026-08-31,8,7,1.0,False,30
random_22,2026-09-01,8,0,0.0,True,31
random_22,2026-09-02,8,4,3.0,True,32
random_22,2026-09-03,8,9,2.0,False,33
random_22,2026-09-04,8,10,2.0,True,34
random_22,2026-09-05,8,5,-3.0,False,35
random_22,2026-09-06,8,1,-3.0,True,36
random_22,2026-09-07,8,11,2.0,False,37
random_22,2026-08-01,9,5,-1.0,True,0
random_22,2026-08-02,9,18,-2.0,False,1
random_22,2026-08-03,9,7,0.0,True,2
random_22,2026-08-04,9,13,1.0,False,3
random_22,2026-08-05,9,15,-1.0,True,4
random_22,2026-08-06,9,11,-2.0,False,5
random_22,2026-08-07,9,10,0.0,True,6
random_22,2026-08-08,9,6,1.0,False,7
random_22,2026-08-09,9,2,2.0,False,8
random_22,2026-08-10,9,16,1.0,True,9
random_22,2026-08-11,9,14,2.0,False,10
random_22,2026-08-12,9,0,1.0,True,11
random_22,2026-08-13,9,19,-0.0,False,12
random_22,2026-08-14,9,8,-5.0,False,13
random_22,2026-08-15,9,3,-1.0,True,14
random_22,2026-08-16,9,12,1.0,False,15
random_22,2026-08-17,9,4,0.0,True,16
random_22,2026-08-18,9,1,1.0,True,17
random_22,2026-08-19,9,17,-2.0,False,18
random_22,2026-08-20,9,19,0.0,True,19
random_22,2026-08-21,9,16,4.0,False,20
random_22,2026-08-22,9,2,-2.0,True,21
random_22,2026-08-23,9,0,1.0,False,22
random_22,2026-08-24,9,14,0.0,True,23
random_22,2026-08-25,9,17,1.0,True,24
random_22,2026-08-26,9,1,1.0,False,25
random_22,2026-08-27,9,12,4.0,True,26
random_22,2026-08-28,9,4,1.0,False,27
random_22,2026-08-29,9,7,1.0,False,28
random_22,2026-08-30,9,13,1.0,True,29
random_22,2026-08-31,9,5,-2.0,False,30
random_22,2026-09-01,9,18,-2.0,True,31
random_22,2026-09-02,9,3,1.0,False,32
random_22,2026-09-03,9,8,-2.0,True,33
random_22,2026-09-04,9,11,-1.0,True,34
random_22,2026-09-05,9,10,1.0,False,35
random_22,2026-09-06,9,6,3.0,True,36
random_22,2026-09-07,9,15,-1.0,False,37
random_22,2026-08-01,10,15,-2.0,True,0
random_22,2026-08-02,10,6,2.0,False,1
random_22,2026-08-03,10,2,1.0,True,2
random_22,2026-08-04,10,5,-0.0,False,3
random_22,2026-08-05,10,16,-0.0,False,4
random_22,2026-08-06,10,8,-1.0,True,5
random_22,2026-08-07,10,9,-0.0,False,6
random_22,2026-08-08,10,3,-1.0,True,7
random_22,2026-08-09,10,11,-1.0,True,8
random_22,2026-08-10,10,1,-1.0,False,9
random_22,2026-08-11,10,4,-1.0,True,10
random_22,2026-08-12,10,7,-0.0,False,11
random_22,2026-08-13,10,17,-3.0,True,12
random_22,2026-08-14,10,0,-0.0,False,13
random_22,2026-08-15,10,19,0.0,True,14
random_22,2026-08-16,10,14,-1.0,False,15
random_22,2026-08-17,10,13,-1.0,True,16
random_22,2026-08-18,10,12,0.0,True,17
random_22,2026-08-19,10,18,-0.0,False,18
random_22,2026-08-20,10,17,-0.0,False,19
random_22,2026-08-21,10,1,1.0,True,20
random_22,2026-08-22,10,11,-0.0,False,21
random_22,2026-08-23,10,7,2.0,True,22
random_22,2026-08-24,10,4,2.0,False,23
random_22,2026-08-25,10,18,2.0,True,24
random_22,2026-08-26,10,13,-0.0,False,25
random_22,2026-08-27,10,14,-1.0,True,26
random_22,2026-08-28,10,12,-0.0,False,27
random_22,2026-08-29,10,2,-2.0,False,28
random_22,2026-08-30,10,5,-3.0,True,29
random_22,2026-08-31,10,15,-1.0,False,30
random_22,2026-09-01,10,6,2.0,True,31
random_22,2026-09-02,10,19,1.0,False,32
random_22,2026-09-03,10,0,1.0,True,33
random_22,2026-09-04,10,8,-2.0,False,34
random_22,2026-09-05,10,9,-1.0,True,35
random_22,2026-09-06,10,3,1.0,False,36
random_22,2026-09-07,10,16,-3.0,True,37
random_22,2026-08-01,11,18,2.0,True,0
random_22,2026-08-02,11,15,3.0,False,1
random_22,2026-08-03,11,13,-1.0,True,2
random_22,2026-08-04,11,7,1.0,False,3
random_22,2026-08-05,11,8,-3.0,False,4
random_22,2026-08-06,11,9,2.0,True,5
random_22,2026-08-07,11,14,-2.0,False,6
random_22,2026-08-08,11,17,-1.0,True,7
random_22,2026-08-09,11,10,1.0,False,8
random_22,2026-08-10,11,0,-1.0,True,9
random_22,2026-08-11,11,19,-1.0,False,10
random_22,2026-08-12,11,2,2.0,True,11
random_22,2026-08-13,11,6,-0.0,False,12
random_22,2026-08-14,11,12,-0.0,False,13
random_22,2026-08-15,11,16,0.0,True,14
random_22,2026-08-16,11,4,-1.0,False,15
random_22,2026-08-17,11,3,0.0,True,16
random_22,2026-08-18,11,5,1.0,True,17
random_22,2026-08-19,11,1,-0.0,False,18
random_22,2026-08-20,11,6,2.0,True,19
random_22,2026-08-21,11,0,-2.0,False,20
random_22,2026-08-22,11,10,0.0,True,21
random_22,2026-08-23,11,2,3.0,False,22
random_22,2026-08-24,11,19,1.0,True,23
random_22,2026-08-25,11,1,-1.0,True,24
random_22,2026-08-26,11,5,-2.0,False,25
random_22,2026-08-27,11,4,0.0,True,26
random_22,2026-08-28,11,3,1.0,False,27
random_22,2026-08-29,11,13,-4.0,False,28
random_22,2026-08-30,11,7,1.0,True,29
random_22,2026-08-31,11,18,-0.0,False,30
random_22,2026-09-01,11,15,1.0,True,31
random_22,2026-09-02,11,16,1.0,False,32
random_22,2026-09-03,11,12,-2.0,True,33
random_22,2026-09-04,11,9,1.0,False,34
random_22,2026-09-05,11,14,0.0,True,35
random_22,2026-09-06,11,17,-1.0,False,36
random_22,2026-09-07,11,8,-2.0,True,37
random_22,2026-08-01,12,17,-0.0,False,0
random_22,2026-08-02,12,3,-4.0,True,1
random_22,2026-08-03,12,4,-3.0,False,2
random_22,2026-08-04,12,16,5.0,True,3
random_22,2026-08-05,12,7,2.0,True,4
random_22,2026-08-06,12,1,-2.0,False,5
random_22,2026-08-07,12,15,-2.0,True,6
random_22,2026-08-08,12,18,-4.0,False,7
random_22,2026-08-09,12,0,-1.0,False,8
random_22,2026-08-10,12,19,0.0,True,9
random_22,2026-08-11,12,5,-1.0,False,10
random_22,2026-08-12,12,6,0.0,True,11
random_22,2026-08-13,12,14,-3.0,False,12
random_22,2026-08-14,12,11,0.0,True,13
random_22,2026-08-15,12,13,-1.0,False,14
random_22,2026-08-16,12,9,-1.0,True,15
random_22,2026-08-17,12,2,2.0,False,16
random_22,2026-08-18,12,10,-0.0,False,17
random_22,2026-08-19,12,8,-2.0,True,18
random_22,2026-08-20,12,14,0.0,True,19
random_22,2026-08-21,12,19,1.0,False,20
random_22,2026-08-22,12,5,-2.0,True,21
random_22,2026-08-23,12,6,1.0,False,22
random_22,2026-08-24,12,0,2.0,True,23
random_22,2026-08-25,12,8,4.0,False,24
random_22,2026-08-26,12,2,1.0,True,25
random_22,2026-08-27,12,9,-4.0,False,26
random_22,2026-08-28,12,10,0.0,True,27
random_22,2026-08-29,12,4,-3.0,True,28
random_22,2026-08-30,12,16,5.0,False,29
random_22,2026-08-31,12,17,0.0,True,30
random_22,2026-09-01,12,3,1.0,False,31
random_22,2026-09-02,12,13,1.0,True,32
random_22,2026-09-03,12,11,2.0,False,33
random_22,2026-09-04,12,1,-4.0,True,34
random_22,2026-09-05,12,15,-1.0,False,35
random_22,2026-09-06,12,18,1.0,True,36
random_22,2026-09-07,12,7,-2.0,False,37
random_22,2026-08-01,13,16,-0.0,False,0
random_22,2026-08-02,13,17,-2.0,True,1
random_22,2026-08-03,13,11,1.0,False,2
random_22,2026-08-04,13,9,-1.0,True,3
random_22,2026-08-05,13,0,-2.0,False,4
random_22,2026-08-06,13,14,-2.0,True,5
random_22,2026-08-07,13,3,-0.0,False,6
random_22,2026-08-08,13,4,0.0,True,7
random_22,2026-08-09,13,1,0.0,True,8
random_22,2026-08-10,13,7,-0.0,False,9
random_22,2026-08-11,13,15,3.0,True,10
random_22,2026-08-12,13,8,-1.0,False,11
random_22,2026-08-13,13,18,-2.0,True,12
random_22,2026-08-14,13,5,-0.0,False,13
random_22,2026-08-15,13,12,1.0,True,14
random_22,2026-08-16,13,19,1.0,True,15
random_22,2026-08-17,13,10,1.0,False,16
random_22,2026-08-18,13,2,-3.0,False,17
random_22,2026-08-19,13,6,2.0,True,18
random_22,2026-08-20,13,18,-0.0,False,19
random_22,2026-08-21,13,7,-4.0,True,20
random_22,2026-08-22,13,15,-1.0,False,21
random_22,2026-08-23,13,8,-1.0,True,22
random_22,2026-08-24,13,1,-3.0,False,23
random_22,2026-08-25,13,6,-2.0,False,24
random_22,2026-08-26,13,10,0.0,True,25
random_22,2026-08-27,13,19,-0.0,False,26
random_22,2026-08-28,13,2,0.0,True,27
random_22,2026-08-29,13,11,4.0,True,28
random_22,2026-08-30,13,9,-1.0,False,29
random_22,2026-08-31,13,16,-1.0,True,30
random_22,2026-09-01,13,17,-0.0,False,31
random_22,2026-09-02,13,12,-1.0,False,32
random_22,2026-09-03,13,5,-2.0,True,33
random_22,2026-09-04,13,14,-0.0,False,34
random_22,2026-09-05,13,3,1.0,True,35
random_22,2026-09-06,13,4,-2.0,False,36
random_22,2026-09-07,13,0,2.0,True,37
random_22,2026-08-01,14,0,0.0,True,0
random_22,2026-08-02,14,7,-0.0,False,1
random_22,2026-08-03,14,6,4.0,True,2
random_22,2026-08-04,14,15,-3.0,False,3
random_22,2026-08-05,14,18,0.0,True,4
random_22,2026-08-06,14,13,2.0,False,5
random_22,2026-08-07,14,11,2.0,True,6
random_22,2026-08-08,14,2,-3.0,False,7
random_22,2026-08-09,14,4,1.0,True,8
random_22,2026-08-10,14,17,1.0,False,9
random_22,2026-08-11,14,9,-2.0,True,10
random_22,2026-08-12,14,1,-1.0,False,11
random_22,2026-08-13,14,12,3.0,True,12
random_22,2026-08-14,14,3,-0.0,False,13
random_22,2026-08-15,14,5,-2.0,True,14
random_22,2026-08-16,14,10,1.0,True,15
random_22,2026-08-17,14,16,-0.0,False,16
random_22,2026-08-18,14,8,3.0,False,17
random_22,2026-08-19,14,19,3.0,True,18
random_22,2026-08-20,14,12,-0.0,False,19
random_22,2026-08-21,14,17,-1.0,True,20
random_22,2026-08-22,14,4,1.0,False,21
random_22,2026-08-23,14,1,-1.0,True,22
random_22,2026-08-24,14,9,-0.0,False,23
random_22,2026-08-25,14,19,-3.0,False,24
random_22,2026-08-26,14,16,0.0,True,25
random_22,2026-08-27,14,10,1.0,False,26
random_22,2026-08-28,14,8,0.0,True,27
random_22,2026-08-29,14,6,-0.0,False,28
random_22,2026-08-30,14,15,0.0,True,29
random_22,2026-08-31,14,0,1.0,False,30
random_22,2026-09-01,14,7,-1.0,True,31
random_22,2026-09-02,14,5,-2.0,False,32
random_22,2026-09-03,14,3,-2.0,True,33
random_22,2026-09-04,14,13,0.0,True,34
random_22,2026-09-05,14,11,-0.0,False,35
random_22,2026-09-06,14,2,-3.0,True,36
random_22,2026-09-07,14,18,4.0,False,37
random_22,2026-08-01,15,10,2.0,False,0
random_22,2026-08-02,15,11,-3.0,True,1
random_22,2026-08-03,15,8,-7.0,False,2
random_22,2026-08-04,15,14,3.0,True,3
random_22,2026-08-05,15,9,1.0,False,4
random_22,2026-08-06,15,19,-3.0,True,5
random_22,2026-08-07,15,12,2.0,False,6
random_22,2026-08-08,15,0,1.0,True,7
random_22,2026-08-09,15,5,2.0,False,8
random_22,2026-08-10,15,2,1.0,True,9
random_22,2026-08-11,15,13,-3.0,False,10
random_22,2026-08-12,15,3,0.0,True,11
random_22,2026-08-13,15,16,-5.0,False,12
random_22,2026-08-14,15,6,2.0,True,13
random_22,2026-08-15,15,7,-3.0,False,14
random_22,2026-08-16,15,1,-1.0,False,15
random_22,2026-08-17,15,17,-2.0,True,16
random_22,2026-08-18,15,18,-2.0,True,17
random_22,2026-08-19,15,4,4.0,False,18
random_22,2026-08-20,15,16,3.0,True,19
random_22,2026-08-21,15,2,3.0,False,20
random_22,2026-08-22,15,13,1.0,True,21
random_22,2026-08-23,15,3,2.0,False,22
random_22,2026-08-24,15,5,-1.0,True,23
random_22,2026-08-25,15,4,0.0,True,24
random_22,2026-08-26,15,17,-1.0,False,25
random_22,2026-08-27,15,1,2.0,True,26
random_22,2026-08-28,15,18,1.0,False,27
random_22,2026-08-29,15,8,1.0,True,28
random_22,2026-08-30,15,14,-0.0,False,29
random_22,2026-08-31,15,10,1.0,True,30
random_22,2026-09-01,15,11,-1.0,False,31
random_22,2026-09-02,15,7,2.0,True,32
random_22,2026-09-03,15,6,-0.0,False,33
random_22,2026-09-04,15,0,-2.0,False,34
random_22,2026-09-05,15,12,1.0,True,35
random_22,2026-09-06,15,19,-2.0,False,36
random_22,2026-09-07,15,9,1.0,True,37
random_22,2026-08-01,16,13,0.0,True,0
random_22,2026-08-02,16,19,1.0,False,1
random_22,2026-08-03,16,0,-1.0,True,2
random_22,2026-08-04,16,12,-5.0,False,3
random_22,2026-08-05,16,10,0.0,True,4
random_22,2026-08-06,16,6,-3.0,False,5
random_22,2026-08-07,16,2,-3.0,True,6
random_22,2026-08-08,16,7,1.0,False,7
random_22,2026-08-09,16,8,3.0,True,8
random_22,2026-08-10,16,9,-1.0,False,9
random_22,2026-08-11,16,1,0.0,True,10
random_22,2026-08-12,16,4,-0.0,False,11
random_22,2026-08-13,16,15,5.0,True,12
random_22,2026-08-14,16,18,2.0,True,13
random_22,2026-08-15,16,11,-0.0,False,14
random_22,2026-08-16,16,3,2.0,False,15
random_22,2026-08-17,16,14,0.0,True,16
random_22,2026-08-18,16,17,2.0,True,17
random_22,2026-08-19,16,5,-2.0,False,18
random_22,2026-08-20,16,15,-3.0,False,19
random_22,2026-08-21,16,9,-4.0,True,20
random_22,2026-08-22,16,1,-0.0,False,21
random_22,2026-08-23,16,4,-1.0,True,22
random_22,2026-08-24,16,8,-3.0,False,23
random_22,2026-08-25,16,5,-1.0,True,24
random_22,2026-08-26,16,14,-0.0,False,25
random_22,2026-08-27,16,3,3.0,True,26
random_22,2026-08-28,16,17,-0.0,False,27
random_22,2026-08-29,16,0,-0.0,False,28
random_22,2026-08-30,16,12,-5.0,True,29
random_22,2026-08-31,16,13,1.0,False,30
random_22,2026-09-01,16,19,0.0,True,31
random_22,2026-09-02,16,11,-1.0,True,32
random_22,2026-09-03,16,18,-0.0,False,33
random_22,2026-09-04,16,6,4.0,True,34
random_22,2026-09-05,16,2,-2.0,False,35
random_22,2026-09-06,16,7,0.0,True,36
random_22,2026-09-07,16,10,3.0,False,37
random_22,2026-08-01,17,12,0.0,True,0
random_22,2026-08-02,17,13,2.0,False,1
random_22,2026-08-03,17,19,1.0,True,2
random_22,2026-08-04,17,2,-2.0,False,3
random_22,2026-08-05,17,6,0.0,True,4
random_22,2026-08-06,17,7,-2.0,False,5
random_22,2026-08-07,17,1,1.0,True,6
random_22,2026-08-08,17,11,1.0,False,7
random_22,2026-08-09,17,3,-2.0,False,8
random_22,2026-08-10,17,14,-1.0,True,9
random_22,2026-08-11,17,0,2.0,False,10
random_22,2026-08-12,17,5,-1.0,True,11
random_22,2026-08-13,17,10,3.0,False,12
random_22,2026-08-14,17,4,0.0,True,13
random_22,2026-08-15,17,18,1.0,False,14
random_22,2026-08-16,17,8,0.0,True,15
random_22,2026-08-17,17,15,2.0,False,16
random_22,2026-08-18,17,16,-2.0,False,17
random_22,2026-08-19,17,9,2.0,True,18
random_22,2026-08-20,17,10,0.0,True,19
random_22,2026-08-21,17,14,1.0,False,20
random_22,2026-08-22,17,0,-1.0,True,21
random_22,2026-08-23,17,5,1.0,False,22
random_22,2026-08-24,17,3,0.0,True,23
random_22,2026-08-25,17,9,-1.0,False,24
random_22,2026-08-26,17,15,1.0,True,25
random_22,2026-08-27,17,8,1.0,False,26
random_22,2026-08-28,17,16,0.0,True,27
random_22,2026-08-29,17,19,-2.0,False,28
random_22,2026-08-30,17,2,3.0,True,29
random_22,2026-08-31,17,12,-0.0,False,30
random_22,2026-09-01,17,13,0.0,True,31
random_22,2026-09-02,17,18,-3.0,True,32
random_22,2026-09-03,17,4,2.0,False,33
random_22,2026-09-04,17,7,1.0,True,34
random_22,2026-09-05,17,1,-0.0,False,35
random_22,2026-09-06,17,11,1.0,True,36
random_22,2026-09-07,17,6,-1.0,False,37
random_22,2026-08-01,18,11,-2.0,False,0
random_22,2026-08-02,18,9,2.0,True,1
random_22,2026-08-03,18,3,-2.0,False,2
random_22,2026-08-04,18,1,-2.0,True,3
random_22,2026-08-05,18,14,-0.0,False,4
random_22,2026-08-06,18,4,2.0,True,5
random_22,2026-08-07,18,0,-2.0,False,6
random_22,2026-08-08,18,12,4.0,True,7
random_22,2026-08-09,18,6,1.0,False,8
random_22,2026-08-10,18,5,1.0,True,9
random_22,2026-08-11,18,2,1.0,False,10
random_22,2026-08-12,18,19,-1.0,True,11
random_22,2026-08-13,18,13,2.0,False,12
random_22,2026-08-14,18,16,-2.0,False,13
random_22,2026-08-15,18,17,-1.0,True,14
random_22,2026-08-16,18,7,1.0,True,15
random_22,2026-08-17,18,8,-0.0,False,16
random_22,2026-08-18,18,15,2.0,False,17
random_22,2026-08-19,18,10,0.0,True,18
random_22,2026-08-20,18,13,0.0,True,19
random_22,2026-08-21,18,5,-0.0,False,20
random_22,2026-08-22,18,6,-1.0,True,21
random_22,2026-08-23,18,19,-3.0,False,22
random_22,2026-08-24,18,2,-2.0,True,23
random_22,2026-08-25,18,10,-2.0,False,24
random_22,2026-08-26,18,8,-2.0,True,25
random_22,2026-08-27,18,7,-2.0,False,26
random_22,2026-08-28,18,15,-1.0,True,27
random_22,2026-08-29,18,3,-2.0,True,28
random_22,2026-08-30,18,1,-2.0,False,29
random_22,2026-08-31,18,11,0.0,True,30
random_22,2026-09-01,18,9,2.0,False,31
random_22,2026-09-02,18,17,3.0,False,32
random_22,2026-09-03,18,16,0.0,True,33
random_22,2026-09-04,18,4,-0.0,False,34
random_22,2026-09-05,18,0,-1.0,True,35
random_22,2026-09-06,18,12,-1.0,False,36
random_22,2026-09-07,18,14,-4.0,True,37
random_22,2026-08-01,19,3,-0.0,False,0
random_22,2026-08-02,19,16,-1.0,True,1
random_22,2026-08-03,19,17,-1.0,False,2
random_22,2026-08-04,19,8,-2.0,True,3
random_22,2026-08-05,19,2,0.0,True,4
random_22,2026-08-06,19,15,3.0,False,5
random_22,2026-08-07,19,6,2.0,True,6
random_22,2026-08-08,19,5,1.0,False,7
random_22,2026-08-09,19,7,2.0,True,8
random_22,2026-08-10,19,12,-0.0,False,9
random_22,2026-08-11,19,11,1.0,True,10
random_22,2026-08-12,19,18,1.0,False,11
random_22,2026-08-13,19,9,0.0,True,12
random_22,2026-08-14,19,1,0.0,True,13
random_22,2026-08-15,19,10,-0.0,False,14
random_22,2026-08-16,19,13,-1.0,False,15
random_22,2026-08-17,19,0,-6.0,True,16
random_22,2026-08-18,19,4,-4.0,True,17
random_22,2026-08-19,19,14,-3.0,False,18
random_22,2026-08-20,19,9,-0.0,False,19
random_22,2026-08-21,19,12,-1.0,True,20
random_22,2026-08-22,19,7,-2.0,False,21
random_22,2026-08-23,19,18,3.0,True,22
random_22,2026-08-24,19,11,-1.0,False,23
random_22,2026-08-25,19,14,3.0,True,24
random_22,2026-08-26,19,4,-0.0,False,25
random_22,2026-08-27,19,13,0.0,True,26
random_22,2026-08-28,19,0,-2.0,False,27
random_22,2026-08-29,19,17,2.0,True,28
random_22,2026-08-30,19,8,-3.0,False,29
random_22,2026-08-31,19,3,-3.0,True,30
random_22,2026-09-01,19,16,-0.0,False,31
random_22,2026-09-02,19,10,-1.0,True,32
random_22,2026-09-03,19,1,4.0,False,33
random_22,2026-09-04,19,5,4.0,True,34
random_22,2026-09-05,19,6,2.0,False,35
random_22,2026-09-06,19,15,2.0,True,36
random_22,2026-09-07,19,2,-0.0,False,37
random_23,2026-08-01,0,14,2.0,False,0
random_23,2026-08-02,0,8,1.0,True,1
random_23,2026-08-03,0,16,-0.0,False,2
random_23,2026-08-04,0,3,0.0,True,3
random_23,2026-08-05,0,13,4.0,True,4
random_23,2026-08-06,0,5,-1.0,False,5
random_23,2026-08-07,0,18,-2.0,True,6
random_23,2026-08-08,0,15,-0.0,False,7
random_23,2026-08-09,0,12,-2.0,True,8
random_23,2026-08-10,0,11,-0.0,False,9
random_23,2026-08-11,0,17,0.0,True,10
random_23,2026-08-12,0,9,-0.0,False,11
random_23,2026-08-13,0,4,0.0,True,12
random_23,2026-08-14,0,10,1.0,True,13
random_23,2026-08-15,0,1,-1.0,False,14
random_23,2026-08-16,0,6,-2.0,True,15
random_23,2026-08-17,0,19,3.0,False,16
random_23,2026-08-18,0,7,-3.0,False,17
random_23,2026-08-19,0,2,2.0,True,18
random_23,2026-08-20,0,4,-1.0,False,19
random_23,2026-08-21,0,11,1.0,True,20
random_23,2026-08-22,0,17,-1.0,False,21
random_23,2026-08-23,0,9,2.0,True,22
random_23,2026-08-24,0,12,-1.0,False,23
random_23,2026-08-25,0,2,1.0,False,24
random_23,2026-08-26,0,7,-1.0,True,25
random_23,2026-08-27,0,6,3.0,False,26
random_23,2026-08-28,0,19,3.0,True,27
random_23,2026-08-29,0,16,-1.0,True,28
random_23,2026-08-30,0,3,-0.0,False,29
random_23,2026-08-31,0,14,2.0,True,30
random_23,2026-09-01,0,8,-0.0,False,31
random_23,2026-09-02,0,1,-1.0,True,32
random_23,2026-09-03,0,10,-2.0,False,33
random_23,2026-09-04,0,15,1.0,True,34
random_23,2026-09-05,0,18,3.0,False,35
random_23,2026-09-06,0,5,0.0,True,36
random_23,2026-09-07,0,13,-1.0,False,37
random_23,2026-08-01,1,6,0.0,True,0
random_23,2026-08-02,1,2,-2.0,False,1
random_23,2026-08-03,1,5,0.0,True,2
random_23,2026-08-04,1,18,-1.0,False,3
random_23,2026-08-05,1,4,1.0,False,4
random_23,2026-08-06,1,12,-1.0,True,5
random_23,2026-08-07,1,17,1.0,False,6
random_23,2026-08-08,1,8,2.0,True,7
random_23,2026-08-09,1,13,-1.0,False,8
random_23,2026-08-10,1,10,1.0,True,9
random_23,2026-08-11,1,16,-0.0,False,10
random_23,2026-08-12,1,14,3.0,True,11
random_23,2026-08-13,1,3,-0.0,False,12
random_23,2026-08-14,1,19,-2.0,False,13
random_23,2026-08-15,1,0,1.0,True,14
random_23,2026-08-16,1,15,0.0,True,15
random_23,2026-08-17,1,7,1.0,False,16
random_23,2026-08-18,1,9,-1.0,False,17
random_23,2026-08-19,1,11,1.0,True,18
random_23,2026-08-20,1,3,-1.0,True,19
random_23,2026-08-21,1,10,2.0,False,20
random_23,2026-08-22,1,16,-5.0,True,21
random_23,2026-08-23,1,14,1.0,False,22
random_23,2026-08-24,1,13,0.0,True,23
random_23,2026-08-25,1,11,1.0,False,24
random_23,2026-08-26,1,9,-3.0,True,25
random_23,2026-08-27,1,15,-1.0,False,26
random_23,2026-08-28,1,7,2.0,True,27
random_23,2026-08-29,1,5,-1.0,False,28
random_23,2026-08-30,1,18,-1.0,True,29
random_23,2026-08-31,1,6,2.0,False,30
random_23,2026-09-01,1,2,-1.0,True,31
random_23,2026-09-02,1,0,1.0,False,32
random_23,2026-09-03,1,19,-2.0,True,33
random_23,2026-09-04,1,12,-1.0,False,34
random_23,2026-09-05,1,17,3.0,True,35
random_23,2026-09-06,1,8,1.0,False,36
random_23,2026-09-07,1,4,0.0,True,37
random_23,2026-08-01,2,4,1.0,False,0
random_23,2026-08-02,2,1,2.0,True,1
random_23,2026-08-03,2,10,1.0,False,2
random_23,2026-08-04,2,17,3.0,True,3
random_23,2026-08-05,2,19,-1.0,False,4
random_23,2026-08-06,2,3,3.0,True,5
random_23,2026-08-07,2,16,-0.0,False,6
random_23,2026-08-08,2,14,1.0,True,7
random_23,2026-08-09,2,9,-2.0,True,8
random_23,2026-08-10,2,15,2.0,False,9
random_23,2026-08-11,2,18,-1.0,True,10
random_23,2026-08-12,2,11,1.0,False,11
random_23,2026-08-13,2,8,1.0,True,12
random_23,2026-08-14,2,7,1.0,True,13
random_23,2026-08-15,2,6,-2.0,False,14
random_23,2026-08-16,2,5,1.0,False,15
random_23,2026-08-17,2,12,1.0,True,16
random_23,2026-08-18,2,13,-2.0,True,17
random_23,2026-08-19,2,0,-2.0,False,18
random_23,2026-08-20,2,8,2.0,False,19
random_23,2026-08-21,2,15,1.0,True,20
random_23,2026-08-22,2,9,-0.0,False,21
random_23,2026-08-23,2,11,2.0,True,22
random_23,2026-08-24,2,18,-1.0,False,23
random_23,2026-08-25,2,0,-1.0,True,24
random_23,2026-08-26,2,12,-0.0,False,25
random_23,2026-08-27,2,5,2.0,True,26
random_23,2026-08-28,2,13,-1.0,False,27
random_23,2026-08-29,2,10,2.0,True,28
random_23,2026-08-30,2,17,-2.0,False,29
random_23,2026-08-31,2,4,-1.0,True,30
random_23,2026-09-01,2,1,1.0,False,31
random_23,2026-09-02,2,6,-1.0,True,32
random_23,2026-09-03,2,7,2.0,False,33
random_23,2026-09-04,2,3,-4.0,False,34
random_23,2026-09-05,2,16,1.0,True,35
random_23,2026-09-06,2,14,-0.0,False,36
random_23,2026-09-07,2,19,-4.0,True,37
random_23,2026-08-01,3,19,2.0,True,0
random_23,2026-08-02,3,12,-2.0,False,1
random_23,2026-08-03,3,18,0.0,True,2
random_23,2026-08-04,3,0,-0.0,False,3
random_23,2026-08-05,3,5,1.0,True,4
random_23,2026-08-06,3,2,-3.0,False,5
random_23,2026-08-07,3,13,3.0,True,6
random_23,2026-08-08,3,10,-1.0,False,7
random_23,2026-08-09,3,17,2.0,True,8
random_23,2026-08-10,3,4,1.0,False,9
random_23,2026-08-11,3,8,-2.0,True,10
random_23,2026-08-12,3,15,-1.0,False,11
random_23,2026-08-13,3,1,0.0,True,12
random_23,2026-08-14,3,14,-3.0,True,13
random_23,2026-08-15,3,9,-2.0,False,14
random_23,2026-08-16,3,16,4.0,True,15
random_23,2026-08-17,3,11,1.0,False,16
random_23,2026-08-18,3,6,-2.0,False,17
random_23,2026-08-19,3,7,-3.0,True,18
random_23,2026-08-20,3,1,1.0,False,19
random_23,2026-08-21,3,4,0.0,True,20
random_23,2026-08-22,3,8,-0.0,False,21
random_23,2026-08-23,3,15,0.0,True,22
random_23,2026-08-24,3,17,1.0,False,23
random_23,2026-08-25,3,7,1.0,False,24
random_23,2026-08-26,3,6,4.0,True,25
random_23,2026-08-27,3,16,2.0,False,26
random_23,2026-08-28,3,11,0.0,True,27
random_23,2026-08-29,3,18,-2.0,False,28
random_23,2026-08-30,3,0,0.0,True,29
random_23,2026-08-31,3,19,-3.0,False,30
random_23,2026-09-01,3,12,1.0,True,31
random_23,2026-09-02,3,9,-2.0,True,32
random_23,2026-09-03,3,14,-1.0,False,33
random_23,2026-09-04,3,2,4.0,True,34
random_23,2026-09-05,3,13,-3.0,False,35
random_23,2026-09-06,3,10,-5.0,True,36
random_23,2026-09-07,3,5,-2.0,False,37
random_23,2026-08-01,4,2,-1.0,True,0
random_23,2026-08-02,4,5,-0.0,False,1
random_23,2026-08-03,4,12,-1.0,True,2
random_23,2026-08-04,4,6,-2.0,False,3
random_23,2026-08-05,4,1,-1.0,True,4
random_23,2026-08-06,4,18,-2.0,False,5
random_23,2026-08-07,4,7,-2.0,True,6
random_23,2026-08-08,4,13,-0.0,False,7
random_23,2026-08-09,4,14,3.0,False,8
random_23,2026-08-10,4,3,-1.0,True,9
random_23,2026-08-11,4,10,-1.0,False,10
random_23,2026-08-12,4,16,-1.0,True,11
random_23,2026-08-13,4,0,-0.0,False,12
random_23,2026-08-14,4,17,-2.0,False,13
random_23,2026-08-15,4,8,2.0,True,14
random_23,2026-08-16,4,11,-1.0,True,15
random_23,2026-08-17,4,9,-0.0,False,16
random_23,2026-08-18,4,19,3.0,False,17
random_23,2026-08-19,4,15,0.0,True,18
random_23,2026-08-20,4,0,1.0,True,19
random_23,2026-08-21,4,3,-0.0,False,20
random_23,2026-08-22,4,14,0.0,True,21
random_23,2026-08-23,4,16,2.0,False,22
random_23,2026-08-24,4,10,-1.0,True,23
random_23,2026-08-25,4,15,8.0,False,24
random_23,2026-08-26,4,19,1.0,True,25
random_23,2026-08-27,4,11,-1.0,False,26
random_23,2026-08-28,4,9,-1.0,True,27
random_23,2026-08-29,4,12,1.0,False,28
random_23,2026-08-30,4,6,1.0,True,29
random_23,2026-08-31,4,2,1.0,False,30
random_23,2026-09-01,4,5,1.0,True,31
random_23,2026-09-02,4,8,3.0,False,32
random_23,2026-09-03,4,17,2.0,True,33
random_23,2026-09-04,4,18,-3.0,True,34
random_23,2026-09-05,4,7,1.0,False,35
random_23,2026-09-06,4,13,-4.0,True,36
random_23,2026-09-07,4,1,-0.0,False,37
random_23,2026-08-01,5,9,-2.0,False,0
random_23,2026-08-02,5,4,0.0,True,1
random_23,2026-08-03,5,1,-0.0,False,2
random_23,2026-08-04,5,10,-1.0,True,3
random_23,2026-08-05,5,3,-1.0,False,4
random_23,2026-08-06,5,0,1.0,True,5
random_23,2026-08-07,5,8,-2.0,False,6
random_23,2026-08-08,5,19,1.0,True,7
random_23,2026-08-09,5,15,2.0,True,8
random_23,2026-08-10,5,18,-2.0,False,9
random_23,2026-08-11,5,12,-1.0,True,10
random_23,2026-08-12,5,17,-1.0,False,11
random_23,2026-08-13,5,7,1.0,True,12
random_23,2026-08-14,5,13,-2.0,True,13
random_23,2026-08-15,5,14,2.0,False,14
random_23,2026-08-16,5,2,-1.0,True,15
random_23,2026-08-17,5,6,-1.0,False,16
random_23,2026-08-18,5,11,-0.0,False,17
random_23,2026-08-19,5,16,0.0,True,18
random_23,2026-08-20,5,7,-0.0,False,19
random_23,2026-08-21,5,18,1.0,True,20
random_23,2026-08-22,5,12,3.0,False,21
random_23,2026-08-23,5,17,1.0,True,22
random_23,2026-08-24,5,15,2.0,False,23
random_23,2026-08-25,5,16,-0.0,False,24
random_23,2026-08-26,5,11,-1.0,True,25
random_23,2026-08-27,5,2,-2.0,False,26
random_23,2026-08-28,5,6,1.0,True,27
random_23,2026-08-29,5,1,1.0,True,28
random_23,2026-08-30,5,10,-0.0,False,29
random_23,2026-08-31,5,9,1.0,True,30
random_23,2026-09-01,5,4,-1.0,False,31
random_23,2026-09-02,5,14,0.0,True,32
random_23,2026-09-03,5,13,-0.0,False,33
random_23,2026-09-04,5,19,-0.0,False,34
random_23,2026-09-05,5,8,0.0,True,35
random_23,2026-09-06,5,0,-0.0,False,36
random_23,2026-09-07,5,3,2.0,True,37
random_23,2026-08-01,6,1,-0.0,False,0
random_23,2026-08-02,6,10,-3.0,True,1
random_23,2026-08-03,6,14,-0.0,False,2
random_23,2026-08-04,6,4,2.0,True,3
random_23,2026-08-05,6,17,-2.0,False,4
random_23,2026-08-06,6,16,0.0,True,5
random_23,2026-08-07,6,19,-1.0,False,6
random_23,2026-08-08,6,9,1.0,True,7
random_23,2026-08-09,6,18,0.0,True,8
random_23,2026-08-10,6,8,-2.0,False,9
random_23,2026-08-11,6,7,-2.0,True,10
random_23,2026-08-12,6,12,-0.0,False,11
random_23,2026-08-13,6,11,-2.0,True,12
random_23,2026-08-14,6,15,1.0,False,13
random_23,2026-08-15,6,2,2.0,True,14
random_23,2026-08-16,6,0,2.0,False,15
random_23,2026-08-17,6,5,1.0,True,16
random_23,2026-08-18,6,3,2.0,True,17
random_23,2026-08-19,6,13,-1.0,False,18
random_23,2026-08-20,6,11,2.0,False,19
random_23,2026-08-21,6,8,-2.0,True,20
random_23,2026-08-22,6,18,-0.0,False,21
random_23,2026-08-23,6,12,1.0,True,22
random_23,2026-08-24,6,7,2.0,False,23
random_23,2026-08-25,6,13,4.0,True,24
random_23,2026-08-26,6,3,-4.0,False,25
random_23,2026-08-27,6,0,-3.0,True,26
random_23,2026-08-28,6,5,-1.0,False,27
random_23,2026-08-29,6,14,0.0,True,28
random_23,2026-08-30,6,4,-1.0,False,29
random_23,2026-08-31,6,1,-2.0,True,30
random_23,2026-09-01,6,10,3.0,False,31
random_23,2026-09-02,6,2,1.0,False,32
random_23,2026-09-03,6,15,0.0,True,33
random_23,2026-09-04,6,16,-1.0,False,34
random_23,2026-09-05,6,19,1.0,True,35
random_23,2026-09-06,6,9,2.0,False,36
random_23,2026-09-07,6,17,0.0,True,37
random_23,2026-08-01,7,8,-0.0,False,0
random_23,2026-08-02,7,14,1.0,True,1
random_23,2026-08-03,7,9,-4.0,False,2
random_23,2026-08-04,7,11,3.0,True,3
random_23,2026-08-05,7,12,-0.0,False,4
random_23,2026-08-06,7,17,0.0,True,5
random_23,2026-08-07,7,4,2.0,False,6
random_23,2026-08-08,7,16,2.0,True,7
random_23,2026-08-09,7,19,-4.0,False,8
random_23,2026-08-10,7,13,3.0,True,9
random_23,2026-08-11,7,6,2.0,False,10
random_23,2026-08-12,7,10,0.0,True,11
random_23,2026-08-13,7,5,-1.0,False,12
random_23,2026-08-14,7,2,-1.0,False,13
random_23,2026-08-15,7,15,0.0,True,14
random_23,2026-08-16,7,18,1.0,False,15
random_23,2026-08-17,7,1,-1.0,True,16
random_23,2026-08-18,7,0,3.0,True,17
random_23,2026-08-19,7,3,3.0,False,18
random_23,2026-08-20,7,5,0.0,True,19
random_23,2026-08-21,7,13,1.0,False,20
random_23,2026-08-22,7,19,0.0,True,21
random_23,2026-08-23,7,10,2.0,False,22
random_23,2026-08-24,7,6,-2.0,True,23
random_23,2026-08-25,7,3,-1.0,True,24
random_23,2026-08-26,7,0,1.0,False,25
random_23,2026-08-27,7,18,1.0,True,26
random_23,2026-08-28,7,1,-2.0,False,27
random_23,2026-08-29,7,9,-3.0,True,28
random_23,2026-08-30,7,11,1.0,False,29
random_23,2026-08-31,7,8,3.0,True,30
random_23,2026-09-01,7,14,-4.0,False,31
random_23,2026-09-02,7,15,1.0,False,32
random_23,2026-09-03,7,2,-2.0,True,33
random_23,2026-09-04,7,17,-1.0,False,34
random_23,2026-09-05,7,4,-1.0,True,35
random_23,2026-09-06,7,16,-4.0,False,36
random_23,2026-09-07,7,12,-1.0,True,37
random_23,2026-08-01,8,7,0.0,True,0
random_23,2026-08-02,8,0,-1.0,False,1
random_23,2026-08-03,8,15,1.0,True,2
random_23,2026-08-04,8,19,3.0,False,3
random_23,2026-08-05,8,11,-1.0,True,4
random_23,2026-08-06,8,10,-0.0,False,5
random_23,2026-08-07,8,5,2.0,True,6
random_23,2026-08-08,8,1,-2.0,False,7
random_23,2026-08-09,8,16,2.0,False,8
random_23,2026-08-10,8,6,2.0,True,9
random_23,2026-08-11,8,3,2.0,False,10
random_23,2026-08-12,8,13,-3.0,True,11
random_23,2026-08-13,8,2,-1.0,False,12
random_23,2026-08-14,8,9,-2.0,True,13
random_23,2026-08-15,8,4,-2.0,False,14
random_23,2026-08-16,8,17,1.0,False,15
random_23,2026-08-17,8,18,0.0,True,16
random_23,2026-08-18,8,14,0.0,True,17
random_23,2026-08-19,8,12,-0.0,False,18
random_23,2026-08-20,8,2,-2.0,True,19
random_23,2026-08-21,8,6,2.0,False,20
random_23,2026-08-22,8,3,0.0,True,21
random_23,2026-08-23,8,13,1.0,False,22
random_23,2026-08-24,8,16,-1.0,True,23
random_23,2026-08-25,8,12,1.0,True,24
random_23,2026-08-26,8,18,1.0,False,25
random_23,2026-08-27,8,17,1.0,True,26
random_23,2026-08-28,8,14,-1.0,False,27
random_23,2026-08-29,8,15,-0.0,False,28
random_23,2026-08-30,8,19,-3.0,True,29
random_23,2026-08-31,8,7,-3.0,False,30
random_23,2026-09-01,8,0,0.0,True,31
random_23,2026-09-02,8,4,-3.0,True,32
random_23,2026-09-03,8,9,-3.0,False,33
random_23,2026-09-04,8,10,2.0,True,34
random_23,2026-09-05,8,5,-0.0,False,35
random_23,2026-09-06,8,1,-1.0,True,36
random_23,2026-09-07,8,11,1.0,False,37
random_23,2026-08-01,9,5,2.0,True,0
random_23,2026-08-02,9,18,-0.0,False,1
random_23,2026-08-03,9,7,4.0,True,2
random_23,2026-08-04,9,13,-0.0,False,3
random_23,2026-08-05,9,15,1.0,True,4
random_23,2026-08-06,9,11,-1.0,False,5
random_23,2026-08-07,9,10,4.0,True,6
random_23,2026-08-08,9,6,-1.0,False,7
random_23,2026-08-09,9,2,2.0,False,8
random_23,2026-08-10,9,16,-1.0,True,9
random_23,2026-08-11,9,14,-0.0,False,10
random_23,2026-08-12,9,0,0.0,True,11
random_23,2026-08-13,9,19,1.0,False,12
random_23,2026-08-14,9,8,2.0,False,13
random_23,2026-08-15,9,3,2.0,True,14
random_23,2026-08-16,9,12,-1.0,False,15
random_23,2026-08-17,9,4,0.0,True,16
random_23,2026-08-18,9,1,1.0,True,17
random_23,2026-08-19,9,17,2.0,False,18
random_23,2026-08-20,9,19,0.0,True,19
random_23,2026-08-21,9,16,-0.0,False,20
random_23,2026-08-22,9,2,0.0,True,21
random_23,2026-08-23,9,0,-2.0,False,22
random_23,2026-08-24,9,14,1.0,True,23
random_23,2026-08-25,9,17,0.0,True,24
random_23,2026-08-26,9,1,3.0,False,25
random_23,2026-08-27,9,12,2.0,True,26
random_23,2026-08-28,9,4,1.0,False,27
random_23,2026-08-29,9,7,3.0,False,28
random_23,2026-08-30,9,13,-3.0,True,29
random_23,2026-08-31,9,5,-1.0,False,30
random_23,2026-09-01,9,18,2.0,True,31
random_23,2026-09-02,9,3,2.0,False,32
random_23,2026-09-03,9,8,3.0,True,33
random_23,2026-09-04,9,11,-3.0,True,34
random_23,2026-09-05,9,10,1.0,False,35
random_23,2026-09-06,9,6,-2.0,True,36
random_23,2026-09-07,9,15,2.0,False,37
random_23,2026-08-01,10,15,1.0,True,0
random_23,2026-08-02,10,6,3.0,False,1
random_23,2026-08-03,10,2,-1.0,True,2
random_23,2026-08-04,10,5,1.0,False,3
random_23,2026-08-05,10,16,-5.0,False,4
random_23,2026-08-06,10,8,0.0,True,5
random_23,2026-08-07,10,9,-4.0,False,6
random_23,2026-08-08,10,3,1.0,True,7
random_23,2026-08-09,10,11,1.0,True,8
random_23,2026-08-10,10,1,-1.0,False,9
random_23,2026-08-11,10,4,1.0,True,10
random_23,2026-08-12,10,7,-0.0,False,11
random_23,2026-08-13,10,17,0.0,True,12
random_23,2026-08-14,10,0,-1.0,False,13
random_23,2026-08-15,10,19,0.0,True,14
random_23,2026-08-16,10,14,-0.0,False,15
random_23,2026-08-17,10,13,-2.0,True,16
random_23,2026-08-18,10,12,5.0,True,17
random_23,2026-08-19,10,18,-0.0,False,18
random_23,2026-08-20,10,17,1.0,False,19
random_23,2026-08-21,10,1,-2.0,True,20
random_23,2026-08-22,10,11,4.0,False,21
random_23,2026-08-23,10,7,-2.0,True,22
random_23,2026-08-24,10,4,1.0,False,23
random_23,2026-08-25,10,18,1.0,True,24
random_23,2026-08-26,10,13,-0.0,False,25
random_23,2026-08-27,10,14,1.0,True,26
random_23,2026-08-28,10,12,-1.0,False,27
random_23,2026-08-29,10,2,-2.0,False,28
random_23,2026-08-30,10,5,0.0,True,29
random_23,2026-08-31,10,15,-3.0,False,30
random_23,2026-09-01,10,6,-3.0,True,31
random_23,2026-09-02,10,19,-3.0,False,32
random_23,2026-09-03,10,0,2.0,True,33
random_23,2026-09-04,10,8,-2.0,False,34
random_23,2026-09-05,10,9,-1.0,True,35
random_23,2026-09-06,10,3,5.0,False,36
random_23,2026-09-07,10,16,0.0,True,37
random_23,2026-08-01,11,18,0.0,True,0
random_23,2026-08-02,11,15,-0.0,False,1
random_23,2026-08-03,11,13,-2.0,True,2
random_23,2026-08-04,11,7,-3.0,False,3
random_23,2026-08-05,11,8,1.0,False,4
random_23,2026-08-06,11,9,1.0,True,5
random_23,2026-08-07,11,14,1.0,False,6
random_23,2026-08-08,11,17,2.0,True,7
random_23,2026-08-09,11,10,-1.0,False,8
random_23,2026-08-10,11,0,0.0,True,9
random_23,2026-08-11,11,19,-1.0,False,10
random_23,2026-08-12,11,2,-1.0,True,11
random_23,2026-08-13,11,6,2.0,False,12
random_23,2026-08-14,11,12,-2.0,False,13
random_23,2026-08-15,11,16,-5.0,True,14
random_23,2026-08-16,11,4,1.0,False,15
random_23,2026-08-17,11,3,-1.0,True,16
random_23,2026-08-18,11,5,0.0,True,17
random_23,2026-08-19,11,1,-1.0,False,18
random_23,2026-08-20,11,6,-2.0,True,19
random_23,2026-08-21,11,0,-1.0,False,20
random_23,2026-08-22,11,10,-4.0,True,21
random_23,2026-08-23,11,2,-2.0,False,22
random_23,2026-08-24,11,19,-1.0,True,23
random_23,2026-08-25,11,1,-1.0,True,24
random_23,2026-08-26,11,5,1.0,False,25
random_23,2026-08-27,11,4,1.0,True,26
random_23,2026-08-28,11,3,-0.0,False,27
random_23,2026-08-29,11,13,2.0,False,28
random_23,2026-08-30,11,7,-1.0,True,29
random_23,2026-08-31,11,18,3.0,False,30
random_23,2026-09-01,11,15,1.0,True,31
random_23,2026-09-02,11,16,2.0,False,32
random_23,2026-09-03,11,12,0.0,True,33
random_23,2026-09-04,11,9,3.0,False,34
random_23,2026-09-05,11,14,0.0,True,35
random_23,2026-09-06,11,17,3.0,False,36
random_23,2026-09-07,11,8,-1.0,True,37
random_23,2026-08-01,12,17,2.0,False,0
random_23,2026-08-02,12,3,2.0,True,1
random_23,2026-08-03,12,4,1.0,False,2
random_23,2026-08-04,12,16,-4.0,True,3
random_23,2026-08-05,12,7,0.0,True,4
random_23,2026-08-06,12,1,1.0,False,5
random_23,2026-08-07,12,15,1.0,True,6
random_23,2026-08-08,12,18,-0.0,False,7
random_23,2026-08-09,12,0,2.0,False,8
random_23,2026-08-10,12,19,-1.0,True,9
random_23,2026-08-11,12,5,1.0,False,10
random_23,2026-08-12,12,6,0.0,True,11
random_23,2026-08-13,12,14,1.0,False,12
random_23,2026-08-14,12,11,2.0,True,13
random_23,2026-08-15,12,13,-4.0,False,14
random_23,2026-08-16,12,9,1.0,True,15
random_23,2026-08-17,12,2,-1.0,False,16
random_23,2026-08-18,12,10,-5.0,False,17
random_23,2026-08-19,12,8,0.0,True,18
random_23,2026-08-20,12,14,-2.0,True,19
random_23,2026-08-21,12,19,-4.0,False,20
random_23,2026-08-22,12,5,-3.0,True,21
random_23,2026-08-23,12,6,-1.0,False,22
random_23,2026-08-24,12,0,1.0,True,23
random_23,2026-08-25,12,8,-1.0,False,24
random_23,2026-08-26,12,2,0.0,True,25
random_23,2026-08-27,12,9,-2.0,False,26
random_23,2026-08-28,12,10,1.0,True,27
random_23,2026-08-29,12,4,-1.0,True,28
random_23,2026-08-30,12,16,1.0,False,29
random_23,2026-08-31,12,17,0.0,True,30
random_23,2026-09-01,12,3,-1.0,False,31
random_23,2026-09-02,12,13,1.0,True,32
random_23,2026-09-03,12,11,-0.0,False,33
random_23,2026-09-04,12,1,1.0,True,34
random_23,2026-09-05,12,15,1.0,False,35
random_23,2026-09-06,12,18,1.0,True,36
random_23,2026-09-07,12,7,1.0,False,37
random_23,2026-08-01,13,16,1.0,False,0
random_23,2026-08-02,13,17,0.0,True,1
random_23,2026-08-03,13,11,2.0,False,2
random_23,2026-08-04,13,9,0.0,True,3
random_23,2026-08-05,13,0,-4.0,False,4
random_23,2026-08-06,13,14,-2.0,True,5
random_23,2026-08-07,13,3,-3.0,False,6
random_23,2026-08-08,13,4,0.0,True,7
random_23,2026-08-09,13,1,1.0,True,8
random_23,2026-08-10,13,7,-3.0,False,9
random_23,2026-08-11,13,15,-1.0,True,10
random_23,2026-08-12,13,8,3.0,False,11
random_23,2026-08-13,13,18,3.0,True,12
random_23,2026-08-14,13,5,2.0,False,13
random_23,2026-08-15,13,12,4.0,True,14
random_23,2026-08-16,13,19,2.0,True,15
random_23,2026-08-17,13,10,2.0,False,16
random_23,2026-08-18,13,2,2.0,False,17
random_23,2026-08-19,13,6,1.0,True,18
random_23,2026-08-20,13,18,-0.0,False,19
random_23,2026-08-21,13,7,-1.0,True,20
random_23,2026-08-22,13,15,-0.0,False,21
random_23,2026-08-23,13,8,-1.0,True,22
random_23,2026-08-24,13,1,-0.0,False,23
random_23,2026-08-25,13,6,-4.0,False,24
random_23,2026-08-26,13,10,0.0,True,25
random_23,2026-08-27,13,19,2.0,False,26
random_23,2026-08-28,13,2,1.0,True,27
random_23,2026-08-29,13,11,-2.0,True,28
random_23,2026-08-30,13,9,3.0,False,29
random_23,2026-08-31,13,16,0.0,True,30
random_23,2026-09-01,13,17,2.0,False,31
random_23,2026-09-02,13,12,-1.0,False,32
random_23,2026-09-03,13,5,0.0,True,33
random_23,2026-09-04,13,14,-0.0,False,34
random_23,2026-09-05,13,3,3.0,True,35
random_23,2026-09-06,13,4,4.0,False,36
random_23,2026-09-07,13,0,1.0,True,37
random_23,2026-08-01,14,0,-2.0,True,0
random_23,2026-08-02,14,7,-1.0,False,1
random_23,2026-08-03,14,6,0.0,True,2
random_23,2026-08-04,14,15,-4.0,False,3
random_23,2026-08-05,14,18,0.0,True,4
random_23,2026-08-06,14,13,2.0,False,5
random_23,2026-08-07,14,11,-1.0,True,6
random_23,2026-08-08,14,2,-1.0,False,7
random_23,2026-08-09,14,4,-3.0,True,8
random_23,2026-08-10,14,17,1.0,False,9
random_23,2026-08-11,14,9,0.0,True,10
random_23,2026-08-12,14,1,-3.0,False,11
random_23,2026-08-13,14,12,-1.0,True,12
random_23,2026-08-14,14,3,3.0,False,13
random_23,2026-08-15,14,5,-2.0,True,14
random_23,2026-08-16,14,10,0.0,True,15
random_23,2026-08-17,14,16,-2.0,False,16
random_23,2026-08-18,14,8,-0.0,False,17
random_23,2026-08-19,14,19,3.0,True,18
random_23,2026-08-20,14,12,2.0,False,19
random_23,2026-08-21,14,17,-1.0,True,20
random_23,2026-08-22,14,4,-0.0,False,21
random_23,2026-08-23,14,1,-1.0,True,22
random_23,2026-08-24,14,9,-1.0,False,23
random_23,2026-08-25,14,19,1.0,False,24
random_23,2026-08-26,14,16,3.0,True,25
random_23,2026-08-27,14,10,-1.0,False,26
random_23,2026-08-28,14,8,1.0,True,27
random_23,2026-08-29,14,6,-0.0,False,28
random_23,2026-08-30,14,15,0.0,True,29
random_23,2026-08-31,14,0,-2.0,False,30
random_23,2026-09-01,14,7,4.0,True,31
random_23,2026-09-02,14,5,-0.0,False,32
random_23,2026-09-03,14,3,1.0,True,33
random_23,2026-09-04,14,13,0.0,True,34
random_23,2026-09-05,14,11,-0.0,False,35
random_23,2026-09-06,14,2,0.0,True,36
random_23,2026-09-07,14,18,2.0,False,37
random_23,2026-08-01,15,10,-1.0,False,0
random_23,2026-08-02,15,11,0.0,True,1
random_23,2026-08-03,15,8,-1.0,False,2
random_23,2026-08-04,15,14,4.0,True,3
random_23,2026-08-05,15,9,-1.0,False,4
random_23,2026-08-06,15,19,0.0,True,5
random_23,2026-08-07,15,12,-1.0,False,6
random_23,2026-08-08,15,0,0.0,True,7
random_23,2026-08-09,15,5,-2.0,False,8
random_23,2026-08-10,15,2,-2.0,True,9
random_23,2026-08-11,15,13,1.0,False,10
random_23,2026-08-12,15,3,1.0,True,11
random_23,2026-08-13,15,16,-1.0,False,12
random_23,2026-08-14,15,6,-1.0,True,13
random_23,2026-08-15,15,7,-0.0,False,14
random_23,2026-08-16,15,1,-0.0,False,15
random_23,2026-08-17,15,17,-3.0,True,16
random_23,2026-08-18,15,18,0.0,True,17
random_23,2026-08-19,15,4,-0.0,False,18
random_23,2026-08-20,15,16,-3.0,True,19
random_23,2026-08-21,15,2,-1.0,False,20
random_23,2026-08-22,15,13,0.0,True,21
random_23,2026-08-23,15,3,-0.0,False,22
random_23,2026-08-24,15,5,-2.0,True,23
random_23,2026-08-25,15,4,-8.0,True,24
random_23,2026-08-26,15,17,-0.0,False,25
random_23,2026-08-27,15,1,1.0,True,26
random_23,2026-08-28,15,18,3.0,False,27
random_23,2026-08-29,15,8,0.0,True,28
random_23,2026-08-30,15,14,-0.0,False,29
random_23,2026-08-31,15,10,3.0,True,30
random_23,2026-09-01,15,11,-1.0,False,31
random_23,2026-09-02,15,7,-1.0,True,32
random_23,2026-09-03,15,6,-0.0,False,33
random_23,2026-09-04,15,0,-1.0,False,34
random_23,2026-09-05,15,12,-1.0,True,35
random_23,2026-09-06,15,19,-1.0,False,36
random_23,2026-09-07,15,9,-2.0,True,37
random_23,2026-08-01,16,13,-1.0,True,0
random_23,2026-08-02,16,19,1.0,False,1
random_23,2026-08-03,16,0,0.0,True,2
random_23,2026-08-04,16,12,4.0,False,3
random_23,2026-08-05,16,10,5.0,True,4
random_23,2026-08-06,16,6,-0.0,False,5
random_23,2026-08-07,16,2,0.0,True,6
random_23,2026-08-08,16,7,-2.0,False,7
random_23,2026-08-09,16,8,-2.0,True,8
random_23,2026-08-10,16,9,1.0,False,9
random_23,2026-08-11,16,1,0.0,True,10
random_23,2026-08-12,16,4,1.0,False,11
random_23,2026-08-13,16,15,1.0,True,12
random_23,2026-08-14,16,18,2.0,True,13
random_23,2026-08-15,16,11,5.0,False,14
random_23,2026-08-16,16,3,-4.0,False,15
random_23,2026-08-17,16,14,2.0,True,16
random_23,2026-08-18,16,17,0.0,True,17
random_23,2026-08-19,16,5,-0.0,False,18
random_23,2026-08-20,16,15,3.0,False,19
random_23,2026-08-21,16,9,0.0,True,20
random_23,2026-08-22,16,1,5.0,False,21
random_23,2026-08-23,16,4,-2.0,True,22
random_23,2026-08-24,16,8,1.0,False,23
random_23,2026-08-25,16,5,0.0,True,24
random_23,2026-08-26,16,14,-3.0,False,25
random_23,2026-08-27,16,3,-2.0,True,26
random_23,2026-08-28,16,17,-0.0,False,27
random_23,2026-08-29,16,0,1.0,False,28
random_23,2026-08-30,16,12,-1.0,True,29
random_23,2026-08-31,16,13,-0.0,False,30
random_23,2026-09-01,16,19,-1.0,True,31
random_23,2026-09-02,16,11,-2.0,True,32
random_23,2026-09-03,16,18,1.0,False,33
random_23,2026-09-04,16,6,1.0,True,34
random_23,2026-09-05,16,2,-1.0,False,35
random_23,2026-09-06,16,7,4.0,True,36
random_23,2026-09-07,16,10,-0.0,False,37
random_23,2026-08-01,17,12,-2.0,True,0
random_23,2026-08-02,17,13,-0.0,False,1
random_23,2026-08-03,17,19,3.0,True,2
random_23,2026-08-04,17,2,-3.0,False,3
random_23,2026-08-05,17,6,2.0,True,4
random_23,2026-08-06,17,7,-0.0,False,5
random_23,2026-08-07,17,1,-1.0,True,6
random_23,2026-08-08,17,11,-2.0,False,7
random_23,2026-08-09,17,3,-2.0,False,8
random_23,2026-08-10,17,14,-1.0,True,9
random_23,2026-08-11,17,0,-0.0,False,10
random_23,2026-08-12,17,5,1.0,True,11
random_23,2026-08-13,17,10,-0.0,False,12
random_23,2026-08-14,17,4,2.0,True,13
random_23,2026-08-15,17,18,1.0,False,14
random_23,2026-08-16,17,8,-1.0,True,15
random_23,2026-08-17,17,15,3.0,False,16
random_23,2026-08-18,17,16,-0.0,False,17
random_23,2026-08-19,17,9,-2.0,True,18
random_23,2026-08-20,17,10,-1.0,True,19
random_23,2026-08-21,17,14,1.0,False,20
random_23,2026-08-22,17,0,1.0,True,21
random_23,2026-08-23,17,5,-1.0,False,22
random_23,2026-08-24,17,3,-1.0,True,23
random_23,2026-08-25,17,9,-0.0,False,24
random_23,2026-08-26,17,15,0.0,True,25
random_23,2026-08-27,17,8,-1.0,False,26
random_23,2026-08-28,17,16,0.0,True,27
random_23,2026-08-29,17,19,2.0,False,28
random_23,2026-08-30,17,2,2.0,True,29
random_23,2026-08-31,17,12,-0.0,False,30
random_23,2026-09-01,17,13,-2.0,True,31
random_23,2026-09-02,17,18,-2.0,True,32
random_23,2026-09-03,17,4,-2.0,False,33
random_23,2026-09-04,17,7,1.0,True,34
random_23,2026-09-05,17,1,-3.0,False,35
random_23,2026-09-06,17,11,-3.0,True,36
random_23,2026-09-07,17,6,-0.0,False,37
random_23,2026-08-01,18,11,-0.0,False,0
random_23,2026-08-02,18,9,0.0,True,1
random_23,2026-08-03,18,3,-0.0,False,2
random_23,2026-08-04,18,1,1.0,True,3
random_23,2026-08-05,18,14,-0.0,False,4
random_23,2026-08-06,18,4,2.0,True,5
random_23,2026-08-07,18,0,2.0,False,6
random_23,2026-08-08,18,12,0.0,True,7
random_23,2026-08-09,18,6,-0.0,False,8
random_23,2026-08-10,18,5,2.0,True,9
random_23,2026-08-11,18,2,1.0,False,10
random_23,2026-08-12,18,19,-2.0,True,11
random_23,2026-08-13,18,13,-3.0,False,12
random_23,2026-08-14,18,16,-2.0,False,13
random_23,2026-08-15,18,17,-1.0,True,14
random_23,2026-08-16,18,7,-1.0,True,15
random_23,2026-08-17,18,8,-0.0,False,16
random_23,2026-08-18,18,15,-0.0,False,17
random_23,2026-08-19,18,10,0.0,True,18
random_23,2026-08-20,18,13,0.0,True,19
random_23,2026-08-21,18,5,-1.0,False,20
random_23,2026-08-22,18,6,0.0,True,21
random_23,2026-08-23,18,19,1.0,False,22
random_23,2026-08-24,18,2,1.0,True,23
random_23,2026-08-25,18,10,-1.0,False,24
random_23,2026-08-26,18,8,-1.0,True,25
random_23,2026-08-27,18,7,-1.0,False,26
random_23,2026-08-28,18,15,-3.0,True,27
random_23,2026-08-29,18,3,2.0,True,28
random_23,2026-08-30,18,1,1.0,False,29
random_23,2026-08-31,18,11,-3.0,True,30
random_23,2026-09-01,18,9,-2.0,False,31
random_23,2026-09-02,18,17,2.0,False,32
random_23,2026-09-03,18,16,-1.0,True,33
random_23,2026-09-04,18,4,3.0,False,34
random_23,2026-09-05,18,0,-3.0,True,35
random_23,2026-09-06,18,12,-1.0,False,36
random_23,2026-09-07,18,14,-2.0,True,37
random_23,2026-08-01,19,3,-2.0,False,0
random_23,2026-08-02,19,16,-1.0,True,1
random_23,2026-08-03,19,17,-3.0,False,2
random_23,2026-08-04,19,8,-3.0,True,3
random_23,2026-08-05,19,2,1.0,True,4
random_23,2026-08-06,19,15,-0.0,False,5
random_23,2026-08-07,19,6,1.0,True,6
random_23,2026-08-08,19,5,-1.0,False,7
random_23,2026-08-09,19,7,4.0,True,8
random_23,2026-08-10,19,12,1.0,False,9
random_23,2026-08-11,19,11,1.0,True,10
random_23,2026-08-12,19,18,2.0,False,11
random_23,2026-08-13,19,9,-1.0,True,12
random_23,2026-08-14,19,1,2.0,True,13
random_23,2026-08-15,19,10,-0.0,False,14
random_23,2026-08-16,19,13,-2.0,False,15
random_23,2026-08-17,19,0,-3.0,True,16
random_23,2026-08-18,19,4,-3.0,True,17
random_23,2026-08-19,19,14,-3.0,False,18
random_23,2026-08-20,19,9,-0.0,False,19
random_23,2026-08-21,19,12,4.0,True,20
random_23,2026-08-22,19,7,-0.0,False,21
random_23,2026-08-23,19,18,-1.0,True,22
random_23,2026-08-24,19,11,1.0,False,23
random_23,2026-08-25,19,14,-1.0,True,24
random_23,2026-08-26,19,4,-1.0,False,25
random_23,2026-08-27,19,13,-2.0,True,26
random_23,2026-08-28,19,0,-3.0,False,27
random_23,2026-08-29,19,17,-2.0,True,28
random_23,2026-08-30,19,8,3.0,False,29
random_23,2026-08-31,19,3,3.0,True,30
random_23,2026-09-01,19,16,1.0,False,31
random_23,2026-09-02,19,10,3.0,True,32
random_23,2026-09-03,19,1,2.0,False,33
random_23,2026-09-04,19,5,0.0,True,34
random_23,2026-09-05,19,6,-1.0,False,35
random_23,2026-09-06,19,15,1.0,True,36
random_23,2026-09-07,19,2,4.0,False,37
random_24,2026-08-01,0,14,1.0,False,0
random_24,2026-08-02,0,8,1.0,True,1
random_24,2026-08-03,0,16,-0.0,False,2
random_24,2026-08-04,0,3,-3.0,True,3
random_24,2026-08-05,0,13,-3.0,True,4
random_24,2026-08-06,0,5,1.0,False,5
random_24,2026-08-07,0,18,-1.0,True,6
random_24,2026-08-08,0,15,-0.0,False,7
random_24,2026-08-09,0,12,-3.0,True,8
random_24,2026-08-10,0,11,4.0,False,9
random_24,2026-08-11,0,17,0.0,True,10
random_24,2026-08-12,0,9,-1.0,False,11
random_24,2026-08-13,0,4,0.0,True,12
random_24,2026-08-14,0,10,-4.0,True,13
random_24,2026-08-15,0,1,1.0,False,14
random_24,2026-08-16,0,6,1.0,True,15
random_24,2026-08-17,0,19,1.0,False,16
random_24,2026-08-18,0,7,2.0,False,17
random_24,2026-08-19,0,2,-1.0,True,18
random_24,2026-08-20,0,4,1.0,False,19
random_24,2026-08-21,0,11,-4.0,True,20
random_24,2026-08-22,0,17,-0.0,False,21
random_24,2026-08-23,0,9,-2.0,True,22
random_24,2026-08-24,0,12,-0.0,False,23
random_24,2026-08-25,0,2,-3.0,False,24
random_24,2026-08-26,0,7,7.0,True,25
random_24,2026-08-27,0,6,-1.0,False,26
random_24,2026-08-28,0,19,0.0,True,27
random_24,2026-08-29,0,16,5.0,True,28
random_24,2026-08-30,0,3,-3.0,False,29
random_24,2026-08-31,0,14,2.0,True,30
random_24,2026-09-01,0,8,-1.0,False,31
random_24,2026-09-02,0,1,1.0,True,32
random_24,2026-09-03,0,10,2.0,False,33
random_24,2026-09-04,0,15,-2.0,True,34
random_24,2026-09-05,0,18,-0.0,False,35
random_24,2026-09-06,0,5,3.0,True,36
random_24,2026-09-07,0,13,2.0,False,37
random_24,2026-08-01,1,6,-1.0,True,0
random_24,2026-08-02,1,2,-0.0,False,1
random_24,2026-08-03,1,5,2.0,True,2
random_24,2026-08-04,1,18,-1.0,False,3
random_24,2026-08-05,1,4,-1.0,False,4
random_24,2026-08-06,1,12,-2.0,True,5
random_24,2026-08-07,1,17,-1.0,False,6
random_24,2026-08-08,1,8,1.0,True,7
random_24,2026-08-09,1,13,2.0,False,8
random_24,2026-08-10,1,10,-3.0,True,9
random_24,2026-08-11,1,16,-1.0,False,10
random_24,2026-08-12,1,14,0.0,True,11
random_24,2026-08-13,1,3,-3.0,False,12
random_24,2026-08-14,1,19,1.0,False,13
random_24,2026-08-15,1,0,-1.0,True,14
random_24,2026-08-16,1,15,-4.0,True,15
random_24,2026-08-17,1,7,-0.0,False,16
random_24,2026-08-18,1,9,2.0,False,17
random_24,2026-08-19,1,11,-1.0,True,18
random_24,2026-08-20,1,3,0.0,True,19
random_24,2026-08-21,1,10,-1.0,False,20
random_24,2026-08-22,1,16,2.0,True,21
random_24,2026-08-23,1,14,1.0,False,22
random_24,2026-08-24,1,13,1.0,True,23
random_24,2026-08-25,1,11,-1.0,False,24
random_24,2026-08-26,1,9,-1.0,True,25
random_24,2026-08-27,1,15,1.0,False,26
random_24,2026-08-28,1,7,3.0,True,27
random_24,2026-08-29,1,5,-1.0,False,28
random_24,2026-08-30,1,18,1.0,True,29
random_24,2026-08-31,1,6,3.0,False,30
random_24,2026-09-01,1,2,1.0,True,31
random_24,2026-09-02,1,0,-1.0,False,32
random_24,2026-09-03,1,19,-2.0,True,33
random_24,2026-09-04,1,12,-1.0,False,34
random_24,2026-09-05,1,17,-2.0,True,35
random_24,2026-09-06,1,8,-2.0,False,36
random_24,2026-09-07,1,4,1.0,True,37
random_24,2026-08-01,2,4,1.0,False,0
random_24,2026-08-02,2,1,0.0,True,1
random_24,2026-08-03,2,10,1.0,False,2
random_24,2026-08-04,2,17,-1.0,True,3
random_24,2026-08-05,2,19,1.0,False,4
random_24,2026-08-06,2,3,-3.0,True,5
random_24,2026-08-07,2,16,-1.0,False,6
random_24,2026-08-08,2,14,1.0,True,7
random_24,2026-08-09,2,9,-1.0,True,8
random_24,2026-08-10,2,15,1.0,False,9
random_24,2026-08-11,2,18,2.0,True,10
random_24,2026-08-12,2,11,-1.0,False,11
random_24,2026-08-13,2,8,2.0,True,12
random_24,2026-08-14,2,7,-1.0,True,13
random_24,2026-08-15,2,6,-0.0,False,14
random_24,2026-08-16,2,5,4.0,False,15
random_24,2026-08-17,2,12,1.0,True,16
random_24,2026-08-18,2,13,-1.0,True,17
random_24,2026-08-19,2,0,1.0,False,18
random_24,2026-08-20,2,8,-0.0,False,19
random_24,2026-08-21,2,15,1.0,True,20
random_24,2026-08-22,2,9,-1.0,False,21
random_24,2026-08-23,2,11,-1.0,True,22
random_24,2026-08-24,2,18,2.0,False,23
random_24,2026-08-25,2,0,3.0,True,24
random_24,2026-08-26,2,12,1.0,False,25
random_24,2026-08-27,2,5,-1.0,True,26
random_24,2026-08-28,2,13,-0.0,False,27
random_24,2026-08-29,2,10,0.0,True,28
random_24,2026-08-30,2,17,-1.0,False,29
random_24,2026-08-31,2,4,0.0,True,30
random_24,2026-09-01,2,1,-1.0,False,31
random_24,2026-09-02,2,6,0.0,True,32
random_24,2026-09-03,2,7,6.0,False,33
random_24,2026-09-04,2,3,1.0,False,34
random_24,2026-09-05,2,16,0.0,True,35
random_24,2026-09-06,2,14,-2.0,False,36
random_24,2026-09-07,2,19,1.0,True,37
random_24,2026-08-01,3,19,1.0,True,0
random_24,2026-08-02,3,12,3.0,False,1
random_24,2026-08-03,3,18,1.0,True,2
random_24,2026-08-04,3,0,3.0,False,3
random_24,2026-08-05,3,5,-1.0,True,4
random_24,2026-08-06,3,2,3.0,False,5
random_24,2026-08-07,3,13,0.0,True,6
random_24,2026-08-08,3,10,4.0,False,7
random_24,2026-08-09,3,17,2.0,True,8
random_24,2026-08-10,3,4,3.0,False,9
random_24,2026-08-11,3,8,1.0,True,10
random_24,2026-08-12,3,15,-2.0,False,11
random_24,2026-08-13,3,1,3.0,True,12
random_24,2026-08-14,3,14,-2.0,True,13
random_24,2026-08-15,3,9,-1.0,False,14
random_24,2026-08-16,3,16,0.0,True,15
random_24,2026-08-17,3,11,-2.0,False,16
random_24,2026-08-18,3,6,-0.0,False,17
random_24,2026-08-19,3,7,4.0,True,18
random_24,2026-08-20,3,1,-0.0,False,19
random_24,2026-08-21,3,4,-1.0,True,20
random_24,2026-08-22,3,8,-0.0,False,21
random_24,2026-08-23,3,15,-5.0,True,22
random_24,2026-08-24,3,17,3.0,False,23
random_24,2026-08-25,3,7,2.0,False,24
random_24,2026-08-26,3,6,-1.0,True,25
random_24,2026-08-27,3,16,-1.0,False,26
random_24,2026-08-28,3,11,2.0,True,27
random_24,2026-08-29,3,18,3.0,False,28
random_24,2026-08-30,3,0,3.0,True,29
random_24,2026-08-31,3,19,-1.0,False,30
random_24,2026-09-01,3,12,-3.0,True,31
random_24,2026-09-02,3,9,-1.0,True,32
random_24,2026-09-03,3,14,1.0,False,33
random_24,2026-09-04,3,2,-1.0,True,34
random_24,2026-09-05,3,13,-2.0,False,35
random_24,2026-09-06,3,10,0.0,True,36
random_24,2026-09-07,3,5,-0.0,False,37
random_24,2026-08-01,4,2,-1.0,True,0
random_24,2026-08-02,4,5,-1.0,False,1
random_24,2026-08-03,4,12,2.0,True,2
random_24,2026-08-04,4,6,-2.0,False,3
random_24,2026-08-05,4,1,1.0,True,4
random_24,2026-08-06,4,18,3.0,False,5
random_24,2026-08-07,4,7,-1.0,True,6
random_24,2026-08-08,4,13,-3.0,False,7
random_24,2026-08-09,4,14,1.0,False,8
random_24,2026-08-10,4,3,-3.0,True,9
random_24,2026-08-11,4,10,-0.0,False,10
random_24,2026-08-12,4,16,-2.0,True,11
random_24,2026-08-13,4,0,-0.0,False,12
random_24,2026-08-14,4,17,3.0,False,13
random_24,2026-08-15,4,8,3.0,True,14
random_24,2026-08-16,4,11,2.0,True,15
random_24,2026-08-17,4,9,-4.0,False,16
random_24,2026-08-18,4,19,-4.0,False,17
random_24,2026-08-19,4,15,-2.0,True,18
random_24,2026-08-20,4,0,-1.0,True,19
random_24,2026-08-21,4,3,1.0,False,20
random_24,2026-08-22,4,14,-2.0,True,21
random_24,2026-08-23,4,16,-1.0,False,22
random_24,2026-08-24,4,10,0.0,True,23
random_24,2026-08-25,4,15,-1.0,False,24
random_24,2026-08-26,4,19,2.0,True,25
random_24,2026-08-27,4,11,1.0,False,26
random_24,2026-08-28,4,9,0.0,True,27
random_24,2026-08-29,4,12,-0.0,False,28
random_24,2026-08-30,4,6,-1.0,True,29
random_24,2026-08-31,4,2,-0.0,False,30
random_24,2026-09-01,4,5,-3.0,True,31
random_24,2026-09-02,4,8,-1.0,False,32
random_24,2026-09-03,4,17,1.0,True,33
random_24,2026-09-04,4,18,1.0,True,34
random_24,2026-09-05,4,7,-0.0,False,35
random_24,2026-09-06,4,13,1.0,True,36
random_24,2026-09-07,4,1,-1.0,False,37
random_24,2026-08-01,5,9,-1.0,False,0
random_24,2026-08-02,5,4,1.0,True,1
random_24,2026-08-03,5,1,-2.0,False,2
random_24,2026-08-04,5,10,0.0,True,3
random_24,2026-08-05,5,3,1.0,False,4
random_24,2026-08-06,5,0,-1.0,True,5
random_24,2026-08-07,5,8,-2.0,False,6
random_24,2026-08-08,5,19,1.0,True,7
random_24,2026-08-09,5,15,0.0,True,8
random_24,2026-08-10,5,18,-0.0,False,9
random_24,2026-08-11,5,12,1.0,True,10
random_24,2026-08-12,5,17,-1.0,False,11
random_24,2026-08-13,5,7,1.0,True,12
random_24,2026-08-14,5,13,2.0,True,13
random_24,2026-08-15,5,14,-3.0,False,14
random_24,2026-08-16,5,2,-4.0,True,15
random_24,2026-08-17,5,6,3.0,False,16
random_24,2026-08-18,5,11,-0.0,False,17
random_24,2026-08-19,5,16,0.0,True,18
random_24,2026-08-20,5,7,-1.0,False,19
random_24,2026-08-21,5,18,2.0,True,20
random_24,2026-08-22,5,12,1.0,False,21
random_24,2026-08-23,5,17,0.0,True,22
random_24,2026-08-24,5,15,-0.0,False,23
random_24,2026-08-25,5,16,-4.0,False,24
random_24,2026-08-26,5,11,2.0,True,25
random_24,2026-08-27,5,2,1.0,False,26
random_24,2026-08-28,5,6,-1.0,True,27
random_24,2026-08-29,5,1,1.0,True,28
random_24,2026-08-30,5,10,-2.0,False,29
random_24,2026-08-31,5,9,0.0,True,30
random_24,2026-09-01,5,4,3.0,False,31
random_24,2026-09-02,5,14,2.0,True,32
random_24,2026-09-03,5,13,-0.0,False,33
random_24,2026-09-04,5,19,4.0,False,34
random_24,2026-09-05,5,8,-3.0,True,35
random_24,2026-09-06,5,0,-3.0,False,36
random_24,2026-09-07,5,3,0.0,True,37
random_24,2026-08-01,6,1,1.0,False,0
random_24,2026-08-02,6,10,-2.0,True,1
random_24,2026-08-03,6,14,-0.0,False,2
random_24,2026-08-04,6,4,2.0,True,3
random_24,2026-08-05,6,17,-6.0,False,4
random_24,2026-08-06,6,16,1.0,True,5
random_24,2026-08-07,6,19,-2.0,False,6
random_24,2026-08-08,6,9,-1.0,True,7
random_24,2026-08-09,6,18,2.0,True,8
random_24,2026-08-10,6,8,-1.0,False,9
random_24,2026-08-11,6,7,-2.0,True,10
random_24,2026-08-12,6,12,1.0,False,11
random_24,2026-08-13,6,11,-1.0,True,12
random_24,2026-08-14,6,15,-1.0,False,13
random_24,2026-08-15,6,2,0.0,True,14
random_24,2026-08-16,6,0,-1.0,False,15
random_24,2026-08-17,6,5,-3.0,True,16
random_24,2026-08-18,6,3,0.0,True,17
random_24,2026-08-19,6,13,-1.0,False,18
random_24,2026-08-20,6,11,-0.0,False,19
random_24,2026-08-21,6,8,0.0,True,20
random_24,2026-08-22,6,18,6.0,False,21
random_24,2026-08-23,6,12,-2.0,True,22
random_24,2026-08-24,6,7,-1.0,False,23
random_24,2026-08-25,6,13,0.0,True,24
random_24,2026-08-26,6,3,1.0,False,25
random_24,2026-08-27,6,0,1.0,True,26
random_24,2026-08-28,6,5,1.0,False,27
random_24,2026-08-29,6,14,0.0,True,28
random_24,2026-08-30,6,4,1.0,False,29
random_24,2026-08-31,6,1,-3.0,True,30
random_24,2026-09-01,6,10,-1.0,False,31
random_24,2026-09-02,6,2,-0.0,False,32
random_24,2026-09-03,6,15,4.0,True,33
random_24,2026-09-04,6,16,2.0,False,34
random_24,2026-09-05,6,19,2.0,True,35
random_24,2026-09-06,6,9,-2.0,False,36
random_24,2026-09-07,6,17,0.0,True,37
random_24,2026-08-01,7,8,2.0,False,0
random_24,2026-08-02,7,14,-1.0,True,1
random_24,2026-08-03,7,9,-1.0,False,2
random_24,2026-08-04,7,11,-1.0,True,3
random_24,2026-08-05,7,12,-1.0,False,4
random_24,2026-08-06,7,17,-1.0,True,5
random_24,2026-08-07,7,4,1.0,False,6
random_24,2026-08-08,7,16,1.0,True,7
random_24,2026-08-09,7,19,2.0,False,8
random_24,2026-08-10,7,13,-1.0,True,9
random_24,2026-08-11,7,6,2.0,False,10
random_24,2026-08-12,7,10,-4.0,True,11
random_24,2026-08-13,7,5,-1.0,False,12
random_24,2026-08-14,7,2,1.0,False,13
random_24,2026-08-15,7,15,1.0,True,14
random_24,2026-08-16,7,18,1.0,False,15
random_24,2026-08-17,7,1,0.0,True,16
random_24,2026-08-18,7,0,-2.0,True,17
random_24,2026-08-19,7,3,-4.0,False,18
random_24,2026-08-20,7,5,1.0,True,19
random_24,2026-08-21,7,13,5.0,False,20
random_24,2026-08-22,7,19,-1.0,True,21
random_24,2026-08-23,7,10,-0.0,False,22
random_24,2026-08-24,7,6,1.0,True,23
random_24,2026-08-25,7,3,-2.0,True,24
random_24,2026-08-26,7,0,-7.0,False,25
random_24,2026-08-27,7,18,0.0,True,26
random_24,2026-08-28,7,1,-3.0,False,27
random_24,2026-08-29,7,9,-1.0,True,28
random_24,2026-08-30,7,11,-1.0,False,29
random_24,2026-08-31,7,8,4.0,True,30
random_24,2026-09-01,7,14,3.0,False,31
random_24,2026-09-02,7,15,-0.0,False,32
random_24,2026-09-03,7,2,-6.0,True,33
random_24,2026-09-04,7,17,1.0,False,34
random_24,2026-09-05,7,4,0.0,True,35
random_24,2026-09-06,7,16,-0.0,False,36
random_24,2026-09-07,7,12,0.0,True,37
random_24,2026-08-01,8,7,-2.0,True,0
random_24,2026-08-02,8,0,-1.0,False,1
random_24,2026-08-03,8,15,-2.0,True,2
random_24,2026-08-04,8,19,-2.0,False,3
random_24,2026-08-05,8,11,0.0,True,4
random_24,2026-08-06,8,10,-1.0,False,5
random_24,2026-08-07,8,5,2.0,True,6
random_24,2026-08-08,8,1,-1.0,False,7
random_24,2026-08-09,8,16,1.0,False,8
random_24,2026-08-10,8,6,1.0,True,9
random_24,2026-08-11,8,3,-1.0,False,10
random_24,2026-08-12,8,13,0.0,True,11
random_24,2026-08-13,8,2,-2.0,False,12
random_24,2026-08-14,8,9,3.0,True,13
random_24,2026-08-15,8,4,-3.0,False,14
random_24,2026-08-16,8,17,1.0,False,15
random_24,2026-08-17,8,18,-2.0,True,16
random_24,2026-08-18,8,14,2.0,True,17
random_24,2026-08-19,8,12,-2.0,False,18
random_24,2026-08-20,8,2,0.0,True,19
random_24,2026-08-21,8,6,-0.0,False,20
random_24,2026-08-22,8,3,0.0,True,21
random_24,2026-08-23,8,13,-2.0,False,22
random_24,2026-08-24,8,16,1.0,True,23
random_24,2026-08-25,8,12,0.0,True,24
random_24,2026-08-26,8,18,3.0,False,25
random_24,2026-08-27,8,17,0.0,True,26
random_24,2026-08-28,8,14,1.0,False,27
random_24,2026-08-29,8,15,-3.0,False,28
random_24,2026-08-30,8,19,1.0,True,29
random_24,2026-08-31,8,7,-4.0,False,30
random_24,2026-09-01,8,0,1.0,True,31
random_24,2026-09-02,8,4,1.0,True,32
random_24,2026-09-03,8,9,-2.0,False,33
random_24,2026-09-04,8,10,-2.0,True,34
random_24,2026-09-05,8,5,3.0,False,35
random_24,2026-09-06,8,1,2.0,True,36
random_24,2026-09-07,8,11,-2.0,False,37
random_24,2026-08-01,9,5,1.0,True,0
random_24,2026-08-02,9,18,2.0,False,1
random_24,2026-08-03,9,7,1.0,True,2
random_24,2026-08-04,9,13,1.0,False,3
random_24,2026-08-05,9,15,-1.0,True,4
random_24,2026-08-06,9,11,-3.0,False,5
random_24,2026-08-07,9,10,0.0,True,6
random_24,2026-08-08,9,6,1.0,False,7
random_24,2026-08-09,9,2,1.0,False,8
random_24,2026-08-10,9,16,3.0,True,9
random_24,2026-08-11,9,14,-3.0,False,10
random_24,2026-08-12,9,0,1.0,True,11
random_24,2026-08-13,9,19,1.0,False,12
random_24,2026-08-14,9,8,-3.0,False,13
random_24,2026-08-15,9,3,1.0,True,14
random_24,2026-08-16,9,12,1.0,False,15
random_24,2026-08-17,9,4,4.0,True,16
random_24,2026-08-18,9,1,-2.0,True,17
random_24,2026-08-19,9,17,-0.0,False,18
random_24,2026-08-20,9,19,-1.0,True,19
random_24,2026-08-21,9,16,-0.0,False,20
random_24,2026-08-22,9,2,1.0,True,21
random_24,2026-08-23,9,0,2.0,False,22
random_24,2026-08-24,9,14,4.0,True,23
random_24,2026-08-25,9,17,1.0,True,24
random_24,2026-08-26,9,1,1.0,False,25
random_24,2026-08-27,9,12,0.0,True,26
random_24,2026-08-28,9,4,-0.0,False,27
random_24,2026-08-29,9,7,1.0,False,28
random_24,2026-08-30,9,13,-1.0,True,29
random_24,2026-08-31,9,5,-0.0,False,30
random_24,2026-09-01,9,18,-1.0,True,31
random_24,2026-09-02,9,3,1.0,False,32
random_24,2026-09-03,9,8,2.0,True,33
random_24,2026-09-04,9,11,3.0,True,34
random_24,2026-09-05,9,10,1.0,False,35
random_24,2026-09-06,9,6,2.0,True,36
random_24,2026-09-07,9,15,-3.0,False,37
random_24,2026-08-01,10,15,0.0,True,0
random_24,2026-08-02,10,6,2.0,False,1
random_24,2026-08-03,10,2,-1.0,True,2
random_24,2026-08-04,10,5,-0.0,False,3
random_24,2026-08-05,10,16,-2.0,False,4
random_24,2026-08-06,10,8,1.0,True,5
random_24,2026-08-07,10,9,-0.0,False,6
random_24,2026-08-08,10,3,-4.0,True,7
random_24,2026-08-09,10,11,1.0,True,8
random_24,2026-08-10,10,1,3.0,False,9
random_24,2026-08-11,10,4,0.0,True,10
random_24,2026-08-12,10,7,4.0,False,11
random_24,2026-08-13,10,17,2.0,True,12
random_24,2026-08-14,10,0,4.0,False,13
random_24,2026-08-15,10,19,0.0,True,14
random_24,2026-08-16,10,14,1.0,False,15
random_24,2026-08-17,10,13,1.0,True,16
random_24,2026-08-18,10,12,1.0,True,17
random_24,2026-08-19,10,18,-0.0,False,18
random_24,2026-08-20,10,17,1.0,False,19
random_24,2026-08-21,10,1,1.0,True,20
random_24,2026-08-22,10,11,-0.0,False,21
random_24,2026-08-23,10,7,0.0,True,22
random_24,2026-08-24,10,4,-0.0,False,23
random_24,2026-08-25,10,18,3.0,True,24
random_24,2026-08-26,10,13,-0.0,False,25
random_24,2026-08-27,10,14,0.0,True,26
random_24,2026-08-28,10,12,-3.0,False,27
random_24,2026-08-29,10,2,-0.0,False,28
random_24,2026-08-30,10,5,2.0,True,29
random_24,2026-08-31,10,15,-1.0,False,30
random_24,2026-09-01,10,6,1.0,True,31
random_24,2026-09-02,10,19,-1.0,False,32
random_24,2026-09-03,10,0,-2.0,True,33
random_24,2026-09-04,10,8,2.0,False,34
random_24,2026-09-05,10,9,-1.0,True,35
random_24,2026-09-06,10,3,-0.0,False,36
random_24,2026-09-07,10,16,0.0,True,37
random_24,2026-08-01,11,18,1.0,True,0
random_24,2026-08-02,11,15,-0.0,False,1
random_24,2026-08-03,11,13,3.0,True,2
random_24,2026-08-04,11,7,1.0,False,3
random_24,2026-08-05,11,8,-0.0,False,4
random_24,2026-08-06,11,9,3.0,True,5
random_24,2026-08-07,11,14,5.0,False,6
random_24,2026-08-08,11,17,2.0,True,7
random_24,2026-08-09,11,10,-1.0,False,8
random_24,2026-08-10,11,0,-4.0,True,9
random_24,2026-08-11,11,19,-0.0,False,10
random_24,2026-08-12,11,2,1.0,True,11
random_24,2026-08-13,11,6,1.0,False,12
random_24,2026-08-14,11,12,2.0,False,13
random_24,2026-08-15,11,16,-3.0,True,14
random_24,2026-08-16,11,4,-2.0,False,15
random_24,2026-08-17,11,3,2.0,True,16
random_24,2026-08-18,11,5,0.0,True,17
random_24,2026-08-19,11,1,1.0,False,18
random_24,2026-08-20,11,6,0.0,True,19
random_24,2026-08-21,11,0,4.0,False,20
random_24,2026-08-22,11,10,0.0,True,21
random_24,2026-08-23,11,2,1.0,False,22
random_24,2026-08-24,11,19,0.0,True,23
random_24,2026-08-25,11,1,1.0,True,24
random_24,2026-08-26,11,5,-2.0,False,25
random_24,2026-08-27,11,4,-1.0,True,26
random_24,2026-08-28,11,3,-2.0,False,27
random_24,2026-08-29,11,13,-0.0,False,28
random_24,2026-08-30,11,7,1.0,True,29
random_24,2026-08-31,11,18,7.0,False,30
random_24,2026-09-01,11,15,2.0,True,31
random_24,2026-09-02,11,16,-3.0,False,32
random_24,2026-09-03,11,12,2.0,True,33
random_24,2026-09-04,11,9,-3.0,False,34
random_24,2026-09-05,11,14,1.0,True,35
random_24,2026-09-06,11,17,-3.0,False,36
random_24,2026-09-07,11,8,2.0,True,37
random_24,2026-08-01,12,17,-1.0,False,0
random_24,2026-08-02,12,3,-3.0,True,1
random_24,2026-08-03,12,4,-2.0,False,2
random_24,2026-08-04,12,16,-2.0,True,3
random_24,2026-08-05,12,7,1.0,True,4
random_24,2026-08-06,12,1,2.0,False,5
random_24,2026-08-07,12,15,2.0,True,6
random_24,2026-08-08,12,18,-3.0,False,7
random_24,2026-08-09,12,0,3.0,False,8
random_24,2026-08-10,12,19,-4.0,True,9
random_24,2026-08-11,12,5,-1.0,False,10
random_24,2026-08-12,12,6,-1.0,True,11
random_24,2026-08-13,12,14,-2.0,False,12
random_24,2026-08-14,12,11,-2.0,True,13
random_24,2026-08-15,12,13,-0.0,False,14
random_24,2026-08-16,12,9,-1.0,True,15
random_24,2026-08-17,12,2,-1.0,False,16
random_24,2026-08-18,12,10,-1.0,False,17
random_24,2026-08-19,12,8,2.0,True,18
random_24,2026-08-20,12,14,-1.0,True,19
random_24,2026-08-21,12,19,-1.0,False,20
random_24,2026-08-22,12,5,-1.0,True,21
random_24,2026-08-23,12,6,2.0,False,22
random_24,2026-08-24,12,0,0.0,True,23
random_24,2026-08-25,12,8,-0.0,False,24
random_24,2026-08-26,12,2,-1.0,True,25
random_24,2026-08-27,12,9,-0.0,False,26
random_24,2026-08-28,12,10,3.0,True,27
random_24,2026-08-29,12,4,0.0,True,28
random_24,2026-08-30,12,16,3.0,False,29
random_24,2026-08-31,12,17,2.0,True,30
random_24,2026-09-01,12,3,3.0,False,31
random_24,2026-09-02,12,13,0.0,True,32
random_24,2026-09-03,12,11,-2.0,False,33
random_24,2026-09-04,12,1,1.0,True,34
random_24,2026-09-05,12,15,1.0,False,35
random_24,2026-09-06,12,18,1.0,True,36
random_24,2026-09-07,12,7,-0.0,False,37
random_24,2026-08-01,13,16,-0.0,False,0
random_24,2026-08-02,13,17,-2.0,True,1
random_24,2026-08-03,13,11,-3.0,False,2
random_24,2026-08-04,13,9,-1.0,True,3
random_24,2026-08-05,13,0,3.0,False,4
random_24,2026-08-06,13,14,2.0,True,5
random_24,2026-08-07,13,3,-0.0,False,6
random_24,2026-08-08,13,4,3.0,True,7
random_24,2026-08-09,13,1,-2.0,True,8
random_24,2026-08-10,13,7,1.0,False,9
random_24,2026-08-11,13,15,0.0,True,10
random_24,2026-08-12,13,8,-0.0,False,11
random_24,2026-08-13,13,18,-1.0,True,12
random_24,2026-08-14,13,5,-2.0,False,13
random_24,2026-08-15,13,12,0.0,True,14
random_24,2026-08-16,13,19,4.0,True,15
random_24,2026-08-17,13,10,-1.0,False,16
random_24,2026-08-18,13,2,1.0,False,17
random_24,2026-08-19,13,6,1.0,True,18
random_24,2026-08-20,13,18,-1.0,False,19
random_24,2026-08-21,13,7,-5.0,True,20
random_24,2026-08-22,13,15,-3.0,False,21
random_24,2026-08-23,13,8,2.0,True,22
random_24,2026-08-24,13,1,-1.0,False,23
random_24,2026-08-25,13,6,-0.0,False,24
random_24,2026-08-26,13,10,0.0,True,25
random_24,2026-08-27,13,19,-0.0,False,26
random_24,2026-08-28,13,2,0.0,True,27
random_24,2026-08-29,13,11,0.0,True,28
random_24,2026-08-30,13,9,1.0,False,29
random_24,2026-08-31,13,16,0.0,True,30
random_24,2026-09-01,13,17,2.0,False,31
random_24,2026-09-02,13,12,-0.0,False,32
random_24,2026-09-03,13,5,0.0,True,33
random_24,2026-09-04,13,14,3.0,False,34
random_24,2026-09-05,13,3,2.0,True,35
random_24,2026-09-06,13,4,-1.0,False,36
random_24,2026-09-07,13,0,-2.0,True,37
random_24,2026-08-01,14,0,-1.0,True,0
random_24,2026-08-02,14,7,1.0,False,1
random_24,2026-08-03,14,6,0.0,True,2
random_24,2026-08-04,14,15,-3.0,False,3
random_24,2026-08-05,14,18,-2.0,True,4
random_24,2026-08-06,14,13,-2.0,False,5
random_24,2026-08-07,14,11,-5.0,True,6
random_24,2026-08-08,14,2,-1.0,False,7
random_24,2026-08-09,14,4,-1.0,True,8
random_24,2026-08-10,14,17,1.0,False,9
random_24,2026-08-11,14,9,3.0,True,10
random_24,2026-08-12,14,1,-0.0,False,11
random_24,2026-08-13,14,12,2.0,True,12
random_24,2026-08-14,14,3,2.0,False,13
random_24,2026-08-15,14,5,3.0,True,14
random_24,2026-08-16,14,10,-1.0,True,15
random_24,2026-08-17,14,16,-1.0,False,16
random_24,2026-08-18,14,8,-2.0,False,17
random_24,2026-08-19,14,19,-3.0,True,18
random_24,2026-08-20,14,12,1.0,False,19
random_24,2026-08-21,14,17,-6.0,True,20
random_24,2026-08-22,14,4,2.0,False,21
random_24,2026-08-23,14,1,-1.0,True,22
random_24,2026-08-24,14,9,-4.0,False,23
random_24,2026-08-25,14,19,-2.0,False,24
random_24,2026-08-26,14,16,0.0,True,25
random_24,2026-08-27,14,10,-0.0,False,26
random_24,2026-08-28,14,8,-1.0,True,27
random_24,2026-08-29,14,6,-0.0,False,28
random_24,2026-08-30,14,15,0.0,True,29
random_24,2026-08-31,14,0,-2.0,False,30
random_24,2026-09-01,14,7,-3.0,True,31
random_24,2026-09-02,14,5,-2.0,False,32
random_24,2026-09-03,14,3,-1.0,True,33
random_24,2026-09-04,14,13,-3.0,True,34
random_24,2026-09-05,14,11,-1.0,False,35
random_24,2026-09-06,14,2,2.0,True,36
random_24,2026-09-07,14,18,1.0,False,37
random_24,2026-08-01,15,10,-0.0,False,0
random_24,2026-08-02,15,11,0.0,True,1
random_24,2026-08-03,15,8,2.0,False,2
random_24,2026-08-04,15,14,3.0,True,3
random_24,2026-08-05,15,9,1.0,False,4
random_24,2026-08-06,15,19,1.0,True,5
random_24,2026-08-07,15,12,-2.0,False,6
random_24,2026-08-08,15,0,0.0,True,7
random_24,2026-08-09,15,5,-0.0,False,8
random_24,2026-08-10,15,2,-1.0,True,9
random_24,2026-08-11,15,13,-0.0,False,10
random_24,2026-08-12,15,3,2.0,True,11
random_24,2026-08-13,15,16,1.0,False,12
random_24,2026-08-14,15,6,1.0,True,13
random_24,2026-08-15,15,7,-1.0,False,14
random_24,2026-08-16,15,1,4.0,False,15
random_24,2026-08-17,15,17,2.0,True,16
random_24,2026-08-18,15,18,-1.0,True,17
random_24,2026-08-19,15,4,2.0,False,18
random_24,2026-08-20,15,16,-2.0,True,19
random_24,2026-08-21,15,2,-1.0,False,20
random_24,2026-08-22,15,13,3.0,True,21
random_24,2026-08-23,15,3,5.0,False,22
random_24,2026-08-24,15,5,0.0,True,23
random_24,2026-08-25,15,4,1.0,True,24
random_24,2026-08-26,15,17,-1.0,False,25
random_24,2026-08-27,15,1,-1.0,True,26
random_24,2026-08-28,15,18,2.0,False,27
random_24,2026-08-29,15,8,3.0,True,28
random_24,2026-08-30,15,14,-0.0,False,29
random_24,2026-08-31,15,10,1.0,True,30
random_24,2026-09-01,15,11,-2.0,False,31
random_24,2026-09-02,15,7,0.0,True,32
random_24,2026-09-03,15,6,-4.0,False,33
random_24,2026-09-04,15,0,2.0,False,34
random_24,2026-09-05,15,12,-1.0,True,35
random_24,2026-09-06,15,19,-2.0,False,36
random_24,2026-09-07,15,9,3.0,True,37
random_24,2026-08-01,16,13,0.0,True,0
random_24,2026-08-02,16,19,4.0,False,1
random_24,2026-08-03,16,0,0.0,True,2
random_24,2026-08-04,16,12,2.0,False,3
random_24,2026-08-05,16,10,2.0,True,4
random_24,2026-08-06,16,6,-1.0,False,5
random_24,2026-08-07,16,2,1.0,True,6
random_24,2026-08-08,16,7,-1.0,False,7
random_24,2026-08-09,16,8,-1.0,True,8
random_24,2026-08-10,16,9,-3.0,False,9
random_24,2026-08-11,16,1,1.0,True,10
random_24,2026-08-12,16,4,2.0,False,11
random_24,2026-08-13,16,15,-1.0,True,12
random_24,2026-08-14,16,18,1.0,True,13
random_24,2026-08-15,16,11,3.0,False,14
random_24,2026-08-16,16,3,-0.0,False,15
random_24,2026-08-17,16,14,1.0,True,16
random_24,2026-08-18,16,17,2.0,True,17
random_24,2026-08-19,16,5,-0.0,False,18
random_24,2026-08-20,16,15,2.0,False,19
random_24,2026-08-21,16,9,0.0,True,20
random_24,2026-08-22,16,1,-2.0,False,21
random_24,2026-08-23,16,4,1.0,True,22
random_24,2026-08-24,16,8,-1.0,False,23
random_24,2026-08-25,16,5,4.0,True,24
random_24,2026-08-26,16,14,-0.0,False,25
random_24,2026-08-27,16,3,1.0,True,26
random_24,2026-08-28,16,17,1.0,False,27
random_24,2026-08-29,16,0,-5.0,False,28
random_24,2026-08-30,16,12,-3.0,True,29
random_24,2026-08-31,16,13,-0.0,False,30
random_24,2026-09-01,16,19,0.0,True,31
random_24,2026-09-02,16,11,3.0,True,32
random_24,2026-09-03,16,18,-5.0,False,33
random_24,2026-09-04,16,6,-2.0,True,34
random_24,2026-09-05,16,2,-0.0,False,35
random_24,2026-09-06,16,7,0.0,True,36
random_24,2026-09-07,16,10,-0.0,False,37
random_24,2026-08-01,17,12,1.0,True,0
random_24,2026-08-02,17,13,2.0,False,1
random_24,2026-08-03,17,19,-2.0,True,2
random_24,2026-08-04,17,2,1.0,False,3
random_24,2026-08-05,17,6,6.0,True,4
random_24,2026-08-06,17,7,1.0,False,5
random_24,2026-08-07,17,1,1.0,True,6
random_24,2026-08-08,17,11,-2.0,False,7
random_24,2026-08-09,17,3,-2.0,False,8
random_24,2026-08-10,17,14,-1.0,True,9
random_24,2026-08-11,17,0,-0.0,False,10
random_24,2026-08-12,17,5,1.0,True,11
random_24,2026-08-13,17,10,-2.0,False,12
random_24,2026-08-14,17,4,-3.0,True,13
random_24,2026-08-15,17,18,3.0,False,14
random_24,2026-08-16,17,8,-1.0,True,15
random_24,2026-08-17,17,15,-2.0,False,16
random_24,2026-08-18,17,16,-2.0,False,17
random_24,2026-08-19,17,9,0.0,True,18
random_24,2026-08-20,17,10,-1.0,True,19
random_24,2026-08-21,17,14,6.0,False,20
random_24,2026-08-22,17,0,0.0,True,21
random_24,2026-08-23,17,5,-0.0,False,22
random_24,2026-08-24,17,3,-3.0,True,23
random_24,2026-08-25,17,9,-1.0,False,24
random_24,2026-08-26,17,15,1.0,True,25
random_24,2026-08-27,17,8,-0.0,False,26
random_24,2026-08-28,17,16,-1.0,True,27
random_24,2026-08-29,17,19,1.0,False,28
random_24,2026-08-30,17,2,1.0,True,29
random_24,2026-08-31,17,12,-2.0,False,30
random_24,2026-09-01,17,13,-2.0,True,31
random_24,2026-09-02,17,18,-1.0,True,32
random_24,2026-09-03,17,4,-1.0,False,33
random_24,2026-09-04,17,7,-1.0,True,34
random_24,2026-09-05,17,1,2.0,False,35
random_24,2026-09-06,17,11,3.0,True,36
random_24,2026-09-07,17,6,-0.0,False,37
random_24,2026-08-01,18,11,-1.0,False,0
random_24,2026-08-02,18,9,-2.0,True,1
random_24,2026-08-03,18,3,-1.0,False,2
random_24,2026-08-04,18,1,1.0,True,3
random_24,2026-08-05,18,14,2.0,False,4
random_24,2026-08-06,18,4,-3.0,True,5
random_24,2026-08-07,18,0,1.0,False,6
random_24,2026-08-08,18,12,3.0,True,7
random_24,2026-08-09,18,6,-2.0,False,8
random_24,2026-08-10,18,5,0.0,True,9
random_24,2026-08-11,18,2,-2.0,False,10
random_24,2026-08-12,18,19,1.0,True,11
random_24,2026-08-13,18,13,1.0,False,12
random_24,2026-08-14,18,16,-1.0,False,13
random_24,2026-08-15,18,17,-3.0,True,14
random_24,2026-08-16,18,7,-1.0,True,15
random_24,2026-08-17,18,8,2.0,False,16
random_24,2026-08-18,18,15,1.0,False,17
random_24,2026-08-19,18,10,0.0,True,18
random_24,2026-08-20,18,13,1.0,True,19
random_24,2026-08-21,18,5,-2.0,False,20
random_24,2026-08-22,18,6,-6.0,True,21
random_24,2026-08-23,18,19,2.0,False,22
random_24,2026-08-24,18,2,-2.0,True,23
random_24,2026-08-25,18,10,-3.0,False,24
random_24,2026-08-26,18,8,-3.0,True,25
random_24,2026-08-27,18,7,-0.0,False,26
random_24,2026-08-28,18,15,-2.0,True,27
random_24,2026-08-29,18,3,-3.0,True,28
random_24,2026-08-30,18,1,-1.0,False,29
random_24,2026-08-31,18,11,-7.0,True,30
random_24,2026-09-01,18,9,1.0,False,31
random_24,2026-09-02,18,17,1.0,False,32
random_24,2026-09-03,18,16,5.0,True,33
random_24,2026-09-04,18,4,-1.0,False,34
random_24,2026-09-05,18,0,0.0,True,35
random_24,2026-09-06,18,12,-1.0,False,36
random_24,2026-09-07,18,14,-1.0,True,37
random_24,2026-08-01,19,3,-1.0,False,0
random_24,2026-08-02,19,16,-4.0,True,1
random_24,2026-08-03,19,17,2.0,False,2
random_24,2026-08-04,19,8,2.0,True,3
random_24,2026-08-05,19,2,-1.0,True,4
random_24,2026-08-06,19,15,-1.0,False,5
random_24,2026-08-07,19,6,2.0,True,6
random_24,2026-08-08,19,5,-1.0,False,7
random_24,2026-08-09,19,7,-2.0,True,8
random_24,2026-08-10,19,12,4.0,False,9
random_24,2026-08-11,19,11,0.0,True,10
random_24,2026-08-12,19,18,-1.0,False,11
random_24,2026-08-13,19,9,-1.0,True,12
random_24,2026-08-14,19,1,-1.0,True,13
random_24,2026-08-15,19,10,-0.0,False,14
random_24,2026-08-16,19,13,-4.0,False,15
random_24,2026-08-17,19,0,-1.0,True,16
random_24,2026-08-18,19,4,4.0,True,17
random_24,2026-08-19,19,14,3.0,False,18
random_24,2026-08-20,19,9,1.0,False,19
random_24,2026-08-21,19,12,1.0,True,20
random_24,2026-08-22,19,7,1.0,False,21
random_24,2026-08-23,19,18,-2.0,True,22
random_24,2026-08-24,19,11,-0.0,False,23
random_24,2026-08-25,19,14,2.0,True,24
random_24,2026-08-26,19,4,-2.0,False,25
random_24,2026-08-27,19,13,0.0,True,26
random_24,2026-08-28,19,0,-0.0,False,27
random_24,2026-08-29,19,17,-1.0,True,28
random_24,2026-08-30,19,8,-1.0,False,29
random_24,2026-08-31,19,3,1.0,True,30
random_24,2026-09-01,19,16,-0.0,False,31
random_24,2026-09-02,19,10,1.0,True,32
random_24,2026-09-03,19,1,2.0,False,33
random_24,2026-09-04,19,5,-4.0,True,34
random_24,2026-09-05,19,6,-2.0,False,35
random_24,2026-09-06,19,15,2.0,True,36
random_24,2026-09-07,19,2,-1.0,False,37
random_25,2026-08-01,0,14,-3.0,False,0
random_25,2026-08-02,0,8,2.0,True,1
random_25,2026-08-03,0,16,1.0,False,2
random_25,2026-08-04,0,3,-8.0,True,3
random_25,2026-08-05,0,13,1.0,True,4
random_25,2026-08-06,0,5,2.0,False,5
random_25,2026-08-07,0,18,4.0,True,6
random_25,2026-08-08,0,15,-3.0,False,7
random_25,2026-08-09,0,12,0.0,True,8
random_25,2026-08-10,0,11,-1.0,False,9
random_25,2026-08-11,0,17,0.0,True,10
random_25,2026-08-12,0,9,3.0,False,11
random_25,2026-08-13,0,4,-2.0,True,12
random_25,2026-08-14,0,10,-1.0,True,13
random_25,2026-08-15,0,1,3.0,False,14
random_25,2026-08-16,0,6,-4.0,True,15
random_25,2026-08-17,0,19,1.0,False,16
random_25,2026-08-18,0,7,1.0,False,17
random_25,2026-08-19,0,2,-2.0,True,18
random_25,2026-08-20,0,4,-1.0,False,19
random_25,2026-08-21,0,11,1.0,True,20
random_25,2026-08-22,0,17,-1.0,False,21
random_25,2026-08-23,0,9,2.0,True,22
random_25,2026-08-24,0,12,-0.0,False,23
random_25,2026-08-25,0,2,-0.0,False,24
random_25,2026-08-26,0,7,2.0,True,25
random_25,2026-08-27,0,6,-2.0,False,26
random_25,2026-08-28,0,19,3.0,True,27
random_25,2026-08-29,0,16,0.0,True,28
random_25,2026-08-30,0,3,4.0,False,29
random_25,2026-08-31,0,14,2.0,True,30
random_25,2026-09-01,0,8,1.0,False,31
random_25,2026-09-02,0,1,-3.0,True,32
random_25,2026-09-03,0,10,-1.0,False,33
random_25,2026-09-04,0,15,1.0,True,34
random_25,2026-09-05,0,18,-1.0,False,35
random_25,2026-09-06,0,5,3.0,True,36
random_25,2026-09-07,0,13,-1.0,False,37
random_25,2026-08-01,1,6,3.0,True,0
random_25,2026-08-02,1,2,-1.0,False,1
random_25,2026-08-03,1,5,0.0,True,2
random_25,2026-08-04,1,18,-3.0,False,3
random_25,2026-08-05,1,4,1.0,False,4
random_25,2026-08-06,1,12,0.0,True,5
random_25,2026-08-07,1,17,-2.0,False,6
random_25,2026-08-08,1,8,1.0,True,7
random_25,2026-08-09,1,13,-3.0,False,8
random_25,2026-08-10,1,10,3.0,True,9
random_25,2026-08-11,1,16,2.0,False,10
random_25,2026-08-12,1,14,-2.0,True,11
random_25,2026-08-13,1,3,-5.0,False,12
random_25,2026-08-14,1,19,1.0,False,13
random_25,2026-08-15,1,0,-3.0,True,14
random_25,2026-08-16,1,15,1.0,True,15
random_25,2026-08-17,1,7,-1.0,False,16
random_25,2026-08-18,1,9,-0.0,False,17
random_25,2026-08-19,1,11,-1.0,True,18
random_25,2026-08-20,1,3,2.0,True,19
random_25,2026-08-21,1,10,-0.0,False,20
random_25,2026-08-22,1,16,1.0,True,21
random_25,2026-08-23,1,14,-2.0,False,22
random_25,2026-08-24,1,13,1.0,True,23
random_25,2026-08-25,1,11,-1.0,False,24
random_25,2026-08-26,1,9,-3.0,True,25
random_25,2026-08-27,1,15,-0.0,False,26
random_25,2026-08-28,1,7,-5.0,True,27
random_25,2026-08-29,1,5,-0.0,False,28
random_25,2026-08-30,1,18,-1.0,True,29
random_25,2026-08-31,1,6,2.0,False,30
random_25,2026-09-01,1,2,1.0,True,31
random_25,2026-09-02,1,0,3.0,False,32
random_25,2026-09-03,1,19,-1.0,True,33
random_25,2026-09-04,1,12,-3.0,False,34
random_25,2026-09-05,1,17,0.0,True,35
random_25,2026-09-06,1,8,1.0,False,36
random_25,2026-09-07,1,4,1.0,True,37
random_25,2026-08-01,2,4,2.0,False,0
random_25,2026-08-02,2,1,1.0,True,1
random_25,2026-08-03,2,10,-0.0,False,2
random_25,2026-08-04,2,17,3.0,True,3
random_25,2026-08-05,2,19,2.0,False,4
random_25,2026-08-06,2,3,0.0,True,5
random_25,2026-08-07,2,16,-2.0,False,6
random_25,2026-08-08,2,14,2.0,True,7
random_25,2026-08-09,2,9,2.0,True,8
random_25,2026-08-10,2,15,-2.0,False,9
random_25,2026-08-11,2,18,1.0,True,10
random_25,2026-08-12,2,11,-0.0,False,11
random_25,2026-08-13,2,8,-2.0,True,12
random_25,2026-08-14,2,7,4.0,True,13
random_25,2026-08-15,2,6,1.0,False,14
random_25,2026-08-16,2,5,2.0,False,15
random_25,2026-08-17,2,12,-2.0,True,16
random_25,2026-08-18,2,13,0.0,True,17
random_25,2026-08-19,2,0,2.0,False,18
random_25,2026-08-20,2,8,1.0,False,19
random_25,2026-08-21,2,15,0.0,True,20
random_25,2026-08-22,2,9,-2.0,False,21
random_25,2026-08-23,2,11,2.0,True,22
random_25,2026-08-24,2,18,1.0,False,23
random_25,2026-08-25,2,0,0.0,True,24
random_25,2026-08-26,2,12,-0.0,False,25
random_25,2026-08-27,2,5,2.0,True,26
random_25,2026-08-28,2,13,-2.0,False,27
random_25,2026-08-29,2,10,-1.0,True,28
random_25,2026-08-30,2,17,-2.0,False,29
random_25,2026-08-31,2,4,0.0,True,30
random_25,2026-09-01,2,1,-1.0,False,31
random_25,2026-09-02,2,6,-2.0,True,32
random_25,2026-09-03,2,7,-0.0,False,33
random_25,2026-09-04,2,3,-0.0,False,34
random_25,2026-09-05,2,16,-6.0,True,35
random_25,2026-09-06,2,14,-0.0,False,36
random_25,2026-09-07,2,19,-1.0,True,37
random_25,2026-08-01,3,19,1.0,True,0
random_25,2026-08-02,3,12,-3.0,False,1
random_25,2026-08-03,3,18,-1.0,True,2
random_25,2026-08-04,3,0,8.0,False,3
random_25,2026-08-05,3,5,-2.0,True,4
random_25,2026-08-06,3,2,-0.0,False,5
random_25,2026-08-07,3,13,-3.0,True,6
random_25,2026-08-08,3,10,3.0,False,7
random_25,2026-08-09,3,17,0.0,True,8
random_25,2026-08-10,3,4,-2.0,False,9
random_25,2026-08-11,3,8,3.0,True,10
random_25,2026-08-12,3,15,-1.0,False,11
random_25,2026-08-13,3,1,5.0,True,12
random_25,2026-08-14,3,14,1.0,True,13
random_25,2026-08-15,3,9,-0.0,False,14
random_25,2026-08-16,3,16,-1.0,True,15
random_25,2026-08-17,3,11,2.0,False,16
random_25,2026-08-18,3,6,3.0,False,17
random_25,2026-08-19,3,7,4.0,True,18
random_25,2026-08-20,3,1,-2.0,False,19
random_25,2026-08-21,3,4,4.0,True,20
random_25,2026-08-22,3,8,1.0,False,21
random_25,2026-08-23,3,15,-1.0,True,22
random_25,2026-08-24,3,17,1.0,False,23
random_25,2026-08-25,3,7,-1.0,False,24
random_25,2026-08-26,3,6,4.0,True,25
random_25,2026-08-27,3,16,3.0,False,26
random_25,2026-08-28,3,11,-2.0,True,27
random_25,2026-08-29,3,18,-0.0,False,28
random_25,2026-08-30,3,0,-4.0,True,29
random_25,2026-08-31,3,19,-0.0,False,30
random_25,2026-09-01,3,12,0.0,True,31
random_25,2026-09-02,3,9,0.0,True,32
random_25,2026-09-03,3,14,2.0,False,33
random_25,2026-09-04,3,2,0.0,True,34
random_25,2026-09-05,3,13,2.0,False,35
random_25,2026-09-06,3,10,0.0,True,36
random_25,2026-09-07,3,5,-4.0,False,37
random_25,2026-08-01,4,2,-2.0,True,0
random_25,2026-08-02,4,5,-0.0,False,1
random_25,2026-08-03,4,12,-2.0,True,2
random_25,2026-08-04,4,6,1.0,False,3
random_25,2026-08-05,4,1,-1.0,True,4
random_25,2026-08-06,4,18,-0.0,False,5
random_25,2026-08-07,4,7,-3.0,True,6
random_25,2026-08-08,4,13,-1.0,False,7
random_25,2026-08-09,4,14,-1.0,False,8
random_25,2026-08-10,4,3,2.0,True,9
random_25,2026-08-11,4,10,2.0,False,10
random_25,2026-08-12,4,16,3.0,True,11
random_25,2026-08-13,4,0,2.0,False,12
random_25,2026-08-14,4,17,-2.0,False,13
random_25,2026-08-15,4,8,-2.0,True,14
random_25,2026-08-16,4,11,-1.0,True,15
random_25,2026-08-17,4,9,-2.0,False,16
random_25,2026-08-18,4,19,1.0,False,17
random_25,2026-08-19,4,15,0.0,True,18
random_25,2026-08-20,4,0,1.0,True,19
random_25,2026-08-21,4,3,-4.0,False,20
random_25,2026-08-22,4,14,-3.0,True,21
random_25,2026-08-23,4,16,-3.0,False,22
random_25,2026-08-24,4,10,1.0,True,23
random_25,2026-08-25,4,15,-2.0,False,24
random_25,2026-08-26,4,19,1.0,True,25
random_25,2026-08-27,4,11,-0.0,False,26
random_25,2026-08-28,4,9,3.0,True,27
random_25,2026-08-29,4,12,-0.0,False,28
random_25,2026-08-30,4,6,-2.0,True,29
random_25,2026-08-31,4,2,-0.0,False,30
random_25,2026-09-01,4,5,1.0,True,31
random_25,2026-09-02,4,8,-1.0,False,32
random_25,2026-09-03,4,17,0.0,True,33
random_25,2026-09-04,4,18,-1.0,True,34
random_25,2026-09-05,4,7,-0.0,False,35
random_25,2026-09-06,4,13,0.0,True,36
random_25,2026-09-07,4,1,-1.0,False,37
random_25,2026-08-01,5,9,-0.0,False,0
random_25,2026-08-02,5,4,0.0,True,1
random_25,2026-08-03,5,1,-0.0,False,2
random_25,2026-08-04,5,10,1.0,True,3
random_25,2026-08-05,5,3,2.0,False,4
random_25,2026-08-06,5,0,-2.0,True,5
random_25,2026-08-07,5,8,-1.0,False,6
random_25,2026-08-08,5,19,-1.0,True,7
random_25,2026-08-09,5,15,0.0,True,8
random_25,2026-08-10,5,18,-0.0,False,9
random_25,2026-08-11,5,12,0.0,True,10
random_25,2026-08-12,5,17,-1.0,False,11
random_25,2026-08-13,5,7,0.0,True,12
random_25,2026-08-14,5,13,0.0,True,13
random_25,2026-08-15,5,14,5.0,False,14
random_25,2026-08-16,5,2,-2.0,True,15
random_25,2026-08-17,5,6,-1.0,False,16
random_25,2026-08-18,5,11,-4.0,False,17
random_25,2026-08-19,5,16,2.0,True,18
random_25,2026-08-20,5,7,1.0,False,19
random_25,2026-08-21,5,18,2.0,True,20
random_25,2026-08-22,5,12,1.0,False,21
random_25,2026-08-23,5,17,-2.0,True,22
random_25,2026-08-24,5,15,2.0,False,23
random_25,2026-08-25,5,16,-0.0,False,24
random_25,2026-08-26,5,11,0.0,True,25
random_25,2026-08-27,5,2,-2.0,False,26
random_25,2026-08-28,5,6,-1.0,True,27
random_25,2026-08-29,5,1,0.0,True,28
random_25,2026-08-30,5,10,-0.0,False,29
random_25,2026-08-31,5,9,1.0,True,30
random_25,2026-09-01,5,4,-1.0,False,31
random_25,2026-09-02,5,14,-3.0,True,32
random_25,2026-09-03,5,13,-3.0,False,33
random_25,2026-09-04,5,19,3.0,False,34
random_25,2026-09-05,5,8,3.0,True,35
random_25,2026-09-06,5,0,-3.0,False,36
random_25,2026-09-07,5,3,4.0,True,37
random_25,2026-08-01,6,1,-3.0,False,0
random_25,2026-08-02,6,10,-2.0,True,1
random_25,2026-08-03,6,14,-0.0,False,2
random_25,2026-08-04,6,4,-1.0,True,3
random_25,2026-08-05,6,17,2.0,False,4
random_25,2026-08-06,6,16,-1.0,True,5
random_25,2026-08-07,6,19,1.0,False,6
random_25,2026-08-08,6,9,-1.0,True,7
random_25,2026-08-09,6,18,1.0,True,8
random_25,2026-08-10,6,8,1.0,False,9
random_25,2026-08-11,6,7,2.0,True,10
random_25,2026-08-12,6,12,-0.0,False,11
random_25,2026-08-13,6,11,2.0,True,12
random_25,2026-08-14,6,15,1.0,False,13
random_25,2026-08-15,6,2,-1.0,True,14
random_25,2026-08-16,6,0,4.0,False,15
random_25,2026-08-17,6,5,1.0,True,16
random_25,2026-08-18,6,3,-3.0,True,17
random_25,2026-08-19,6,13,-1.0,False,18
random_25,2026-08-20,6,11,-2.0,False,19
random_25,2026-08-21,6,8,1.0,True,20
random_25,2026-08-22,6,18,3.0,False,21
random_25,2026-08-23,6,12,1.0,True,22
random_25,2026-08-24,6,7,3.0,False,23
random_25,2026-08-25,6,13,0.0,True,24
random_25,2026-08-26,6,3,-4.0,False,25
random_25,2026-08-27,6,0,2.0,True,26
random_25,2026-08-28,6,5,1.0,False,27
random_25,2026-08-29,6,14,-1.0,True,28
random_25,2026-08-30,6,4,2.0,False,29
random_25,2026-08-31,6,1,-2.0,True,30
random_25,2026-09-01,6,10,-4.0,False,31
random_25,2026-09-02,6,2,2.0,False,32
random_25,2026-09-03,6,15,-3.0,True,33
random_25,2026-09-04,6,16,-0.0,False,34
random_25,2026-09-05,6,19,-2.0,True,35
random_25,2026-09-06,6,9,-5.0,False,36
random_25,2026-09-07,6,17,-2.0,True,37
random_25,2026-08-01,7,8,-1.0,False,0
random_25,2026-08-02,7,14,0.0,True,1
random_25,2026-08-03,7,9,1.0,False,2
random_25,2026-08-04,7,11,0.0,True,3
random_25,2026-08-05,7,12,2.0,False,4
random_25,2026-08-06,7,17,3.0,True,5
random_25,2026-08-07,7,4,3.0,False,6
random_25,2026-08-08,7,16,-4.0,True,7
random_25,2026-08-09,7,19,-2.0,False,8
random_25,2026-08-10,7,13,2.0,True,9
random_25,2026-08-11,7,6,-2.0,False,10
random_25,2026-08-12,7,10,3.0,True,11
random_25,2026-08-13,7,5,-0.0,False,12
random_25,2026-08-14,7,2,-4.0,False,13
random_25,2026-08-15,7,15,-2.0,True,14
random_25,2026-08-16,7,18,2.0,False,15
random_25,2026-08-17,7,1,1.0,True,16
random_25,2026-08-18,7,0,-1.0,True,17
random_25,2026-08-19,7,3,-4.0,False,18
random_25,2026-08-20,7,5,-1.0,True,19
random_25,2026-08-21,7,13,-1.0,False,20
random_25,2026-08-22,7,19,2.0,True,21
random_25,2026-08-23,7,10,-0.0,False,22
random_25,2026-08-24,7,6,-3.0,True,23
random_25,2026-08-25,7,3,1.0,True,24
random_25,2026-08-26,7,0,-2.0,False,25
random_25,2026-08-27,7,18,0.0,True,26
random_25,2026-08-28,7,1,5.0,False,27
random_25,2026-08-29,7,9,0.0,True,28
random_25,2026-08-30,7,11,1.0,False,29
random_25,2026-08-31,7,8,-2.0,True,30
random_25,2026-09-01,7,14,2.0,False,31
random_25,2026-09-02,7,15,-3.0,False,32
random_25,2026-09-03,7,2,0.0,True,33
random_25,2026-09-04,7,17,-0.0,False,34
random_25,2026-09-05,7,4,0.0,True,35
random_25,2026-09-06,7,16,-0.0,False,36
random_25,2026-09-07,7,12,2.0,True,37
random_25,2026-08-01,8,7,1.0,True,0
random_25,2026-08-02,8,0,-2.0,False,1
random_25,2026-08-03,8,15,0.0,True,2
random_25,2026-08-04,8,19,-1.0,False,3
random_25,2026-08-05,8,11,1.0,True,4
random_25,2026-08-06,8,10,2.0,False,5
random_25,2026-08-07,8,5,1.0,True,6
random_25,2026-08-08,8,1,-1.0,False,7
random_25,2026-08-09,8,16,2.0,False,8
random_25,2026-08-10,8,6,-1.0,True,9
random_25,2026-08-11,8,3,-3.0,False,10
random_25,2026-08-12,8,13,0.0,True,11
random_25,2026-08-13,8,2,2.0,False,12
random_25,2026-08-14,8,9,-1.0,True,13
random_25,2026-08-15,8,4,2.0,False,14
random_25,2026-08-16,8,17,3.0,False,15
random_25,2026-08-17,8,18,0.0,True,16
random_25,2026-08-18,8,14,-4.0,True,17
random_25,2026-08-19,8,12,-1.0,False,18
random_25,2026-08-20,8,2,-1.0,True,19
random_25,2026-08-21,8,6,-1.0,False,20
random_25,2026-08-22,8,3,-1.0,True,21
random_25,2026-08-23,8,13,-0.0,False,22
random_25,2026-08-24,8,16,1.0,True,23
random_25,2026-08-25,8,12,0.0,True,24
random_25,2026-08-26,8,18,-0.0,False,25
random_25,2026-08-27,8,17,-1.0,True,26
random_25,2026-08-28,8,14,-3.0,False,27
random_25,2026-08-29,8,15,-1.0,False,28
random_25,2026-08-30,8,19,1.0,True,29
random_25,2026-08-31,8,7,2.0,False,30
random_25,2026-09-01,8,0,-1.0,True,31
random_25,2026-09-02,8,4,1.0,True,32
random_25,2026-09-03,8,9,1.0,False,33
random_25,2026-09-04,8,10,3.0,True,34
random_25,2026-09-05,8,5,-3.0,False,35
random_25,2026-09-06,8,1,-1.0,True,36
random_25,2026-09-07,8,11,2.0,False,37
random_25,2026-08-01,9,5,0.0,True,0
random_25,2026-08-02,9,18,-0.0,False,1
random_25,2026-08-03,9,7,-1.0,True,2
random_25,2026-08-04,9,13,-0.0,False,3
random_25,2026-08-05,9,15,0.0,True,4
random_25,2026-08-06,9,11,-2.0,False,5
random_25,2026-08-07,9,10,0.0,True,6
random_25,2026-08-08,9,6,1.0,False,7
random_25,2026-08-09,9,2,-2.0,False,8
random_25,2026-08-10,9,16,2.0,True,9
random_25,2026-08-11,9,14,-4.0,False,10
random_25,2026-08-12,9,0,-3.0,True,11
random_25,2026-08-13,9,19,1.0,False,12
random_25,2026-08-14,9,8,1.0,False,13
random_25,2026-08-15,9,3,0.0,True,14
random_25,2026-08-16,9,12,-6.0,False,15
random_25,2026-08-17,9,4,2.0,True,16
random_25,2026-08-18,9,1,0.0,True,17
random_25,2026-08-19,9,17,4.0,False,18
random_25,2026-08-20,9,19,-1.0,True,19
random_25,2026-08-21,9,16,1.0,False,20
random_25,2026-08-22,9,2,2.0,True,21
random_25,2026-08-23,9,0,-2.0,False,22
random_25,2026-08-24,9,14,-3.0,True,23
random_25,2026-08-25,9,17,0.0,True,24
random_25,2026-08-26,9,1,3.0,False,25
random_25,2026-08-27,9,12,-1.0,True,26
random_25,2026-08-28,9,4,-3.0,False,27
random_25,2026-08-29,9,7,-0.0,False,28
random_25,2026-08-30,9,13,0.0,True,29
random_25,2026-08-31,9,5,-1.0,False,30
random_25,2026-09-01,9,18,0.0,True,31
random_25,2026-09-02,9,3,-0.0,False,32
random_25,2026-09-03,9,8,-1.0,True,33
random_25,2026-09-04,9,11,1.0,True,34
random_25,2026-09-05,9,10,1.0,False,35
random_25,2026-09-06,9,6,5.0,True,36
random_25,2026-09-07,9,15,-3.0,False,37
random_25,2026-08-01,10,15,1.0,True,0
random_25,2026-08-02,10,6,2.0,False,1
random_25,2026-08-03,10,2,0.0,True,2
random_25,2026-08-04,10,5,-1.0,False,3
random_25,2026-08-05,10,16,2.0,False,4
random_25,2026-08-06,10,8,-2.0,True,5
random_25,2026-08-07,10,9,-0.0,False,6
random_25,2026-08-08,10,3,-3.0,True,7
random_25,2026-08-09,10,11,-1.0,True,8
random_25,2026-08-10,10,1,-3.0,False,9
random_25,2026-08-11,10,4,-2.0,True,10
random_25,2026-08-12,10,7,-3.0,False,11
random_25,2026-08-13,10,17,-2.0,True,12
random_25,2026-08-14,10,0,1.0,False,13
random_25,2026-08-15,10,19,1.0,True,14
random_25,2026-08-16,10,14,-3.0,False,15
random_25,2026-08-17,10,13,1.0,True,16
random_25,2026-08-18,10,12,-1.0,True,17
random_25,2026-08-19,10,18,-0.0,False,18
random_25,2026-08-20,10,17,-0.0,False,19
random_25,2026-08-21,10,1,0.0,True,20
random_25,2026-08-22,10,11,-3.0,False,21
random_25,2026-08-23,10,7,0.0,True,22
random_25,2026-08-24,10,4,-1.0,False,23
random_25,2026-08-25,10,18,-2.0,True,24
random_25,2026-08-26,10,13,2.0,False,25
random_25,2026-08-27,10,14,-1.0,True,26
random_25,2026-08-28,10,12,-2.0,False,27
random_25,2026-08-29,10,2,1.0,False,28
random_25,2026-08-30,10,5,0.0,True,29
random_25,2026-08-31,10,15,-3.0,False,30
random_25,2026-09-01,10,6,4.0,True,31
random_25,2026-09-02,10,19,-0.0,False,32
random_25,2026-09-03,10,0,1.0,True,33
random_25,2026-09-04,10,8,-3.0,False,34
random_25,2026-09-05,10,9,-1.0,True,35
random_25,2026-09-06,10,3,-0.0,False,36
random_25,2026-09-07,10,16,1.0,True,37
random_25,2026-08-01,11,18,-1.0,True,0
random_25,2026-08-02,11,15,-1.0,False,1
random_25,2026-08-03,11,13,-1.0,True,2
random_25,2026-08-04,11,7,-0.0,False,3
random_25,2026-08-05,11,8,-1.0,False,4
random_25,2026-08-06,11,9,2.0,True,5
random_25,2026-08-07,11,14,1.0,False,6
random_25,2026-08-08,11,17,2.0,True,7
random_25,2026-08-09,11,10,1.0,False,8
random_25,2026-08-10,11,0,1.0,True,9
random_25,2026-08-11,11,19,1.0,False,10
random_25,2026-08-12,11,2,0.0,True,11
random_25,2026-08-13,11,6,-2.0,False,12
random_25,2026-08-14,11,12,-3.0,False,13
random_25,2026-08-15,11,16,0.0,True,14
random_25,2026-08-16,11,4,1.0,False,15
random_25,2026-08-17,11,3,-2.0,True,16
random_25,2026-08-18,11,5,4.0,True,17
random_25,2026-08-19,11,1,1.0,False,18
random_25,2026-08-20,11,6,2.0,True,19
random_25,2026-08-21,11,0,-1.0,False,20
random_25,2026-08-22,11,10,3.0,True,21
random_25,2026-08-23,11,2,-2.0,False,22
random_25,2026-08-24,11,19,3.0,True,23
random_25,2026-08-25,11,1,1.0,True,24
random_25,2026-08-26,11,5,-0.0,False,25
random_25,2026-08-27,11,4,0.0,True,26
random_25,2026-08-28,11,3,2.0,False,27
random_25,2026-08-29,11,13,3.0,False,28
random_25,2026-08-30,11,7,-1.0,True,29
random_25,2026-08-31,11,18,1.0,False,30
random_25,2026-09-01,11,15,1.0,True,31
random_25,2026-09-02,11,16,1.0,False,32
random_25,2026-09-03,11,12,-1.0,True,33
random_25,2026-09-04,11,9,-1.0,False,34
random_25,2026-09-05,11,14,1.0,True,35
random_25,2026-09-06,11,17,-5.0,False,36
random_25,2026-09-07,11,8,-2.0,True,37
random_25,2026-08-01,12,17,-1.0,False,0
random_25,2026-08-02,12,3,3.0,True,1
random_25,2026-08-03,12,4,2.0,False,2
random_25,2026-08-04,12,16,-3.0,True,3
random_25,2026-08-05,12,7,-2.0,True,4
random_25,2026-08-06,12,1,-0.0,False,5
random_25,2026-08-07,12,15,4.0,True,6
random_25,2026-08-08,12,18,1.0,False,7
random_25,2026-08-09,12,0,-0.0,False,8
random_25,2026-08-10,12,19,0.0,True,9
random_25,2026-08-11,12,5,-0.0,False,10
random_25,2026-08-12,12,6,0.0,True,11
random_25,2026-08-13,12,14,-0.0,False,12
random_25,2026-08-14,12,11,3.0,True,13
random_25,2026-08-15,12,13,2.0,False,14
random_25,2026-08-16,12,9,6.0,True,15
random_25,2026-08-17,12,2,2.0,False,16
random_25,2026-08-18,12,10,1.0,False,17
random_25,2026-08-19,12,8,1.0,True,18
random_25,2026-08-20,12,14,0.0,True,19
random_25,2026-08-21,12,19,3.0,False,20
random_25,2026-08-22,12,5,-1.0,True,21
random_25,2026-08-23,12,6,-1.0,False,22
random_25,2026-08-24,12,0,0.0,True,23
random_25,2026-08-25,12,8,-0.0,False,24
random_25,2026-08-26,12,2,0.0,True,25
random_25,2026-08-27,12,9,1.0,False,26
random_25,2026-08-28,12,10,2.0,True,27
random_25,2026-08-29,12,4,0.0,True,28
random_25,2026-08-30,12,16,-0.0,False,29
random_25,2026-08-31,12,17,2.0,True,30
random_25,2026-09-01,12,3,-0.0,False,31
random_25,2026-09-02,12,13,3.0,True,32
random_25,2026-09-03,12,11,1.0,False,33
random_25,2026-09-04,12,1,3.0,True,34
random_25,2026-09-05,12,15,-0.0,False,35
random_25,2026-09-06,12,18,-3.0,True,36
random_25,2026-09-07,12,7,-2.0,False,37
random_25,2026-08-01,13,16,-0.0,False,0
random_25,2026-08-02,13,17,1.0,True,1
random_25,2026-08-03,13,11,1.0,False,2
random_25,2026-08-04,13,9,0.0,True,3
random_25,2026-08-05,13,0,-1.0,False,4
random_25,2026-08-06,13,14,0.0,True,5
random_25,2026-08-07,13,3,3.0,False,6
random_25,2026-08-08,13,4,1.0,True,7
random_25,2026-08-09,13,1,3.0,True,8
random_25,2026-08-10,13,7,-2.0,False,9
random_25,2026-08-11,13,15,-3.0,True,10
random_25,2026-08-12,13,8,-0.0,False,11
random_25,2026-08-13,13,18,2.0,True,12
random_25,2026-08-14,13,5,-0.0,False,13
random_25,2026-08-15,13,12,-2.0,True,14
random_25,2026-08-16,13,19,-2.0,True,15
random_25,2026-08-17,13,10,-1.0,False,16
random_25,2026-08-18,13,2,-0.0,False,17
random_25,2026-08-19,13,6,1.0,True,18
random_25,2026-08-20,13,18,1.0,False,19
random_25,2026-08-21,13,7,1.0,True,20
random_25,2026-08-22,13,15,-1.0,False,21
random_25,2026-08-23,13,8,0.0,True,22
random_25,2026-08-24,13,1,-1.0,False,23
random_25,2026-08-25,13,6,-0.0,False,24
random_25,2026-08-26,13,10,-2.0,True,25
random_25,2026-08-27,13,19,-1.0,False,26
random_25,2026-08-28,13,2,2.0,True,27
random_25,2026-08-29,13,11,-3.0,True,28
random_25,2026-08-30,13,9,-0.0,False,29
random_25,2026-08-31,13,16,-1.0,True,30
random_25,2026-09-01,13,17,-0.0,False,31
random_25,2026-09-02,13,12,-3.0,False,32
random_25,2026-09-03,13,5,3.0,True,33
random_25,2026-09-04,13,14,-0.0,False,34
random_25,2026-09-05,13,3,-2.0,True,35
random_25,2026-09-06,13,4,-0.0,False,36
random_25,2026-09-07,13,0,1.0,True,37
random_25,2026-08-01,14,0,3.0,True,0
random_25,2026-08-02,14,7,-0.0,False,1
random_25,2026-08-03,14,6,0.0,True,2
random_25,2026-08-04,14,15,-0.0,False,3
random_25,2026-08-05,14,18,-1.0,True,4
random_25,2026-08-06,14,13,-0.0,False,5
random_25,2026-08-07,14,11,-1.0,True,6
random_25,2026-08-08,14,2,-2.0,False,7
random_25,2026-08-09,14,4,1.0,True,8
random_25,2026-08-10,14,17,-2.0,False,9
random_25,2026-08-11,14,9,4.0,True,10
random_25,2026-08-12,14,1,2.0,False,11
random_25,2026-08-13,14,12,0.0,True,12
random_25,2026-08-14,14,3,-1.0,False,13
random_25,2026-08-15,14,5,-5.0,True,14
random_25,2026-08-16,14,10,3.0,True,15
random_25,2026-08-17,14,16,-2.0,False,16
random_25,2026-08-18,14,8,4.0,False,17
random_25,2026-08-19,14,19,1.0,True,18
random_25,2026-08-20,14,12,-0.0,False,19
random_25,2026-08-21,14,17,1.0,True,20
random_25,2026-08-22,14,4,3.0,False,21
random_25,2026-08-23,14,1,2.0,True,22
random_25,2026-08-24,14,9,3.0,False,23
random_25,2026-08-25,14,19,-3.0,False,24
random_25,2026-08-26,14,16,0.0,True,25
random_25,2026-08-27,14,10,1.0,False,26
random_25,2026-08-28,14,8,3.0,True,27
random_25,2026-08-29,14,6,1.0,False,28
random_25,2026-08-30,14,15,-1.0,True,29
random_25,2026-08-31,14,0,-2.0,False,30
random_25,2026-09-01,14,7,-2.0,True,31
random_25,2026-09-02,14,5,3.0,False,32
random_25,2026-09-03,14,3,-2.0,True,33
random_25,2026-09-04,14,13,0.0,True,34
random_25,2026-09-05,14,11,-1.0,False,35
random_25,2026-09-06,14,2,0.0,True,36
random_25,2026-09-07,14,18,-1.0,False,37
random_25,2026-08-01,15,10,-1.0,False,0
random_25,2026-08-02,15,11,1.0,True,1
random_25,2026-08-03,15,8,-0.0,False,2
random_25,2026-08-04,15,14,0.0,True,3
random_25,2026-08-05,15,9,-0.0,False,4
random_25,2026-08-06,15,19,1.0,True,5
random_25,2026-08-07,15,12,-4.0,False,6
random_25,2026-08-08,15,0,3.0,True,7
random_25,2026-08-09,15,5,-0.0,False,8
random_25,2026-08-10,15,2,2.0,True,9
random_25,2026-08-11,15,13,3.0,False,10
random_25,2026-08-12,15,3,1.0,True,11
random_25,2026-08-13,15,16,-1.0,False,12
random_25,2026-08-14,15,6,-1.0,True,13
random_25,2026-08-15,15,7,2.0,False,14
random_25,2026-08-16,15,1,-1.0,False,15
random_25,2026-08-17,15,17,0.0,True,16
random_25,2026-08-18,15,18,-3.0,True,17
random_25,2026-08-19,15,4,-0.0,False,18
random_25,2026-08-20,15,16,-2.0,True,19
random_25,2026-08-21,15,2,-0.0,False,20
random_25,2026-08-22,15,13,1.0,True,21
random_25,2026-08-23,15,3,1.0,False,22
random_25,2026-08-24,15,5,-2.0,True,23
random_25,2026-08-25,15,4,2.0,True,24
random_25,2026-08-26,15,17,-0.0,False,25
random_25,2026-08-27,15,1,0.0,True,26
random_25,2026-08-28,15,18,2.0,False,27
random_25,2026-08-29,15,8,1.0,True,28
random_25,2026-08-30,15,14,1.0,False,29
random_25,2026-08-31,15,10,3.0,True,30
random_25,2026-09-01,15,11,-1.0,False,31
random_25,2026-09-02,15,7,3.0,True,32
random_25,2026-09-03,15,6,3.0,False,33
random_25,2026-09-04,15,0,-1.0,False,34
random_25,2026-09-05,15,12,0.0,True,35
random_25,2026-09-06,15,19,2.0,False,36
random_25,2026-09-07,15,9,3.0,True,37
random_25,2026-08-01,16,13,0.0,True,0
random_25,2026-08-02,16,19,-2.0,False,1
random_25,2026-08-03,16,0,-1.0,True,2
random_25,2026-08-04,16,12,3.0,False,3
random_25,2026-08-05,16,10,-2.0,True,4
random_25,2026-08-06,16,6,1.0,False,5
random_25,2026-08-07,16,2,2.0,True,6
random_25,2026-08-08,16,7,4.0,False,7
random_25,2026-08-09,16,8,-2.0,True,8
random_25,2026-08-10,16,9,-2.0,False,9
random_25,2026-08-11,16,1,-2.0,True,10
random_25,2026-08-12,16,4,-3.0,False,11
random_25,2026-08-13,16,15,1.0,True,12
random_25,2026-08-14,16,18,3.0,True,13
random_25,2026-08-15,16,11,-0.0,False,14
random_25,2026-08-16,16,3,1.0,False,15
random_25,2026-08-17,16,14,2.0,True,16
random_25,2026-08-18,16,17,2.0,True,17
random_25,2026-08-19,16,5,-2.0,False,18
random_25,2026-08-20,16,15,2.0,False,19
random_25,2026-08-21,16,9,-1.0,True,20
random_25,2026-08-22,16,1,-1.0,False,21
random_25,2026-08-23,16,4,3.0,True,22
random_25,2026-08-24,16,8,-1.0,False,23
random_25,2026-08-25,16,5,0.0,True,24
random_25,2026-08-26,16,14,-0.0,False,25
random_25,2026-08-27,16,3,-3.0,True,26
random_25,2026-08-28,16,17,-0.0,False,27
random_25,2026-08-29,16,0,-0.0,False,28
random_25,2026-08-30,16,12,0.0,True,29
random_25,2026-08-31,16,13,1.0,False,30
random_25,2026-09-01,16,19,-2.0,True,31
random_25,2026-09-02,16,11,-1.0,True,32
random_25,2026-09-03,16,18,2.0,False,33
random_25,2026-09-04,16,6,0.0,True,34
random_25,2026-09-05,16,2,6.0,False,35
random_25,2026-09-06,16,7,0.0,True,36
random_25,2026-09-07,16,10,-1.0,False,37
random_25,2026-08-01,17,12,1.0,True,0
random_25,2026-08-02,17,13,-1.0,False,1
random_25,2026-08-03,17,19,1.0,True,2
random_25,2026-08-04,17,2,-3.0,False,3
random_25,2026-08-05,17,6,-2.0,True,4
random_25,2026-08-06,17,7,-3.0,False,5
random_25,2026-08-07,17,1,2.0,True,6
random_25,2026-08-08,17,11,-2.0,False,7
random_25,2026-08-09,17,3,-0.0,False,8
random_25,2026-08-10,17,14,2.0,True,9
random_25,2026-08-11,17,0,-0.0,False,10
random_25,2026-08-12,17,5,1.0,True,11
random_25,2026-08-13,17,10,2.0,False,12
random_25,2026-08-14,17,4,2.0,True,13
random_25,2026-08-15,17,18,-0.0,False,14
random_25,2026-08-16,17,8,-3.0,True,15
random_25,2026-08-17,17,15,-0.0,False,16
random_25,2026-08-18,17,16,-2.0,False,17
random_25,2026-08-19,17,9,-4.0,True,18
random_25,2026-08-20,17,10,0.0,True,19
random_25,2026-08-21,17,14,-1.0,False,20
random_25,2026-08-22,17,0,1.0,True,21
random_25,2026-08-23,17,5,2.0,False,22
random_25,2026-08-24,17,3,-1.0,True,23
random_25,2026-08-25,17,9,-0.0,False,24
random_25,2026-08-26,17,15,0.0,True,25
random_25,2026-08-27,17,8,1.0,False,26
random_25,2026-08-28,17,16,0.0,True,27
random_25,2026-08-29,17,19,-2.0,False,28
random_25,2026-08-30,17,2,2.0,True,29
random_25,2026-08-31,17,12,-2.0,False,30
random_25,2026-09-01,17,13,0.0,True,31
random_25,2026-09-02,17,18,1.0,True,32
random_25,2026-09-03,17,4,-0.0,False,33
random_25,2026-09-04,17,7,0.0,True,34
random_25,2026-09-05,17,1,-0.0,False,35
random_25,2026-09-06,17,11,5.0,True,36
random_25,2026-09-07,17,6,2.0,False,37
random_25,2026-08-01,18,11,1.0,False,0
random_25,2026-08-02,18,9,0.0,True,1
random_25,2026-08-03,18,3,1.0,False,2
random_25,2026-08-04,18,1,3.0,True,3
random_25,2026-08-05,18,14,1.0,False,4
random_25,2026-08-06,18,4,0.0,True,5
random_25,2026-08-07,18,0,-4.0,False,6
random_25,2026-08-08,18,12,-1.0,True,7
random_25,2026-08-09,18,6,-1.0,False,8
random_25,2026-08-10,18,5,0.0,True,9
random_25,2026-08-11,18,2,-1.0,False,10
random_25,2026-08-12,18,19,0.0,True,11
random_25,2026-08-13,18,13,-2.0,False,12
random_25,2026-08-14,18,16,-3.0,False,13
random_25,2026-08-15,18,17,0.0,True,14
random_25,2026-08-16,18,7,-2.0,True,15
random_25,2026-08-17,18,8,-0.0,False,16
random_25,2026-08-18,18,15,3.0,False,17
random_25,2026-08-19,18,10,0.0,True,18
random_25,2026-08-20,18,13,-1.0,True,19
random_25,2026-08-21,18,5,-2.0,False,20
random_25,2026-08-22,18,6,-3.0,True,21
random_25,2026-08-23,18,19,-1.0,False,22
random_25,2026-08-24,18,2,-1.0,True,23
random_25,2026-08-25,18,10,2.0,False,24
random_25,2026-08-26,18,8,0.0,True,25
random_25,2026-08-27,18,7,-0.0,False,26
random_25,2026-08-28,18,15,-2.0,True,27
random_25,2026-08-29,18,3,0.0,True,28
random_25,2026-08-30,18,1,1.0,False,29
random_25,2026-08-31,18,11,-1.0,True,30
random_25,2026-09-01,18,9,-0.0,False,31
random_25,2026-09-02,18,17,-1.0,False,32
random_25,2026-09-03,18,16,-2.0,True,33
random_25,2026-09-04,18,4,1.0,False,34
random_25,2026-09-05,18,0,1.0,True,35
random_25,2026-09-06,18,12,3.0,False,36
random_25,2026-09-07,18,14,1.0,True,37
random_25,2026-08-01,19,3,-1.0,False,0
random_25,2026-08-02,19,16,2.0,True,1
random_25,2026-08-03,19,17,-1.0,False,2
random_25,2026-08-04,19,8,1.0,True,3
random_25,2026-08-05,19,2,-2.0,True,4
random_25,2026-08-06,19,15,-1.0,False,5
random_25,2026-08-07,19,6,-1.0,True,6
random_25,2026-08-08,19,5,1.0,False,7
random_25,2026-08-09,19,7,2.0,True,8
random_25,2026-08-10,19,12,-0.0,False,9
random_25,2026-08-11,19,11,-1.0,True,10
random_25,2026-08-12,19,18,-0.0,False,11
random_25,2026-08-13,19,9,-1.0,True,12
random_25,2026-08-14,19,1,-1.0,True,13
random_25,2026-08-15,19,10,-1.0,False,14
random_25,2026-08-16,19,13,2.0,False,15
random_25,2026-08-17,19,0,-1.0,True,16
random_25,2026-08-18,19,4,-1.0,True,17
random_25,2026-08-19,19,14,-1.0,False,18
random_25,2026-08-20,19,9,1.0,False,19
random_25,2026-08-21,19,12,-3.0,True,20
random_25,2026-08-22,19,7,-2.0,False,21
random_25,2026-08-23,19,18,1.0,True,22
random_25,2026-08-24,19,11,-3.0,False,23
random_25,2026-08-25,19,14,3.0,True,24
random_25,2026-08-26,19,4,-1.0,False,25
random_25,2026-08-27,19,13,1.0,True,26
random_25,2026-08-28,19,0,-3.0,False,27
random_25,2026-08-29,19,17,2.0,True,28
random_25,2026-08-30,19,8,-1.0,False,29
random_25,2026-08-31,19,3,0.0,True,30
random_25,2026-09-01,19,16,2.0,False,31
random_25,2026-09-02,19,10,0.0,True,32
random_25,2026-09-03,19,1,1.0,False,33
random_25,2026-09-04,19,5,-3.0,True,34
random_25,2026-09-05,19,6,2.0,False,35
random_25,2026-09-06,19,15,-2.0,True,36
random_25,2026-09-07,19,2,1.0,False,37
random_26,2026-08-01,0,14,-0.0,False,0
random_26,2026-08-02,0,8,-2.0,True,1
random_26,2026-08-03,0,16,1.0,False,2
random_26,2026-08-04,0,3,1.0,True,3
random_26,2026-08-05,0,13,-4.0,True,4
random_26,2026-08-06,0,5,-3.0,False,5
random_26,2026-08-07,0,18,0.0,True,6
random_26,2026-08-08,0,15,1.0,False,7
random_26,2026-08-09,0,12,-2.0,True,8
random_26,2026-08-10,0,11,-0.0,False,9
random_26,2026-08-11,0,17,1.0,True,10
random_26,2026-08-12,0,9,-0.0,False,11
random_26,2026-08-13,0,4,1.0,True,12
random_26,2026-08-14,0,10,3.0,True,13
random_26,2026-08-15,0,1,-2.0,False,14
random_26,2026-08-16,0,6,-2.0,True,15
random_26,2026-08-17,0,19,2.0,False,16
random_26,2026-08-18,0,7,1.0,False,17
random_26,2026-08-19,0,2,2.0,True,18
random_26,2026-08-20,0,4,-1.0,False,19
random_26,2026-08-21,0,11,-1.0,True,20
random_26,2026-08-22,0,17,-2.0,False,21
random_26,2026-08-23,0,9,2.0,True,22
random_26,2026-08-24,0,12,1.0,False,23
random_26,2026-08-25,0,2,2.0,False,24
random_26,2026-08-26,0,7,4.0,True,25
random_26,2026-08-27,0,6,-0.0,False,26
random_26,2026-08-28,0,19,-1.0,True,27
random_26,2026-08-29,0,16,-2.0,True,28
random_26,2026-08-30,0,3,-3.0,False,29
random_26,2026-08-31,0,14,0.0,True,30
random_26,2026-09-01,0,8,3.0,False,31
random_26,2026-09-02,0,1,2.0,True,32
random_26,2026-09-03,0,10,-2.0,False,33
random_26,2026-09-04,0,15,-1.0,True,34
random_26,2026-09-05,0,18,2.0,False,35
random_26,2026-09-06,0,5,-1.0,True,36
random_26,2026-09-07,0,13,2.0,False,37
random_26,2026-08-01,1,6,0.0,True,0
random_26,2026-08-02,1,2,5.0,False,1
random_26,2026-08-03,1,5,1.0,True,2
random_26,2026-08-04,1,18,1.0,False,3
random_26,2026-08-05,1,4,2.0,False,4
random_26,2026-08-06,1,12,-2.0,True,5
random_26,2026-08-07,1,17,-5.0,False,6
random_26,2026-08-08,1,8,2.0,True,7
random_26,2026-08-09,1,13,1.0,False,8
random_26,2026-08-10,1,10,1.0,True,9
random_26,2026-08-11,1,16,-3.0,False,10
random_26,2026-08-12,1,14,2.0,True,11
random_26,2026-08-13,1,3,-1.0,False,12
random_26,2026-08-14,1,19,1.0,False,13
random_26,2026-08-15,1,0,2.0,True,14
random_26,2026-08-16,1,15,-1.0,True,15
random_26,2026-08-17,1,7,1.0,False,16
random_26,2026-08-18,1,9,-1.0,False,17
random_26,2026-08-19,1,11,2.0,True,18
random_26,2026-08-20,1,3,-3.0,True,19
random_26,2026-08-21,1,10,-3.0,False,20
random_26,2026-08-22,1,16,-1.0,True,21
random_26,2026-08-23,1,14,-0.0,False,22
random_26,2026-08-24,1,13,0.0,True,23
random_26,2026-08-25,1,11,-0.0,False,24
random_26,2026-08-26,1,9,1.0,True,25
random_26,2026-08-27,1,15,2.0,False,26
random_26,2026-08-28,1,7,-1.0,True,27
random_26,2026-08-29,1,5,-2.0,False,28
random_26,2026-08-30,1,18,4.0,True,29
random_26,2026-08-31,1,6,1.0,False,30
random_26,2026-09-01,1,2,-3.0,True,31
random_26,2026-09-02,1,0,-2.0,False,32
random_26,2026-09-03,1,19,0.0,True,33
random_26,2026-09-04,1,12,2.0,False,34
random_26,2026-09-05,1,17,-1.0,True,35
random_26,2026-09-06,1,8,3.0,False,36
random_26,2026-09-07,1,4,-1.0,True,37
random_26,2026-08-01,2,4,-1.0,False,0
random_26,2026-08-02,2,1,-5.0,True,1
random_26,2026-08-03,2,10,1.0,False,2
random_26,2026-08-04,2,17,0.0,True,3
random_26,2026-08-05,2,19,-1.0,False,4
random_26,2026-08-06,2,3,-2.0,True,5
random_26,2026-08-07,2,16,-0.0,False,6
random_26,2026-08-08,2,14,0.0,True,7
random_26,2026-08-09,2,9,0.0,True,8
random_26,2026-08-10,2,15,1.0,False,9
random_26,2026-08-11,2,18,-1.0,True,10
random_26,2026-08-12,2,11,-2.0,False,11
random_26,2026-08-13,2,8,-3.0,True,12
random_26,2026-08-14,2,7,3.0,True,13
random_26,2026-08-15,2,6,5.0,False,14
random_26,2026-08-16,2,5,-2.0,False,15
random_26,2026-08-17,2,12,1.0,True,16
random_26,2026-08-18,2,13,-2.0,True,17
random_26,2026-08-19,2,0,-2.0,False,18
random_26,2026-08-20,2,8,-2.0,False,19
random_26,2026-08-21,2,15,0.0,True,20
random_26,2026-08-22,2,9,-2.0,False,21
random_26,2026-08-23,2,11,-3.0,True,22
random_26,2026-08-24,2,18,-1.0,False,23
random_26,2026-08-25,2,0,-2.0,True,24
random_26,2026-08-26,2,12,2.0,False,25
random_26,2026-08-27,2,5,-2.0,True,26
random_26,2026-08-28,2,13,-1.0,False,27
random_26,2026-08-29,2,10,2.0,True,28
random_26,2026-08-30,2,17,1.0,False,29
random_26,2026-08-31,2,4,3.0,True,30
random_26,2026-09-01,2,1,3.0,False,31
random_26,2026-09-02,2,6,2.0,True,32
random_26,2026-09-03,2,7,-4.0,False,33
random_26,2026-09-04,2,3,2.0,False,34
random_26,2026-09-05,2,16,-4.0,True,35
random_26,2026-09-06,2,14,1.0,False,36
random_26,2026-09-07,2,19,0.0,True,37
random_26,2026-08-01,3,19,-1.0,True,0
random_26,2026-08-02,3,12,-2.0,False,1
random_26,2026-08-03,3,18,-1.0,True,2
random_26,2026-08-04,3,0,-1.0,False,3
random_26,2026-08-05,3,5,-2.0,True,4
random_26,2026-08-06,3,2,2.0,False,5
random_26,2026-08-07,3,13,-2.0,True,6
random_26,2026-08-08,3,10,1.0,False,7
random_26,2026-08-09,3,17,2.0,True,8
random_26,2026-08-10,3,4,-2.0,False,9
random_26,2026-08-11,3,8,1.0,True,10
random_26,2026-08-12,3,15,2.0,False,11
random_26,2026-08-13,3,1,1.0,True,12
random_26,2026-08-14,3,14,-1.0,True,13
random_26,2026-08-15,3,9,-2.0,False,14
random_26,2026-08-16,3,16,-1.0,True,15
random_26,2026-08-17,3,11,-2.0,False,16
random_26,2026-08-18,3,6,-3.0,False,17
random_26,2026-08-19,3,7,1.0,True,18
random_26,2026-08-20,3,1,3.0,False,19
random_26,2026-08-21,3,4,1.0,True,20
random_26,2026-08-22,3,8,1.0,False,21
random_26,2026-08-23,3,15,0.0,True,22
random_26,2026-08-24,3,17,-0.0,False,23
random_26,2026-08-25,3,7,2.0,False,24
random_26,2026-08-26,3,6,0.0,True,25
random_26,2026-08-27,3,16,1.0,False,26
random_26,2026-08-28,3,11,-1.0,True,27
random_26,2026-08-29,3,18,-1.0,False,28
random_26,2026-08-30,3,0,3.0,True,29
random_26,2026-08-31,3,19,2.0,False,30
random_26,2026-09-01,3,12,0.0,True,31
random_26,2026-09-02,3,9,-4.0,True,32
random_26,2026-09-03,3,14,-0.0,False,33
random_26,2026-09-04,3,2,-2.0,True,34
random_26,2026-09-05,3,13,1.0,False,35
random_26,2026-09-06,3,10,3.0,True,36
random_26,2026-09-07,3,5,-3.0,False,37
random_26,2026-08-01,4,2,1.0,True,0
random_26,2026-08-02,4,5,4.0,False,1
random_26,2026-08-03,4,12,0.0,True,2
random_26,2026-08-04,4,6,1.0,False,3
random_26,2026-08-05,4,1,-2.0,True,4
random_26,2026-08-06,4,18,-6.0,False,5
random_26,2026-08-07,4,7,0.0,True,6
random_26,2026-08-08,4,13,-0.0,False,7
random_26,2026-08-09,4,14,2.0,False,8
random_26,2026-08-10,4,3,2.0,True,9
random_26,2026-08-11,4,10,-1.0,False,10
random_26,2026-08-12,4,16,1.0,True,11
random_26,2026-08-13,4,0,-1.0,False,12
random_26,2026-08-14,4,17,1.0,False,13
random_26,2026-08-15,4,8,1.0,True,14
random_26,2026-08-16,4,11,0.0,True,15
random_26,2026-08-17,4,9,-2.0,False,16
random_26,2026-08-18,4,19,-1.0,False,17
random_26,2026-08-19,4,15,1.0,True,18
random_26,2026-08-20,4,0,1.0,True,19
random_26,2026-08-21,4,3,-1.0,False,20
random_26,2026-08-22,4,14,2.0,True,21
random_26,2026-08-23,4,16,-0.0,False,22
random_26,2026-08-24,4,10,-1.0,True,23
random_26,2026-08-25,4,15,3.0,False,24
random_26,2026-08-26,4,19,3.0,True,25
random_26,2026-08-27,4,11,3.0,False,26
random_26,2026-08-28,4,9,1.0,True,27
random_26,2026-08-29,4,12,1.0,False,28
random_26,2026-08-30,4,6,3.0,True,29
random_26,2026-08-31,4,2,-3.0,False,30
random_26,2026-09-01,4,5,0.0,True,31
random_26,2026-09-02,4,8,-3.0,False,32
random_26,2026-09-03,4,17,1.0,True,33
random_26,2026-09-04,4,18,-2.0,True,34
random_26,2026-09-05,4,7,1.0,False,35
random_26,2026-09-06,4,13,6.0,True,36
random_26,2026-09-07,4,1,1.0,False,37
random_26,2026-08-01,5,9,-1.0,False,0
random_26,2026-08-02,5,4,-4.0,True,1
random_26,2026-08-03,5,1,-1.0,False,2
random_26,2026-08-04,5,10,2.0,True,3
random_26,2026-08-05,5,3,2.0,False,4
random_26,2026-08-06,5,0,3.0,True,5
random_26,2026-08-07,5,8,1.0,False,6
random_26,2026-08-08,5,19,0.0,True,7
random_26,2026-08-09,5,15,-1.0,True,8
random_26,2026-08-10,5,18,1.0,False,9
random_26,2026-08-11,5,12,0.0,True,10
random_26,2026-08-12,5,17,-3.0,False,11
random_26,2026-08-13,5,7,-1.0,True,12
random_26,2026-08-14,5,13,2.0,True,13
random_26,2026-08-15,5,14,-1.0,False,14
random_26,2026-08-16,5,2,2.0,True,15
random_26,2026-08-17,5,6,-1.0,False,16
random_26,2026-08-18,5,11,-0.0,False,17
random_26,2026-08-19,5,16,1.0,True,18
random_26,2026-08-20,5,7,3.0,False,19
random_26,2026-08-21,5,18,-1.0,True,20
random_26,2026-08-22,5,12,-3.0,False,21
random_26,2026-08-23,5,17,-2.0,True,22
random_26,2026-08-24,5,15,-0.0,False,23
random_26,2026-08-25,5,16,1.0,False,24
random_26,2026-08-26,5,11,-2.0,True,25
random_26,2026-08-27,5,2,2.0,False,26
random_26,2026-08-28,5,6,2.0,True,27
random_26,2026-08-29,5,1,2.0,True,28
random_26,2026-08-30,5,10,5.0,False,29
random_26,2026-08-31,5,9,-2.0,True,30
random_26,2026-09-01,5,4,-0.0,False,31
random_26,2026-09-02,5,14,7.0,True,32
random_26,2026-09-03,5,13,-1.0,False,33
random_26,2026-09-04,5,19,-1.0,False,34
random_26,2026-09-05,5,8,-1.0,True,35
random_26,2026-09-06,5,0,1.0,False,36
random_26,2026-09-07,5,3,3.0,True,37
random_26,2026-08-01,6,1,-0.0,False,0
random_26,2026-08-02,6,10,-4.0,True,1
random_26,2026-08-03,6,14,-1.0,False,2
random_26,2026-08-04,6,4,-1.0,True,3
random_26,2026-08-05,6,17,-0.0,False,4
random_26,2026-08-06,6,16,0.0,True,5
random_26,2026-08-07,6,19,1.0,False,6
random_26,2026-08-08,6,9,-2.0,True,7
random_26,2026-08-09,6,18,-3.0,True,8
random_26,2026-08-10,6,8,-1.0,False,9
random_26,2026-08-11,6,7,-1.0,True,10
random_26,2026-08-12,6,12,-0.0,False,11
random_26,2026-08-13,6,11,-3.0,True,12
random_26,2026-08-14,6,15,-0.0,False,13
random_26,2026-08-15,6,2,-5.0,True,14
random_26,2026-08-16,6,0,2.0,False,15
random_26,2026-08-17,6,5,1.0,True,16
random_26,2026-08-18,6,3,3.0,True,17
random_26,2026-08-19,6,13,-2.0,False,18
random_26,2026-08-20,6,11,-1.0,False,19
random_26,2026-08-21,6,8,2.0,True,20
random_26,2026-08-22,6,18,-2.0,False,21
random_26,2026-08-23,6,12,1.0,True,22
random_26,2026-08-24,6,7,-0.0,False,23
random_26,2026-08-25,6,13,-3.0,True,24
random_26,2026-08-26,6,3,-0.0,False,25
random_26,2026-08-27,6,0,0.0,True,26
random_26,2026-08-28,6,5,-2.0,False,27
random_26,2026-08-29,6,14,0.0,True,28
random_26,2026-08-30,6,4,-3.0,False,29
random_26,2026-08-31,6,1,-1.0,True,30
random_26,2026-09-01,6,10,-0.0,False,31
random_26,2026-09-02,6,2,-2.0,False,32
random_26,2026-09-03,6,15,-2.0,True,33
random_26,2026-09-04,6,16,3.0,False,34
random_26,2026-09-05,6,19,1.0,True,35
random_26,2026-09-06,6,9,-2.0,False,36
random_26,2026-09-07,6,17,-2.0,True,37
random_26,2026-08-01,7,8,-1.0,False,0
random_26,2026-08-02,7,14,1.0,True,1
random_26,2026-08-03,7,9,-3.0,False,2
random_26,2026-08-04,7,11,-1.0,True,3
random_26,2026-08-05,7,12,2.0,False,4
random_26,2026-08-06,7,17,-1.0,True,5
random_26,2026-08-07,7,4,-0.0,False,6
random_26,2026-08-08,7,16,1.0,True,7
random_26,2026-08-09,7,19,-3.0,False,8
random_26,2026-08-10,7,13,1.0,True,9
random_26,2026-08-11,7,6,1.0,False,10
random_26,2026-08-12,7,10,1.0,True,11
random_26,2026-08-13,7,5,1.0,False,12
random_26,2026-08-14,7,2,-3.0,False,13
random_26,2026-08-15,7,15,0.0,True,14
random_26,2026-08-16,7,18,1.0,False,15
random_26,2026-08-17,7,1,-1.0,True,16
random_26,2026-08-18,7,0,-1.0,True,17
random_26,2026-08-19,7,3,-1.0,False,18
random_26,2026-08-20,7,5,-3.0,True,19
random_26,2026-08-21,7,13,-1.0,False,20
random_26,2026-08-22,7,19,-3.0,True,21
random_26,2026-08-23,7,10,-2.0,False,22
random_26,2026-08-24,7,6,0.0,True,23
random_26,2026-08-25,7,3,-2.0,True,24
random_26,2026-08-26,7,0,-4.0,False,25
random_26,2026-08-27,7,18,0.0,True,26
random_26,2026-08-28,7,1,1.0,False,27
random_26,2026-08-29,7,9,2.0,True,28
random_26,2026-08-30,7,11,2.0,False,29
random_26,2026-08-31,7,8,1.0,True,30
random_26,2026-09-01,7,14,-1.0,False,31
random_26,2026-09-02,7,15,-0.0,False,32
random_26,2026-09-03,7,2,4.0,True,33
random_26,2026-09-04,7,17,-0.0,False,34
random_26,2026-09-05,7,4,-1.0,True,35
random_26,2026-09-06,7,16,-0.0,False,36
random_26,2026-09-07,7,12,2.0,True,37
random_26,2026-08-01,8,7,1.0,True,0
random_26,2026-08-02,8,0,2.0,False,1
random_26,2026-08-03,8,15,0.0,True,2
random_26,2026-08-04,8,19,1.0,False,3
random_26,2026-08-05,8,11,0.0,True,4
random_26,2026-08-06,8,10,-0.0,False,5
random_26,2026-08-07,8,5,-1.0,True,6
random_26,2026-08-08,8,1,-2.0,False,7
random_26,2026-08-09,8,16,-1.0,False,8
random_26,2026-08-10,8,6,1.0,True,9
random_26,2026-08-11,8,3,-1.0,False,10
random_26,2026-08-12,8,13,-2.0,True,11
random_26,2026-08-13,8,2,3.0,False,12
random_26,2026-08-14,8,9,-2.0,True,13
random_26,2026-08-15,8,4,-1.0,False,14
random_26,2026-08-16,8,17,-3.0,False,15
random_26,2026-08-17,8,18,-1.0,True,16
random_26,2026-08-18,8,14,-1.0,True,17
random_26,2026-08-19,8,12,-0.0,False,18
random_26,2026-08-20,8,2,2.0,True,19
random_26,2026-08-21,8,6,-2.0,False,20
random_26,2026-08-22,8,3,-1.0,True,21
random_26,2026-08-23,8,13,-1.0,False,22
random_26,2026-08-24,8,16,4.0,True,23
random_26,2026-08-25,8,12,3.0,True,24
random_26,2026-08-26,8,18,-1.0,False,25
random_26,2026-08-27,8,17,2.0,True,26
random_26,2026-08-28,8,14,1.0,False,27
random_26,2026-08-29,8,15,-1.0,False,28
random_26,2026-08-30,8,19,-3.0,True,29
random_26,2026-08-31,8,7,-1.0,False,30
random_26,2026-09-01,8,0,-3.0,True,31
random_26,2026-09-02,8,4,3.0,True,32
random_26,2026-09-03,8,9,-1.0,False,33
random_26,2026-09-04,8,10,4.0,True,34
random_26,2026-09-05,8,5,1.0,False,35
random_26,2026-09-06,8,1,-3.0,True,36
random_26,2026-09-07,8,11,-0.0,False,37
random_26,2026-08-01,9,5,1.0,True,0
random_26,2026-08-02,9,18,-1.0,False,1
random_26,2026-08-03,9,7,3.0,True,2
random_26,2026-08-04,9,13,-2.0,False,3
random_26,2026-08-05,9,15,0.0,True,4
random_26,2026-08-06,9,11,-0.0,False,5
random_26,2026-08-07,9,10,-3.0,True,6
random_26,2026-08-08,9,6,2.0,False,7
random_26,2026-08-09,9,2,-0.0,False,8
random_26,2026-08-10,9,16,3.0,True,9
random_26,2026-08-11,9,14,-1.0,False,10
random_26,2026-08-12,9,0,0.0,True,11
random_26,2026-08-13,9,19,-1.0,False,12
random_26,2026-08-14,9,8,2.0,False,13
random_26,2026-08-15,9,3,2.0,True,14
random_26,2026-08-16,9,12,-1.0,False,15
random_26,2026-08-17,9,4,2.0,True,16
random_26,2026-08-18,9,1,1.0,True,17
random_26,2026-08-19,9,17,-1.0,False,18
random_26,2026-08-20,9,19,0.0,True,19
random_26,2026-08-21,9,16,2.0,False,20
random_26,2026-08-22,9,2,2.0,True,21
random_26,2026-08-23,9,0,-2.0,False,22
random_26,2026-08-24,9,14,0.0,True,23
random_26,2026-08-25,9,17,3.0,True,24
random_26,2026-08-26,9,1,-1.0,False,25
random_26,2026-08-27,9,12,-3.0,True,26
random_26,2026-08-28,9,4,-1.0,False,27
random_26,2026-08-29,9,7,-2.0,False,28
random_26,2026-08-30,9,13,3.0,True,29
random_26,2026-08-31,9,5,2.0,False,30
random_26,2026-09-01,9,18,-1.0,True,31
random_26,2026-09-02,9,3,4.0,False,32
random_26,2026-09-03,9,8,1.0,True,33
random_26,2026-09-04,9,11,-3.0,True,34
random_26,2026-09-05,9,10,2.0,False,35
random_26,2026-09-06,9,6,2.0,True,36
random_26,2026-09-07,9,15,-2.0,False,37
random_26,2026-08-01,10,15,-3.0,True,0
random_26,2026-08-02,10,6,4.0,False,1
random_26,2026-08-03,10,2,-1.0,True,2
random_26,2026-08-04,10,5,-2.0,False,3
random_26,2026-08-05,10,16,-3.0,False,4
random_26,2026-08-06,10,8,0.0,True,5
random_26,2026-08-07,10,9,3.0,False,6
random_26,2026-08-08,10,3,-1.0,True,7
random_26,2026-08-09,10,11,0.0,True,8
random_26,2026-08-10,10,1,-1.0,False,9
random_26,2026-08-11,10,4,1.0,True,10
random_26,2026-08-12,10,7,-1.0,False,11
random_26,2026-08-13,10,17,2.0,True,12
random_26,2026-08-14,10,0,-3.0,False,13
random_26,2026-08-15,10,19,1.0,True,14
random_26,2026-08-16,10,14,-4.0,False,15
random_26,2026-08-17,10,13,1.0,True,16
random_26,2026-08-18,10,12,-3.0,True,17
random_26,2026-08-19,10,18,-0.0,False,18
random_26,2026-08-20,10,17,-1.0,False,19
random_26,2026-08-21,10,1,3.0,True,20
random_26,2026-08-22,10,11,1.0,False,21
random_26,2026-08-23,10,7,2.0,True,22
random_26,2026-08-24,10,4,1.0,False,23
random_26,2026-08-25,10,18,-1.0,True,24
random_26,2026-08-26,10,13,-1.0,False,25
random_26,2026-08-27,10,14,-4.0,True,26
random_26,2026-08-28,10,12,1.0,False,27
random_26,2026-08-29,10,2,-2.0,False,28
random_26,2026-08-30,10,5,-5.0,True,29
random_26,2026-08-31,10,15,3.0,False,30
random_26,2026-09-01,10,6,0.0,True,31
random_26,2026-09-02,10,19,-1.0,False,32
random_26,2026-09-03,10,0,2.0,True,33
random_26,2026-09-04,10,8,-4.0,False,34
random_26,2026-09-05,10,9,-2.0,True,35
random_26,2026-09-06,10,3,-3.0,False,36
random_26,2026-09-07,10,16,6.0,True,37
random_26,2026-08-01,11,18,2.0,True,0
random_26,2026-08-02,11,15,2.0,False,1
random_26,2026-08-03,11,13,-3.0,True,2
random_26,2026-08-04,11,7,1.0,False,3
random_26,2026-08-05,11,8,-0.0,False,4
random_26,2026-08-06,11,9,0.0,True,5
random_26,2026-08-07,11,14,-0.0,False,6
random_26,2026-08-08,11,17,4.0,True,7
random_26,2026-08-09,11,10,-0.0,False,8
random_26,2026-08-10,11,0,0.0,True,9
random_26,2026-08-11,11,19,-2.0,False,10
random_26,2026-08-12,11,2,2.0,True,11
random_26,2026-08-13,11,6,3.0,False,12
random_26,2026-08-14,11,12,3.0,False,13
random_26,2026-08-15,11,16,-1.0,True,14
random_26,2026-08-16,11,4,-0.0,False,15
random_26,2026-08-17,11,3,2.0,True,16
random_26,2026-08-18,11,5,0.0,True,17
random_26,2026-08-19,11,1,-2.0,False,18
random_26,2026-08-20,11,6,1.0,True,19
random_26,2026-08-21,11,0,1.0,False,20
random_26,2026-08-22,11,10,-1.0,True,21
random_26,2026-08-23,11,2,3.0,False,22
random_26,2026-08-24,11,19,2.0,True,23
random_26,2026-08-25,11,1,0.0,True,24
random_26,2026-08-26,11,5,2.0,False,25
random_26,2026-08-27,11,4,-3.0,True,26
random_26,2026-08-28,11,3,1.0,False,27
random_26,2026-08-29,11,13,1.0,False,28
random_26,2026-08-30,11,7,-2.0,True,29
random_26,2026-08-31,11,18,-1.0,False,30
random_26,2026-09-01,11,15,1.0,True,31
random_26,2026-09-02,11,16,-0.0,False,32
random_26,2026-09-03,11,12,-1.0,True,33
random_26,2026-09-04,11,9,3.0,False,34
random_26,2026-09-05,11,14,-2.0,True,35
random_26,2026-09-06,11,17,2.0,False,36
random_26,2026-09-07,11,8,0.0,True,37
random_26,2026-08-01,12,17,-4.0,False,0
random_26,2026-08-02,12,3,2.0,True,1
random_26,2026-08-03,12,4,-0.0,False,2
random_26,2026-08-04,12,16,1.0,True,3
random_26,2026-08-05,12,7,-2.0,True,4
random_26,2026-08-06,12,1,2.0,False,5
random_26,2026-08-07,12,15,-1.0,True,6
random_26,2026-08-08,12,18,-2.0,False,7
random_26,2026-08-09,12,0,2.0,False,8
random_26,2026-08-10,12,19,2.0,True,9
random_26,2026-08-11,12,5,-0.0,False,10
random_26,2026-08-12,12,6,0.0,True,11
random_26,2026-08-13,12,14,1.0,False,12
random_26,2026-08-14,12,11,-3.0,True,13
random_26,2026-08-15,12,13,-2.0,False,14
random_26,2026-08-16,12,9,1.0,True,15
random_26,2026-08-17,12,2,-1.0,False,16
random_26,2026-08-18,12,10,3.0,False,17
random_26,2026-08-19,12,8,0.0,True,18
random_26,2026-08-20,12,14,1.0,True,19
random_26,2026-08-21,12,19,3.0,False,20
random_26,2026-08-22,12,5,3.0,True,21
random_26,2026-08-23,12,6,-1.0,False,22
random_26,2026-08-24,12,0,-1.0,True,23
random_26,2026-08-25,12,8,-3.0,False,24
random_26,2026-08-26,12,2,-2.0,True,25
random_26,2026-08-27,12,9,3.0,False,26
random_26,2026-08-28,12,10,-1.0,True,27
random_26,2026-08-29,12,4,-1.0,True,28
random_26,2026-08-30,12,16,-0.0,False,29
random_26,2026-08-31,12,17,0.0,True,30
random_26,2026-09-01,12,3,-0.0,False,31
random_26,2026-09-02,12,13,-2.0,True,32
random_26,2026-09-03,12,11,1.0,False,33
random_26,2026-09-04,12,1,-2.0,True,34
random_26,2026-09-05,12,15,-0.0,False,35
random_26,2026-09-06,12,18,0.0,True,36
random_26,2026-09-07,12,7,-2.0,False,37
random_26,2026-08-01,13,16,2.0,False,0
random_26,2026-08-02,13,17,0.0,True,1
random_26,2026-08-03,13,11,3.0,False,2
random_26,2026-08-04,13,9,2.0,True,3
random_26,2026-08-05,13,0,4.0,False,4
random_26,2026-08-06,13,14,1.0,True,5
random_26,2026-08-07,13,3,2.0,False,6
random_26,2026-08-08,13,4,0.0,True,7
random_26,2026-08-09,13,1,-1.0,True,8
random_26,2026-08-10,13,7,-1.0,False,9
random_26,2026-08-11,13,15,0.0,True,10
random_26,2026-08-12,13,8,2.0,False,11
random_26,2026-08-13,13,18,-1.0,True,12
random_26,2026-08-14,13,5,-2.0,False,13
random_26,2026-08-15,13,12,2.0,True,14
random_26,2026-08-16,13,19,-1.0,True,15
random_26,2026-08-17,13,10,-1.0,False,16
random_26,2026-08-18,13,2,2.0,False,17
random_26,2026-08-19,13,6,2.0,True,18
random_26,2026-08-20,13,18,-4.0,False,19
random_26,2026-08-21,13,7,1.0,True,20
random_26,2026-08-22,13,15,-0.0,False,21
random_26,2026-08-23,13,8,1.0,True,22
random_26,2026-08-24,13,1,-0.0,False,23
random_26,2026-08-25,13,6,3.0,False,24
random_26,2026-08-26,13,10,1.0,True,25
random_26,2026-08-27,13,19,1.0,False,26
random_26,2026-08-28,13,2,1.0,True,27
random_26,2026-08-29,13,11,-1.0,True,28
random_26,2026-08-30,13,9,-3.0,False,29
random_26,2026-08-31,13,16,1.0,True,30
random_26,2026-09-01,13,17,-0.0,False,31
random_26,2026-09-02,13,12,2.0,False,32
random_26,2026-09-03,13,5,1.0,True,33
random_26,2026-09-04,13,14,-2.0,False,34
random_26,2026-09-05,13,3,-1.0,True,35
random_26,2026-09-06,13,4,-6.0,False,36
random_26,2026-09-07,13,0,-2.0,True,37
random_26,2026-08-01,14,0,0.0,True,0
random_26,2026-08-02,14,7,-1.0,False,1
random_26,2026-08-03,14,6,1.0,True,2
random_26,2026-08-04,14,15,-0.0,False,3
random_26,2026-08-05,14,18,2.0,True,4
random_26,2026-08-06,14,13,-1.0,False,5
random_26,2026-08-07,14,11,0.0,True,6
random_26,2026-08-08,14,2,-0.0,False,7
random_26,2026-08-09,14,4,-2.0,True,8
random_26,2026-08-10,14,17,4.0,False,9
random_26,2026-08-11,14,9,1.0,True,10
random_26,2026-08-12,14,1,-2.0,False,11
random_26,2026-08-13,14,12,-1.0,True,12
random_26,2026-08-14,14,3,1.0,False,13
random_26,2026-08-15,14,5,1.0,True,14
random_26,2026-08-16,14,10,4.0,True,15
random_26,2026-08-17,14,16,1.0,False,16
random_26,2026-08-18,14,8,1.0,False,17
random_26,2026-08-19,14,19,-2.0,True,18
random_26,2026-08-20,14,12,-1.0,False,19
random_26,2026-08-21,14,17,0.0,True,20
random_26,2026-08-22,14,4,-2.0,False,21
random_26,2026-08-23,14,1,0.0,True,22
random_26,2026-08-24,14,9,-0.0,False,23
random_26,2026-08-25,14,19,-1.0,False,24
random_26,2026-08-26,14,16,1.0,True,25
random_26,2026-08-27,14,10,4.0,False,26
random_26,2026-08-28,14,8,-1.0,True,27
random_26,2026-08-29,14,6,-0.0,False,28
random_26,2026-08-30,14,15,0.0,True,29
random_26,2026-08-31,14,0,-0.0,False,30
random_26,2026-09-01,14,7,1.0,True,31
random_26,2026-09-02,14,5,-7.0,False,32
random_26,2026-09-03,14,3,0.0,True,33
random_26,2026-09-04,14,13,2.0,True,34
random_26,2026-09-05,14,11,2.0,False,35
random_26,2026-09-06,14,2,-1.0,True,36
random_26,2026-09-07,14,18,3.0,False,37
random_26,2026-08-01,15,10,3.0,False,0
random_26,2026-08-02,15,11,-2.0,True,1
random_26,2026-08-03,15,8,-0.0,False,2
random_26,2026-08-04,15,14,0.0,True,3
random_26,2026-08-05,15,9,-0.0,False,4
random_26,2026-08-06,15,19,0.0,True,5
random_26,2026-08-07,15,12,1.0,False,6
random_26,2026-08-08,15,0,-1.0,True,7
random_26,2026-08-09,15,5,1.0,False,8
random_26,2026-08-10,15,2,-1.0,True,9
random_26,2026-08-11,15,13,-0.0,False,10
random_26,2026-08-12,15,3,-2.0,True,11
random_26,2026-08-13,15,16,-2.0,False,12
random_26,2026-08-14,15,6,0.0,True,13
random_26,2026-08-15,15,7,-0.0,False,14
random_26,2026-08-16,15,1,1.0,False,15
random_26,2026-08-17,15,17,-4.0,True,16
random_26,2026-08-18,15,18,0.0,True,17
random_26,2026-08-19,15,4,-1.0,False,18
random_26,2026-08-20,15,16,1.0,True,19
random_26,2026-08-21,15,2,-0.0,False,20
random_26,2026-08-22,15,13,0.0,True,21
random_26,2026-08-23,15,3,-0.0,False,22
random_26,2026-08-24,15,5,0.0,True,23
random_26,2026-08-25,15,4,-3.0,True,24
random_26,2026-08-26,15,17,-0.0,False,25
random_26,2026-08-27,15,1,-2.0,True,26
random_26,2026-08-28,15,18,-0.0,False,27
random_26,2026-08-29,15,8,1.0,True,28
random_26,2026-08-30,15,14,-0.0,False,29
random_26,2026-08-31,15,10,-3.0,True,30
random_26,2026-09-01,15,11,-1.0,False,31
random_26,2026-09-02,15,7,0.0,True,32
random_26,2026-09-03,15,6,2.0,False,33
random_26,2026-09-04,15,0,1.0,False,34
random_26,2026-09-05,15,12,0.0,True,35
random_26,2026-09-06,15,19,2.0,False,36
random_26,2026-09-07,15,9,2.0,True,37
random_26,2026-08-01,16,13,-2.0,True,0
random_26,2026-08-02,16,19,-0.0,False,1
random_26,2026-08-03,16,0,-1.0,True,2
random_26,2026-08-04,16,12,-1.0,False,3
random_26,2026-08-05,16,10,3.0,True,4
random_26,2026-08-06,16,6,-0.0,False,5
random_26,2026-08-07,16,2,0.0,True,6
random_26,2026-08-08,16,7,-1.0,False,7
random_26,2026-08-09,16,8,1.0,True,8
random_26,2026-08-10,16,9,-3.0,False,9
random_26,2026-08-11,16,1,3.0,True,10
random_26,2026-08-12,16,4,-1.0,False,11
random_26,2026-08-13,16,15,2.0,True,12
random_26,2026-08-14,16,18,1.0,True,13
random_26,2026-08-15,16,11,1.0,False,14
random_26,2026-08-16,16,3,1.0,False,15
random_26,2026-08-17,16,14,-1.0,True,16
random_26,2026-08-18,16,17,1.0,True,17
random_26,2026-08-19,16,5,-1.0,False,18
random_26,2026-08-20,16,15,-1.0,False,19
random_26,2026-08-21,16,9,-2.0,True,20
random_26,2026-08-22,16,1,1.0,False,21
random_26,2026-08-23,16,4,0.0,True,22
random_26,2026-08-24,16,8,-4.0,False,23
random_26,2026-08-25,16,5,-1.0,True,24
random_26,2026-08-26,16,14,-1.0,False,25
random_26,2026-08-27,16,3,-1.0,True,26
random_26,2026-08-28,16,17,1.0,False,27
random_26,2026-08-29,16,0,2.0,False,28
random_26,2026-08-30,16,12,0.0,True,29
random_26,2026-08-31,16,13,-1.0,False,30
random_26,2026-09-01,16,19,1.0,True,31
random_26,2026-09-02,16,11,0.0,True,32
random_26,2026-09-03,16,18,6.0,False,33
random_26,2026-09-04,16,6,-3.0,True,34
random_26,2026-09-05,16,2,4.0,False,35
random_26,2026-09-06,16,7,0.0,True,36
random_26,2026-09-07,16,10,-6.0,False,37
random_26,2026-08-01,17,12,4.0,True,0
random_26,2026-08-02,17,13,-0.0,False,1
random_26,2026-08-03,17,19,0.0,True,2
random_26,2026-08-04,17,2,-0.0,False,3
random_26,2026-08-05,17,6,0.0,True,4
random_26,2026-08-06,17,7,1.0,False,5
random_26,2026-08-07,17,1,5.0,True,6
random_26,2026-08-08,17,11,-4.0,False,7
random_26,2026-08-09,17,3,-2.0,False,8
random_26,2026-08-10,17,14,-4.0,True,9
random_26,2026-08-11,17,0,-1.0,False,10
random_26,2026-08-12,17,5,3.0,True,11
random_26,2026-08-13,17,10,-2.0,False,12
random_26,2026-08-14,17,4,-1.0,True,13
random_26,2026-08-15,17,18,-0.0,False,14
random_26,2026-08-16,17,8,3.0,True,15
random_26,2026-08-17,17,15,4.0,False,16
random_26,2026-08-18,17,16,-1.0,False,17
random_26,2026-08-19,17,9,1.0,True,18
random_26,2026-08-20,17,10,1.0,True,19
random_26,2026-08-21,17,14,-0.0,False,20
random_26,2026-08-22,17,0,2.0,True,21
random_26,2026-08-23,17,5,2.0,False,22
random_26,2026-08-24,17,3,0.0,True,23
random_26,2026-08-25,17,9,-3.0,False,24
random_26,2026-08-26,17,15,0.0,True,25
random_26,2026-08-27,17,8,-2.0,False,26
random_26,2026-08-28,17,16,-1.0,True,27
random_26,2026-08-29,17,19,-3.0,False,28
random_26,2026-08-30,17,2,-1.0,True,29
random_26,2026-08-31,17,12,-0.0,False,30
random_26,2026-09-01,17,13,0.0,True,31
random_26,2026-09-02,17,18,0.0,True,32
random_26,2026-09-03,17,4,-1.0,False,33
random_26,2026-09-04,17,7,0.0,True,34
random_26,2026-09-05,17,1,1.0,False,35
random_26,2026-09-06,17,11,-2.0,True,36
random_26,2026-09-07,17,6,2.0,False,37
random_26,2026-08-01,18,11,-2.0,False,0
random_26,2026-08-02,18,9,1.0,True,1
random_26,2026-08-03,18,3,1.0,False,2
random_26,2026-08-04,18,1,-1.0,True,3
random_26,2026-08-05,18,14,-2.0,False,4
random_26,2026-08-06,18,4,6.0,True,5
random_26,2026-08-07,18,0,-0.0,False,6
random_26,2026-08-08,18,12,2.0,True,7
random_26,2026-08-09,18,6,3.0,False,8
random_26,2026-08-10,18,5,-1.0,True,9
random_26,2026-08-11,18,2,1.0,False,10
random_26,2026-08-12,18,19,-1.0,True,11
random_26,2026-08-13,18,13,1.0,False,12
random_26,2026-08-14,18,16,-1.0,False,13
random_26,2026-08-15,18,17,0.0,True,14
random_26,2026-08-16,18,7,-1.0,True,15
random_26,2026-08-17,18,8,1.0,False,16
random_26,2026-08-18,18,15,-0.0,False,17
random_26,2026-08-19,18,10,0.0,True,18
random_26,2026-08-20,18,13,4.0,True,19
random_26,2026-08-21,18,5,1.0,False,20
random_26,2026-08-22,18,6,2.0,True,21
random_26,2026-08-23,18,19,1.0,False,22
random_26,2026-08-24,18,2,1.0,True,23
random_26,2026-08-25,18,10,1.0,False,24
random_26,2026-08-26,18,8,1.0,True,25
random_26,2026-08-27,18,7,-0.0,False,26
random_26,2026-08-28,18,15,0.0,True,27
random_26,2026-08-29,18,3,1.0,True,28
random_26,2026-08-30,18,1,-4.0,False,29
random_26,2026-08-31,18,11,1.0,True,30
random_26,2026-09-01,18,9,1.0,False,31
random_26,2026-09-02,18,17,-0.0,False,32
random_26,2026-09-03,18,16,-6.0,True,33
random_26,2026-09-04,18,4,2.0,False,34
random_26,2026-09-05,18,0,-2.0,True,35
random_26,2026-09-06,18,12,-0.0,False,36
random_26,2026-09-07,18,14,-3.0,True,37
random_26,2026-08-01,19,3,1.0,False,0
random_26,2026-08-02,19,16,0.0,True,1
random_26,2026-08-03,19,17,-0.0,False,2
random_26,2026-08-04,19,8,-1.0,True,3
random_26,2026-08-05,19,2,1.0,True,4
random_26,2026-08-06,19,15,-0.0,False,5
random_26,2026-08-07,19,6,-1.0,True,6
random_26,2026-08-08,19,5,-0.0,False,7
random_26,2026-08-09,19,7,3.0,True,8
random_26,2026-08-10,19,12,-2.0,False,9
random_26,2026-08-11,19,11,2.0,True,10
random_26,2026-08-12,19,18,1.0,False,11
random_26,2026-08-13,19,9,1.0,True,12
random_26,2026-08-14,19,1,-1.0,True,13
random_26,2026-08-15,19,10,-1.0,False,14
random_26,2026-08-16,19,13,1.0,False,15
random_26,2026-08-17,19,0,-2.0,True,16
random_26,2026-08-18,19,4,1.0,True,17
random_26,2026-08-19,19,14,2.0,False,18
random_26,2026-08-20,19,9,-0.0,False,19
random_26,2026-08-21,19,12,-3.0,True,20
random_26,2026-08-22,19,7,3.0,False,21
random_26,2026-08-23,19,18,-1.0,True,22
random_26,2026-08-24,19,11,-2.0,False,23
random_26,2026-08-25,19,14,1.0,True,24
random_26,2026-08-26,19,4,-3.0,False,25
random_26,2026-08-27,19,13,-1.0,True,26
random_26,2026-08-28,19,0,1.0,False,27
random_26,2026-08-29,19,17,3.0,True,28
random_26,2026-08-30,19,8,3.0,False,29
random_26,2026-08-31,19,3,-2.0,True,30
random_26,2026-09-01,19,16,-1.0,False,31
random_26,2026-09-02,19,10,1.0,True,32
random_26,2026-09-03,19,1,-0.0,False,33
random_26,2026-09-04,19,5,1.0,True,34
random_26,2026-09-05,19,6,-1.0,False,35
random_26,2026-09-06,19,15,-2.0,True,36
random_26,2026-09-07,19,2,-0.0,False,37
random_27,2026-08-01,0,14,3.0,False,0
random_27,2026-08-02,0,8,0.0,True,1
random_27,2026-08-03,0,16,-0.0,False,2
random_27,2026-08-04,0,3,0.0,True,3
random_27,2026-08-05,0,13,1.0,True,4
random_27,2026-08-06,0,5,-1.0,False,5
random_27,2026-08-07,0,18,-1.0,True,6
random_27,2026-08-08,0,15,2.0,False,7
random_27,2026-08-09,0,12,1.0,True,8
random_27,2026-08-10,0,11,-1.0,False,9
random_27,2026-08-11,0,17,1.0,True,10
random_27,2026-08-12,0,9,-1.0,False,11
random_27,2026-08-13,0,4,0.0,True,12
random_27,2026-08-14,0,10,1.0,True,13
random_27,2026-08-15,0,1,-1.0,False,14
random_27,2026-08-16,0,6,-1.0,True,15
random_27,2026-08-17,0,19,-0.0,False,16
random_27,2026-08-18,0,7,-0.0,False,17
random_27,2026-08-19,0,2,-1.0,True,18
random_27,2026-08-20,0,4,1.0,False,19
random_27,2026-08-21,0,11,-6.0,True,20
random_27,2026-08-22,0,17,-0.0,False,21
random_27,2026-08-23,0,9,-1.0,True,22
random_27,2026-08-24,0,12,-2.0,False,23
random_27,2026-08-25,0,2,1.0,False,24
random_27,2026-08-26,0,7,1.0,True,25
random_27,2026-08-27,0,6,-1.0,False,26
random_27,2026-08-28,0,19,-1.0,True,27
random_27,2026-08-29,0,16,0.0,True,28
random_27,2026-08-30,0,3,-1.0,False,29
random_27,2026-08-31,0,14,4.0,True,30
random_27,2026-09-01,0,8,-0.0,False,31
random_27,2026-09-02,0,1,-1.0,True,32
random_27,2026-09-03,0,10,3.0,False,33
random_27,2026-09-04,0,15,2.0,True,34
random_27,2026-09-05,0,18,-0.0,False,35
random_27,2026-09-06,0,5,0.0,True,36
random_27,2026-09-07,0,13,2.0,False,37
random_27,2026-08-01,1,6,-2.0,True,0
random_27,2026-08-02,1,2,-2.0,False,1
random_27,2026-08-03,1,5,-2.0,True,2
random_27,2026-08-04,1,18,-0.0,False,3
random_27,2026-08-05,1,4,-1.0,False,4
random_27,2026-08-06,1,12,3.0,True,5
random_27,2026-08-07,1,17,3.0,False,6
random_27,2026-08-08,1,8,3.0,True,7
random_27,2026-08-09,1,13,-6.0,False,8
random_27,2026-08-10,1,10,0.0,True,9
random_27,2026-08-11,1,16,1.0,False,10
random_27,2026-08-12,1,14,2.0,True,11
random_27,2026-08-13,1,3,-2.0,False,12
random_27,2026-08-14,1,19,1.0,False,13
random_27,2026-08-15,1,0,1.0,True,14
random_27,2026-08-16,1,15,-2.0,True,15
random_27,2026-08-17,1,7,-0.0,False,16
random_27,2026-08-18,1,9,-0.0,False,17
random_27,2026-08-19,1,11,-2.0,True,18
random_27,2026-08-20,1,3,1.0,True,19
random_27,2026-08-21,1,10,-1.0,False,20
random_27,2026-08-22,1,16,1.0,True,21
random_27,2026-08-23,1,14,2.0,False,22
random_27,2026-08-24,1,13,2.0,True,23
random_27,2026-08-25,1,11,-2.0,False,24
random_27,2026-08-26,1,9,-1.0,True,25
random_27,2026-08-27,1,15,3.0,False,26
random_27,2026-08-28,1,7,-1.0,True,27
random_27,2026-08-29,1,5,1.0,False,28
random_27,2026-08-30,1,18,2.0,True,29
random_27,2026-08-31,1,6,-2.0,False,30
random_27,2026-09-01,1,2,2.0,True,31
random_27,2026-09-02,1,0,1.0,False,32
random_27,2026-09-03,1,19,-4.0,True,33
random_27,2026-09-04,1,12,3.0,False,34
random_27,2026-09-05,1,17,-2.0,True,35
random_27,2026-09-06,1,8,1.0,False,36
random_27,2026-09-07,1,4,1.0,True,37
random_27,2026-08-01,2,4,-0.0,False,0
random_27,2026-08-02,2,1,2.0,True,1
random_27,2026-08-03,2,10,1.0,False,2
random_27,2026-08-04,2,17,1.0,True,3
random_27,2026-08-05,2,19,3.0,False,4
random_27,2026-08-06,2,3,4.0,True,5
random_27,2026-08-07,2,16,-2.0,False,6
random_27,2026-08-08,2,14,-1.0,True,7
random_27,2026-08-09,2,9,1.0,True,8
random_27,2026-08-10,2,15,2.0,False,9
random_27,2026-08-11,2,18,-2.0,True,10
random_27,2026-08-12,2,11,-1.0,False,11
random_27,2026-08-13,2,8,1.0,True,12
random_27,2026-08-14,2,7,2.0,True,13
random_27,2026-08-15,2,6,2.0,False,14
random_27,2026-08-16,2,5,1.0,False,15
random_27,2026-08-17,2,12,-4.0,True,16
random_27,2026-08-18,2,13,2.0,True,17
random_27,2026-08-19,2,0,1.0,False,18
random_27,2026-08-20,2,8,-2.0,False,19
random_27,2026-08-21,2,15,-3.0,True,20
random_27,2026-08-22,2,9,-0.0,False,21
random_27,2026-08-23,2,11,-1.0,True,22
random_27,2026-08-24,2,18,-1.0,False,23
random_27,2026-08-25,2,0,-1.0,True,24
random_27,2026-08-26,2,12,1.0,False,25
random_27,2026-08-27,2,5,0.0,True,26
random_27,2026-08-28,2,13,-1.0,False,27
random_27,2026-08-29,2,10,-1.0,True,28
random_27,2026-08-30,2,17,-0.0,False,29
random_27,2026-08-31,2,4,2.0,True,30
random_27,2026-09-01,2,1,-2.0,False,31
random_27,2026-09-02,2,6,-3.0,True,32
random_27,2026-09-03,2,7,1.0,False,33
random_27,2026-09-04,2,3,-0.0,False,34
random_27,2026-09-05,2,16,4.0,True,35
random_27,2026-09-06,2,14,1.0,False,36
random_27,2026-09-07,2,19,1.0,True,37
random_27,2026-08-01,3,19,-1.0,True,0
random_27,2026-08-02,3,12,-0.0,False,1
random_27,2026-08-03,3,18,2.0,True,2
random_27,2026-08-04,3,0,-0.0,False,3
random_27,2026-08-05,3,5,-1.0,True,4
random_27,2026-08-06,3,2,-4.0,False,5
random_27,2026-08-07,3,13,3.0,True,6
random_27,2026-08-08,3,10,-1.0,False,7
random_27,2026-08-09,3,17,0.0,True,8
random_27,2026-08-10,3,4,-0.0,False,9
random_27,2026-08-11,3,8,1.0,True,10
random_27,2026-08-12,3,15,-0.0,False,11
random_27,2026-08-13,3,1,2.0,True,12
random_27,2026-08-14,3,14,2.0,True,13
random_27,2026-08-15,3,9,1.0,False,14
random_27,2026-08-16,3,16,-2.0,True,15
random_27,2026-08-17,3,11,-1.0,False,16
random_27,2026-08-18,3,6,-1.0,False,17
random_27,2026-08-19,3,7,0.0,True,18
random_27,2026-08-20,3,1,-1.0,False,19
random_27,2026-08-21,3,4,2.0,True,20
random_27,2026-08-22,3,8,-2.0,False,21
random_27,2026-08-23,3,15,-2.0,True,22
random_27,2026-08-24,3,17,1.0,False,23
random_27,2026-08-25,3,7,1.0,False,24
random_27,2026-08-26,3,6,-3.0,True,25
random_27,2026-08-27,3,16,1.0,False,26
random_27,2026-08-28,3,11,0.0,True,27
random_27,2026-08-29,3,18,1.0,False,28
random_27,2026-08-30,3,0,1.0,True,29
random_27,2026-08-31,3,19,1.0,False,30
random_27,2026-09-01,3,12,5.0,True,31
random_27,2026-09-02,3,9,2.0,True,32
random_27,2026-09-03,3,14,-2.0,False,33
random_27,2026-09-04,3,2,0.0,True,34
random_27,2026-09-05,3,13,3.0,False,35
random_27,2026-09-06,3,10,1.0,True,36
random_27,2026-09-07,3,5,-2.0,False,37
random_27,2026-08-01,4,2,0.0,True,0
random_27,2026-08-02,4,5,-1.0,False,1
random_27,2026-08-03,4,12,1.0,True,2
random_27,2026-08-04,4,6,-1.0,False,3
random_27,2026-08-05,4,1,1.0,True,4
random_27,2026-08-06,4,18,-0.0,False,5
random_27,2026-08-07,4,7,-2.0,True,6
random_27,2026-08-08,4,13,-5.0,False,7
random_27,2026-08-09,4,14,-1.0,False,8
random_27,2026-08-10,4,3,0.0,True,9
random_27,2026-08-11,4,10,4.0,False,10
random_27,2026-08-12,4,16,0.0,True,11
random_27,2026-08-13,4,0,-0.0,False,12
random_27,2026-08-14,4,17,-3.0,False,13
random_27,2026-08-15,4,8,-2.0,True,14
random_27,2026-08-16,4,11,-2.0,True,15
random_27,2026-08-17,4,9,1.0,False,16
random_27,2026-08-18,4,19,-1.0,False,17
random_27,2026-08-19,4,15,-1.0,True,18
random_27,2026-08-20,4,0,-1.0,True,19
random_27,2026-08-21,4,3,-2.0,False,20
random_27,2026-08-22,4,14,0.0,True,21
random_27,2026-08-23,4,16,2.0,False,22
random_27,2026-08-24,4,10,1.0,True,23
random_27,2026-08-25,4,15,-2.0,False,24
random_27,2026-08-26,4,19,-1.0,True,25
random_27,2026-08-27,4,11,2.0,False,26
random_27,2026-08-28,4,9,1.0,True,27
random_27,2026-08-29,4,12,1.0,False,28
random_27,2026-08-30,4,6,1.0,True,29
random_27,2026-08-31,4,2,-2.0,False,30
random_27,2026-09-01,4,5,3.0,True,31
random_27,2026-09-02,4,8,2.0,False,32
random_27,2026-09-03,4,17,1.0,True,33
random_27,2026-09-04,4,18,0.0,True,34
random_27,2026-09-05,4,7,2.0,False,35
random_27,2026-09-06,4,13,-2.0,True,36
random_27,2026-09-07,4,1,-1.0,False,37
random_27,2026-08-01,5,9,-0.0,False,0
random_27,2026-08-02,5,4,1.0,True,1
random_27,2026-08-03,5,1,2.0,False,2
random_27,2026-08-04,5,10,0.0,True,3
random_27,2026-08-05,5,3,1.0,False,4
random_27,2026-08-06,5,0,1.0,True,5
random_27,2026-08-07,5,8,-2.0,False,6
random_27,2026-08-08,5,19,1.0,True,7
random_27,2026-08-09,5,15,0.0,True,8
random_27,2026-08-10,5,18,1.0,False,9
random_27,2026-08-11,5,12,3.0,True,10
random_27,2026-08-12,5,17,-5.0,False,11
random_27,2026-08-13,5,7,0.0,True,12
random_27,2026-08-14,5,13,0.0,True,13
random_27,2026-08-15,5,14,-2.0,False,14
random_27,2026-08-16,5,2,-1.0,True,15
random_27,2026-08-17,5,6,-0.0,False,16
random_27,2026-08-18,5,11,-0.0,False,17
random_27,2026-08-19,5,16,1.0,True,18
random_27,2026-08-20,5,7,-1.0,False,19
random_27,2026-08-21,5,18,0.0,True,20
random_27,2026-08-22,5,12,-0.0,False,21
random_27,2026-08-23,5,17,1.0,True,22
random_27,2026-08-24,5,15,-3.0,False,23
random_27,2026-08-25,5,16,-5.0,False,24
random_27,2026-08-26,5,11,2.0,True,25
random_27,2026-08-27,5,2,-0.0,False,26
random_27,2026-08-28,5,6,0.0,True,27
random_27,2026-08-29,5,1,-1.0,True,28
random_27,2026-08-30,5,10,1.0,False,29
random_27,2026-08-31,5,9,-2.0,True,30
random_27,2026-09-01,5,4,-3.0,False,31
random_27,2026-09-02,5,14,1.0,True,32
random_27,2026-09-03,5,13,-1.0,False,33
random_27,2026-09-04,5,19,-1.0,False,34
random_27,2026-09-05,5,8,0.0,True,35
random_27,2026-09-06,5,0,-0.0,False,36
random_27,2026-09-07,5,3,2.0,True,37
random_27,2026-08-01,6,1,2.0,False,0
random_27,2026-08-02,6,10,-4.0,True,1
random_27,2026-08-03,6,14,4.0,False,2
random_27,2026-08-04,6,4,1.0,True,3
random_27,2026-08-05,6,17,2.0,False,4
random_27,2026-08-06,6,16,3.0,True,5
random_27,2026-08-07,6,19,1.0,False,6
random_27,2026-08-08,6,9,-1.0,True,7
random_27,2026-08-09,6,18,-2.0,True,8
random_27,2026-08-10,6,8,1.0,False,9
random_27,2026-08-11,6,7,2.0,True,10
random_27,2026-08-12,6,12,-1.0,False,11
random_27,2026-08-13,6,11,-1.0,True,12
random_27,2026-08-14,6,15,-0.0,False,13
random_27,2026-08-15,6,2,-2.0,True,14
random_27,2026-08-16,6,0,1.0,False,15
random_27,2026-08-17,6,5,0.0,True,16
random_27,2026-08-18,6,3,1.0,True,17
random_27,2026-08-19,6,13,-1.0,False,18
random_27,2026-08-20,6,11,-1.0,False,19
random_27,2026-08-21,6,8,-3.0,True,20
random_27,2026-08-22,6,18,2.0,False,21
random_27,2026-08-23,6,12,-2.0,True,22
random_27,2026-08-24,6,7,-2.0,False,23
random_27,2026-08-25,6,13,0.0,True,24
random_27,2026-08-26,6,3,3.0,False,25
random_27,2026-08-27,6,0,1.0,True,26
random_27,2026-08-28,6,5,-0.0,False,27
random_27,2026-08-29,6,14,1.0,True,28
random_27,2026-08-30,6,4,-1.0,False,29
random_27,2026-08-31,6,1,2.0,True,30
random_27,2026-09-01,6,10,1.0,False,31
random_27,2026-09-02,6,2,3.0,False,32
random_27,2026-09-03,6,15,0.0,True,33
random_27,2026-09-04,6,16,-0.0,False,34
random_27,2026-09-05,6,19,3.0,True,35
random_27,2026-09-06,6,9,-0.0,False,36
random_27,2026-09-07,6,17,-3.0,True,37
random_27,2026-08-01,7,8,-4.0,False,0
random_27,2026-08-02,7,14,-1.0,True,1
random_27,2026-08-03,7,9,2.0,False,2
random_27,2026-08-04,7,11,2.0,True,3
random_27,2026-08-05,7,12,4.0,False,4
random_27,2026-08-06,7,17,0.0,True,5
random_27,2026-08-07,7,4,2.0,False,6
random_27,2026-08-08,7,16,-3.0,True,7
random_27,2026-08-09,7,19,1.0,False,8
random_27,2026-08-10,7,13,3.0,True,9
random_27,2026-08-11,7,6,-2.0,False,10
random_27,2026-08-12,7,10,2.0,True,11
random_27,2026-08-13,7,5,-0.0,False,12
random_27,2026-08-14,7,2,-2.0,False,13
random_27,2026-08-15,7,15,1.0,True,14
random_27,2026-08-16,7,18,-0.0,False,15
random_27,2026-08-17,7,1,0.0,True,16
random_27,2026-08-18,7,0,0.0,True,17
random_27,2026-08-19,7,3,-0.0,False,18
random_27,2026-08-20,7,5,1.0,True,19
random_27,2026-08-21,7,13,2.0,False,20
random_27,2026-08-22,7,19,0.0,True,21
random_27,2026-08-23,7,10,1.0,False,22
random_27,2026-08-24,7,6,2.0,True,23
random_27,2026-08-25,7,3,-1.0,True,24
random_27,2026-08-26,7,0,-1.0,False,25
random_27,2026-08-27,7,18,-2.0,True,26
random_27,2026-08-28,7,1,1.0,False,27
random_27,2026-08-29,7,9,-1.0,True,28
random_27,2026-08-30,7,11,-3.0,False,29
random_27,2026-08-31,7,8,-2.0,True,30
random_27,2026-09-01,7,14,1.0,False,31
random_27,2026-09-02,7,15,2.0,False,32
random_27,2026-09-03,7,2,-1.0,True,33
random_27,2026-09-04,7,17,-0.0,False,34
random_27,2026-09-05,7,4,-2.0,True,35
random_27,2026-09-06,7,16,-1.0,False,36
random_27,2026-09-07,7,12,-2.0,True,37
random_27,2026-08-01,8,7,4.0,True,0
random_27,2026-08-02,8,0,-0.0,False,1
random_27,2026-08-03,8,15,-1.0,True,2
random_27,2026-08-04,8,19,-1.0,False,3
random_27,2026-08-05,8,11,-3.0,True,4
random_27,2026-08-06,8,10,5.0,False,5
random_27,2026-08-07,8,5,2.0,True,6
random_27,2026-08-08,8,1,-3.0,False,7
random_27,2026-08-09,8,16,1.0,False,8
random_27,2026-08-10,8,6,-1.0,True,9
random_27,2026-08-11,8,3,-1.0,False,10
random_27,2026-08-12,8,13,4.0,True,11
random_27,2026-08-13,8,2,-1.0,False,12
random_27,2026-08-14,8,9,1.0,True,13
random_27,2026-08-15,8,4,2.0,False,14
random_27,2026-08-16,8,17,2.0,False,15
random_27,2026-08-17,8,18,0.0,True,16
random_27,2026-08-18,8,14,2.0,True,17
random_27,2026-08-19,8,12,-0.0,False,18
random_27,2026-08-20,8,2,2.0,True,19
random_27,2026-08-21,8,6,3.0,False,20
random_27,2026-08-22,8,3,2.0,True,21
random_27,2026-08-23,8,13,1.0,False,22
random_27,2026-08-24,8,16,2.0,True,23
random_27,2026-08-25,8,12,-2.0,True,24
random_27,2026-08-26,8,18,-1.0,False,25
random_27,2026-08-27,8,17,-2.0,True,26
random_27,2026-08-28,8,14,-3.0,False,27
random_27,2026-08-29,8,15,3.0,False,28
random_27,2026-08-30,8,19,1.0,True,29
random_27,2026-08-31,8,7,2.0,False,30
random_27,2026-09-01,8,0,0.0,True,31
random_27,2026-09-02,8,4,-2.0,True,32
random_27,2026-09-03,8,9,-0.0,False,33
random_27,2026-09-04,8,10,2.0,True,34
random_27,2026-09-05,8,5,-0.0,False,35
random_27,2026-09-06,8,1,-1.0,True,36
random_27,2026-09-07,8,11,-2.0,False,37
random_27,2026-08-01,9,5,0.0,True,0
random_27,2026-08-02,9,18,-2.0,False,1
random_27,2026-08-03,9,7,-2.0,True,2
random_27,2026-08-04,9,13,-1.0,False,3
random_27,2026-08-05,9,15,-1.0,True,4
random_27,2026-08-06,9,11,-2.0,False,5
random_27,2026-08-07,9,10,-5.0,True,6
random_27,2026-08-08,9,6,1.0,False,7
random_27,2026-08-09,9,2,-1.0,False,8
random_27,2026-08-10,9,16,-6.0,True,9
random_27,2026-08-11,9,14,-0.0,False,10
random_27,2026-08-12,9,0,1.0,True,11
random_27,2026-08-13,9,19,-0.0,False,12
random_27,2026-08-14,9,8,-1.0,False,13
random_27,2026-08-15,9,3,-1.0,True,14
random_27,2026-08-16,9,12,-0.0,False,15
random_27,2026-08-17,9,4,-1.0,True,16
random_27,2026-08-18,9,1,0.0,True,17
random_27,2026-08-19,9,17,-0.0,False,18
random_27,2026-08-20,9,19,0.0,True,19
random_27,2026-08-21,9,16,-0.0,False,20
random_27,2026-08-22,9,2,0.0,True,21
random_27,2026-08-23,9,0,1.0,False,22
random_27,2026-08-24,9,14,0.0,True,23
random_27,2026-08-25,9,17,-1.0,True,24
random_27,2026-08-26,9,1,1.0,False,25
random_27,2026-08-27,9,12,0.0,True,26
random_27,2026-08-28,9,4,-1.0,False,27
random_27,2026-08-29,9,7,1.0,False,28
random_27,2026-08-30,9,13,-1.0,True,29
random_27,2026-08-31,9,5,2.0,False,30
random_27,2026-09-01,9,18,-2.0,True,31
random_27,2026-09-02,9,3,-2.0,False,32
random_27,2026-09-03,9,8,0.0,True,33
random_27,2026-09-04,9,11,1.0,True,34
random_27,2026-09-05,9,10,-0.0,False,35
random_27,2026-09-06,9,6,0.0,True,36
random_27,2026-09-07,9,15,-0.0,False,37
random_27,2026-08-01,10,15,-4.0,True,0
random_27,2026-08-02,10,6,4.0,False,1
random_27,2026-08-03,10,2,-1.0,True,2
random_27,2026-08-04,10,5,-0.0,False,3
random_27,2026-08-05,10,16,-0.0,False,4
random_27,2026-08-06,10,8,-5.0,True,5
random_27,2026-08-07,10,9,5.0,False,6
random_27,2026-08-08,10,3,1.0,True,7
random_27,2026-08-09,10,11,0.0,True,8
random_27,2026-08-10,10,1,-0.0,False,9
random_27,2026-08-11,10,4,-4.0,True,10
random_27,2026-08-12,10,7,-2.0,False,11
random_27,2026-08-13,10,17,0.0,True,12
random_27,2026-08-14,10,0,-1.0,False,13
random_27,2026-08-15,10,19,-3.0,True,14
random_27,2026-08-16,10,14,-0.0,False,15
random_27,2026-08-17,10,13,3.0,True,16
random_27,2026-08-18,10,12,1.0,True,17
random_27,2026-08-19,10,18,2.0,False,18
random_27,2026-08-20,10,17,1.0,False,19
random_27,2026-08-21,10,1,1.0,True,20
random_27,2026-08-22,10,11,3.0,False,21
random_27,2026-08-23,10,7,-1.0,True,22
random_27,2026-08-24,10,4,-1.0,False,23
random_27,2026-08-25,10,18,1.0,True,24
random_27,2026-08-26,10,13,-3.0,False,25
random_27,2026-08-27,10,14,1.0,True,26
random_27,2026-08-28,10,12,-1.0,False,27
random_27,2026-08-29,10,2,1.0,False,28
random_27,2026-08-30,10,5,-1.0,True,29
random_27,2026-08-31,10,15,-2.0,False,30
random_27,2026-09-01,10,6,-1.0,True,31
random_27,2026-09-02,10,19,-3.0,False,32
random_27,2026-09-03,10,0,-3.0,True,33
random_27,2026-09-04,10,8,-2.0,False,34
random_27,2026-09-05,10,9,0.0,True,35
random_27,2026-09-06,10,3,-1.0,False,36
random_27,2026-09-07,10,16,0.0,True,37
random_27,2026-08-01,11,18,1.0,True,0
random_27,2026-08-02,11,15,-2.0,False,1
random_27,2026-08-03,11,13,3.0,True,2
random_27,2026-08-04,11,7,-2.0,False,3
random_27,2026-08-05,11,8,3.0,False,4
random_27,2026-08-06,11,9,2.0,True,5
random_27,2026-08-07,11,14,-0.0,False,6
random_27,2026-08-08,11,17,0.0,True,7
random_27,2026-08-09,11,10,-0.0,False,8
random_27,2026-08-10,11,0,1.0,True,9
random_27,2026-08-11,11,19,-0.0,False,10
random_27,2026-08-12,11,2,1.0,True,11
random_27,2026-08-13,11,6,1.0,False,12
random_27,2026-08-14,11,12,-3.0,False,13
random_27,2026-08-15,11,16,1.0,True,14
random_27,2026-08-16,11,4,2.0,False,15
random_27,2026-08-17,11,3,1.0,True,16
random_27,2026-08-18,11,5,0.0,True,17
random_27,2026-08-19,11,1,2.0,False,18
random_27,2026-08-20,11,6,1.0,True,19
random_27,2026-08-21,11,0,6.0,False,20
random_27,2026-08-22,11,10,-3.0,True,21
random_27,2026-08-23,11,2,1.0,False,22
random_27,2026-08-24,11,19,-2.0,True,23
random_27,2026-08-25,11,1,2.0,True,24
random_27,2026-08-26,11,5,-2.0,False,25
random_27,2026-08-27,11,4,-2.0,True,26
random_27,2026-08-28,11,3,-0.0,False,27
random_27,2026-08-29,11,13,3.0,False,28
random_27,2026-08-30,11,7,3.0,True,29
random_27,2026-08-31,11,18,2.0,False,30
random_27,2026-09-01,11,15,-4.0,True,31
random_27,2026-09-02,11,16,1.0,False,32
random_27,2026-09-03,11,12,-1.0,True,33
random_27,2026-09-04,11,9,-1.0,False,34
random_27,2026-09-05,11,14,0.0,True,35
random_27,2026-09-06,11,17,-1.0,False,36
random_27,2026-09-07,11,8,2.0,True,37
random_27,2026-08-01,12,17,-0.0,False,0
random_27,2026-08-02,12,3,0.0,True,1
random_27,2026-08-03,12,4,-1.0,False,2
random_27,2026-08-04,12,16,-2.0,True,3
random_27,2026-08-05,12,7,-4.0,True,4
random_27,2026-08-06,12,1,-3.0,False,5
random_27,2026-08-07,12,15,-1.0,True,6
random_27,2026-08-08,12,18,-0.0,False,7
random_27,2026-08-09,12,0,-1.0,False,8
random_27,2026-08-10,12,19,-1.0,True,9
random_27,2026-08-11,12,5,-3.0,False,10
random_27,2026-08-12,12,6,1.0,True,11
random_27,2026-08-13,12,14,1.0,False,12
random_27,2026-08-14,12,11,3.0,True,13
random_27,2026-08-15,12,13,2.0,False,14
random_27,2026-08-16,12,9,0.0,True,15
random_27,2026-08-17,12,2,4.0,False,16
random_27,2026-08-18,12,10,-1.0,False,17
random_27,2026-08-19,12,8,0.0,True,18
random_27,2026-08-20,12,14,0.0,True,19
random_27,2026-08-21,12,19,-1.0,False,20
random_27,2026-08-22,12,5,0.0,True,21
random_27,2026-08-23,12,6,2.0,False,22
random_27,2026-08-24,12,0,2.0,True,23
random_27,2026-08-25,12,8,2.0,False,24
random_27,2026-08-26,12,2,-1.0,True,25
random_27,2026-08-27,12,9,-0.0,False,26
random_27,2026-08-28,12,10,1.0,True,27
random_27,2026-08-29,12,4,-1.0,True,28
random_27,2026-08-30,12,16,3.0,False,29
random_27,2026-08-31,12,17,3.0,True,30
random_27,2026-09-01,12,3,-5.0,False,31
random_27,2026-09-02,12,13,1.0,True,32
random_27,2026-09-03,12,11,1.0,False,33
random_27,2026-09-04,12,1,-3.0,True,34
random_27,2026-09-05,12,15,-1.0,False,35
random_27,2026-09-06,12,18,-4.0,True,36
random_27,2026-09-07,12,7,2.0,False,37
random_27,2026-08-01,13,16,1.0,False,0
random_27,2026-08-02,13,17,2.0,True,1
random_27,2026-08-03,13,11,-3.0,False,2
random_27,2026-08-04,13,9,1.0,True,3
random_27,2026-08-05,13,0,-1.0,False,4
random_27,2026-08-06,13,14,-2.0,True,5
random_27,2026-08-07,13,3,-3.0,False,6
random_27,2026-08-08,13,4,5.0,True,7
random_27,2026-08-09,13,1,6.0,True,8
random_27,2026-08-10,13,7,-3.0,False,9
random_27,2026-08-11,13,15,0.0,True,10
random_27,2026-08-12,13,8,-4.0,False,11
random_27,2026-08-13,13,18,1.0,True,12
random_27,2026-08-14,13,5,-0.0,False,13
random_27,2026-08-15,13,12,-2.0,True,14
random_27,2026-08-16,13,19,0.0,True,15
random_27,2026-08-17,13,10,-3.0,False,16
random_27,2026-08-18,13,2,-2.0,False,17
random_27,2026-08-19,13,6,1.0,True,18
random_27,2026-08-20,13,18,-1.0,False,19
random_27,2026-08-21,13,7,-2.0,True,20
random_27,2026-08-22,13,15,-0.0,False,21
random_27,2026-08-23,13,8,-1.0,True,22
random_27,2026-08-24,13,1,-2.0,False,23
random_27,2026-08-25,13,6,-0.0,False,24
random_27,2026-08-26,13,10,3.0,True,25
random_27,2026-08-27,13,19,-1.0,False,26
random_27,2026-08-28,13,2,1.0,True,27
random_27,2026-08-29,13,11,-3.0,True,28
random_27,2026-08-30,13,9,1.0,False,29
random_27,2026-08-31,13,16,-1.0,True,30
random_27,2026-09-01,13,17,-0.0,False,31
random_27,2026-09-02,13,12,-1.0,False,32
random_27,2026-09-03,13,5,1.0,True,33
random_27,2026-09-04,13,14,1.0,False,34
random_27,2026-09-05,13,3,-3.0,True,35
random_27,2026-09-06,13,4,2.0,False,36
random_27,2026-09-07,13,0,-2.0,True,37
random_27,2026-08-01,14,0,-3.0,True,0
random_27,2026-08-02,14,7,1.0,False,1
random_27,2026-08-03,14,6,-4.0,True,2
random_27,2026-08-04,14,15,-0.0,False,3
random_27,2026-08-05,14,18,3.0,True,4
random_27,2026-08-06,14,13,2.0,False,5
random_27,2026-08-07,14,11,0.0,True,6
random_27,2026-08-08,14,2,1.0,False,7
random_27,2026-08-09,14,4,1.0,True,8
random_27,2026-08-10,14,17,2.0,False,9
random_27,2026-08-11,14,9,0.0,True,10
random_27,2026-08-12,14,1,-2.0,False,11
random_27,2026-08-13,14,12,-1.0,True,12
random_27,2026-08-14,14,3,-2.0,False,13
random_27,2026-08-15,14,5,2.0,True,14
random_27,2026-08-16,14,10,0.0,True,15
random_27,2026-08-17,14,16,-3.0,False,16
random_27,2026-08-18,14,8,-2.0,False,17
random_27,2026-08-19,14,19,-1.0,True,18
random_27,2026-08-20,14,12,-0.0,False,19
random_27,2026-08-21,14,17,0.0,True,20
random_27,2026-08-22,14,4,-0.0,False,21
random_27,2026-08-23,14,1,-2.0,True,22
random_27,2026-08-24,14,9,-0.0,False,23
random_27,2026-08-25,14,19,-1.0,False,24
random_27,2026-08-26,14,16,3.0,True,25
random_27,2026-08-27,14,10,-1.0,False,26
random_27,2026-08-28,14,8,3.0,True,27
random_27,2026-08-29,14,6,-1.0,False,28
random_27,2026-08-30,14,15,-2.0,True,29
random_27,2026-08-31,14,0,-4.0,False,30
random_27,2026-09-01,14,7,-1.0,True,31
random_27,2026-09-02,14,5,-1.0,False,32
random_27,2026-09-03,14,3,2.0,True,33
random_27,2026-09-04,14,13,-1.0,True,34
random_27,2026-09-05,14,11,-0.0,False,35
random_27,2026-09-06,14,2,-1.0,True,36
random_27,2026-09-07,14,18,-0.0,False,37
random_27,2026-08-01,15,10,4.0,False,0
random_27,2026-08-02,15,11,2.0,True,1
random_27,2026-08-03,15,8,1.0,False,2
random_27,2026-08-04,15,14,0.0,True,3
random_27,2026-08-05,15,9,1.0,False,4
random_27,2026-08-06,15,19,-2.0,True,5
random_27,2026-08-07,15,12,1.0,False,6
random_27,2026-08-08,15,0,-2.0,True,7
random_27,2026-08-09,15,5,-0.0,False,8
random_27,2026-08-10,15,2,-2.0,True,9
random_27,2026-08-11,15,13,-0.0,False,10
random_27,2026-08-12,15,3,0.0,True,11
random_27,2026-08-13,15,16,-0.0,False,12
random_27,2026-08-14,15,6,0.0,True,13
random_27,2026-08-15,15,7,-1.0,False,14
random_27,2026-08-16,15,1,2.0,False,15
random_27,2026-08-17,15,17,1.0,True,16
random_27,2026-08-18,15,18,-1.0,True,17
random_27,2026-08-19,15,4,1.0,False,18
random_27,2026-08-20,15,16,3.0,True,19
random_27,2026-08-21,15,2,3.0,False,20
random_27,2026-08-22,15,13,0.0,True,21
random_27,2026-08-23,15,3,2.0,False,22
random_27,2026-08-24,15,5,3.0,True,23
random_27,2026-08-25,15,4,2.0,True,24
random_27,2026-08-26,15,17,1.0,False,25
random_27,2026-08-27,15,1,-3.0,True,26
random_27,2026-08-28,15,18,-3.0,False,27
random_27,2026-08-29,15,8,-3.0,True,28
random_27,2026-08-30,15,14,2.0,False,29
random_27,2026-08-31,15,10,2.0,True,30
random_27,2026-09-01,15,11,4.0,False,31
random_27,2026-09-02,15,7,-2.0,True,32
random_27,2026-09-03,15,6,-0.0,False,33
random_27,2026-09-04,15,0,-2.0,False,34
random_27,2026-09-05,15,12,1.0,True,35
random_27,2026-09-06,15,19,-2.0,False,36
random_27,2026-09-07,15,9,0.0,True,37
random_27,2026-08-01,16,13,-1.0,True,0
random_27,2026-08-02,16,19,3.0,False,1
random_27,2026-08-03,16,0,0.0,True,2
random_27,2026-08-04,16,12,2.0,False,3
random_27,2026-08-05,16,10,0.0,True,4
random_27,2026-08-06,16,6,-3.0,False,5
random_27,2026-08-07,16,2,2.0,True,6
random_27,2026-08-08,16,7,3.0,False,7
random_27,2026-08-09,16,8,-1.0,True,8
random_27,2026-08-10,16,9,6.0,False,9
random_27,2026-08-11,16,1,-1.0,True,10
random_27,2026-08-12,16,4,-0.0,False,11
random_27,2026-08-13,16,15,0.0,True,12
random_27,2026-08-14,16,18,1.0,True,13
random_27,2026-08-15,16,11,-1.0,False,14
random_27,2026-08-16,16,3,2.0,False,15
random_27,2026-08-17,16,14,3.0,True,16
random_27,2026-08-18,16,17,1.0,True,17
random_27,2026-08-19,16,5,-1.0,False,18
random_27,2026-08-20,16,15,-3.0,False,19
random_27,2026-08-21,16,9,0.0,True,20
random_27,2026-08-22,16,1,-1.0,False,21
random_27,2026-08-23,16,4,-2.0,True,22
random_27,2026-08-24,16,8,-2.0,False,23
random_27,2026-08-25,16,5,5.0,True,24
random_27,2026-08-26,16,14,-3.0,False,25
random_27,2026-08-27,16,3,-1.0,True,26
random_27,2026-08-28,16,17,-4.0,False,27
random_27,2026-08-29,16,0,-0.0,False,28
random_27,2026-08-30,16,12,-3.0,True,29
random_27,2026-08-31,16,13,1.0,False,30
random_27,2026-09-01,16,19,-2.0,True,31
random_27,2026-09-02,16,11,-1.0,True,32
random_27,2026-09-03,16,18,1.0,False,33
random_27,2026-09-04,16,6,0.0,True,34
random_27,2026-09-05,16,2,-4.0,False,35
random_27,2026-09-06,16,7,1.0,True,36
random_27,2026-09-07,16,10,-0.0,False,37
random_27,2026-08-01,17,12,0.0,True,0
random_27,2026-08-02,17,13,-2.0,False,1
random_27,2026-08-03,17,19,0.0,True,2
random_27,2026-08-04,17,2,-1.0,False,3
random_27,2026-08-05,17,6,-2.0,True,4
random_27,2026-08-06,17,7,-0.0,False,5
random_27,2026-08-07,17,1,-3.0,True,6
random_27,2026-08-08,17,11,-0.0,False,7
random_27,2026-08-09,17,3,-0.0,False,8
random_27,2026-08-10,17,14,-2.0,True,9
random_27,2026-08-11,17,0,-1.0,False,10
random_27,2026-08-12,17,5,5.0,True,11
random_27,2026-08-13,17,10,-0.0,False,12
random_27,2026-08-14,17,4,3.0,True,13
random_27,2026-08-15,17,18,-0.0,False,14
random_27,2026-08-16,17,8,-2.0,True,15
random_27,2026-08-17,17,15,-1.0,False,16
random_27,2026-08-18,17,16,-1.0,False,17
random_27,2026-08-19,17,9,0.0,True,18
random_27,2026-08-20,17,10,-1.0,True,19
random_27,2026-08-21,17,14,-0.0,False,20
random_27,2026-08-22,17,0,0.0,True,21
random_27,2026-08-23,17,5,-1.0,False,22
random_27,2026-08-24,17,3,-1.0,True,23
random_27,2026-08-25,17,9,1.0,False,24
random_27,2026-08-26,17,15,-1.0,True,25
random_27,2026-08-27,17,8,2.0,False,26
random_27,2026-08-28,17,16,4.0,True,27
random_27,2026-08-29,17,19,-1.0,False,28
random_27,2026-08-30,17,2,0.0,True,29
random_27,2026-08-31,17,12,-3.0,False,30
random_27,2026-09-01,17,13,0.0,True,31
random_27,2026-09-02,17,18,1.0,True,32
random_27,2026-09-03,17,4,-1.0,False,33
random_27,2026-09-04,17,7,0.0,True,34
random_27,2026-09-05,17,1,2.0,False,35
random_27,2026-09-06,17,11,1.0,True,36
random_27,2026-09-07,17,6,3.0,False,37
random_27,2026-08-01,18,11,-1.0,False,0
random_27,2026-08-02,18,9,2.0,True,1
random_27,2026-08-03,18,3,-2.0,False,2
random_27,2026-08-04,18,1,0.0,True,3
random_27,2026-08-05,18,14,-3.0,False,4
random_27,2026-08-06,18,4,0.0,True,5
random_27,2026-08-07,18,0,1.0,False,6
random_27,2026-08-08,18,12,0.0,True,7
random_27,2026-08-09,18,6,2.0,False,8
random_27,2026-08-10,18,5,-1.0,True,9
random_27,2026-08-11,18,2,2.0,False,10
random_27,2026-08-12,18,19,0.0,True,11
random_27,2026-08-13,18,13,-1.0,False,12
random_27,2026-08-14,18,16,-1.0,False,13
random_27,2026-08-15,18,17,0.0,True,14
random_27,2026-08-16,18,7,0.0,True,15
random_27,2026-08-17,18,8,-0.0,False,16
random_27,2026-08-18,18,15,1.0,False,17
random_27,2026-08-19,18,10,-2.0,True,18
random_27,2026-08-20,18,13,1.0,True,19
random_27,2026-08-21,18,5,-0.0,False,20
random_27,2026-08-22,18,6,-2.0,True,21
random_27,2026-08-23,18,19,1.0,False,22
random_27,2026-08-24,18,2,1.0,True,23
random_27,2026-08-25,18,10,-1.0,False,24
random_27,2026-08-26,18,8,1.0,True,25
random_27,2026-08-27,18,7,2.0,False,26
random_27,2026-08-28,18,15,3.0,True,27
random_27,2026-08-29,18,3,-1.0,True,28
random_27,2026-08-30,18,1,-2.0,False,29
random_27,2026-08-31,18,11,-2.0,True,30
random_27,2026-09-01,18,9,2.0,False,31
random_27,2026-09-02,18,17,-1.0,False,32
random_27,2026-09-03,18,16,-1.0,True,33
random_27,2026-09-04,18,4,-0.0,False,34
random_27,2026-09-05,18,0,0.0,True,35
random_27,2026-09-06,18,12,4.0,False,36
random_27,2026-09-07,18,14,0.0,True,37
random_27,2026-08-01,19,3,1.0,False,0
random_27,2026-08-02,19,16,-3.0,True,1
random_27,2026-08-03,19,17,-0.0,False,2
random_27,2026-08-04,19,8,1.0,True,3
random_27,2026-08-05,19,2,-3.0,True,4
random_27,2026-08-06,19,15,2.0,False,5
random_27,2026-08-07,19,6,-1.0,True,6
random_27,2026-08-08,19,5,-1.0,False,7
random_27,2026-08-09,19,7,-1.0,True,8
random_27,2026-08-10,19,12,1.0,False,9
random_27,2026-08-11,19,11,0.0,True,10
random_27,2026-08-12,19,18,-0.0,False,11
random_27,2026-08-13,19,9,0.0,True,12
random_27,2026-08-14,19,1,-1.0,True,13
random_27,2026-08-15,19,10,3.0,False,14
random_27,2026-08-16,19,13,-0.0,False,15
random_27,2026-08-17,19,0,0.0,True,16
random_27,2026-08-18,19,4,1.0,True,17
random_27,2026-08-19,19,14,1.0,False,18
random_27,2026-08-20,19,9,-0.0,False,19
random_27,2026-08-21,19,12,1.0,True,20
random_27,2026-08-22,19,7,-0.0,False,21
random_27,2026-08-23,19,18,-1.0,True,22
random_27,2026-08-24,19,11,2.0,False,23
random_27,2026-08-25,19,14,1.0,True,24
random_27,2026-08-26,19,4,1.0,False,25
random_27,2026-08-27,19,13,1.0,True,26
random_27,2026-08-28,19,0,1.0,False,27
random_27,2026-08-29,19,17,1.0,True,28
random_27,2026-08-30,19,8,-1.0,False,29
random_27,2026-08-31,19,3,-1.0,True,30
random_27,2026-09-01,19,16,2.0,False,31
random_27,2026-09-02,19,10,3.0,True,32
random_27,2026-09-03,19,1,4.0,False,33
random_27,2026-09-04,19,5,1.0,True,34
random_27,2026-09-05,19,6,-3.0,False,35
random_27,2026-09-06,19,15,2.0,True,36
random_27,2026-09-07,19,2,-1.0,False,37
random_28,2026-08-01,0,14,-0.0,False,0
random_28,2026-08-02,0,8,3.0,True,1
random_28,2026-08-03,0,16,-2.0,False,2
random_28,2026-08-04,0,3,1.0,True,3
random_28,2026-08-05,0,13,-5.0,True,4
random_28,2026-08-06,0,5,-0.0,False,5
random_28,2026-08-07,0,18,-2.0,True,6
random_28,2026-08-08,0,15,-0.0,False,7
random_28,2026-08-09,0,12,0.0,True,8
random_28,2026-08-10,0,11,1.0,False,9
random_28,2026-08-11,0,17,-2.0,True,10
random_28,2026-08-12,0,9,-4.0,False,11
random_28,2026-08-13,0,4,1.0,True,12
random_28,2026-08-14,0,10,1.0,True,13
random_28,2026-08-15,0,1,2.0,False,14
random_28,2026-08-16,0,6,3.0,True,15
random_28,2026-08-17,0,19,2.0,False,16
random_28,2026-08-18,0,7,-2.0,False,17
random_28,2026-08-19,0,2,6.0,True,18
random_28,2026-08-20,0,4,-0.0,False,19
random_28,2026-08-21,0,11,3.0,True,20
random_28,2026-08-22,0,17,3.0,False,21
random_28,2026-08-23,0,9,1.0,True,22
random_28,2026-08-24,0,12,-2.0,False,23
random_28,2026-08-25,0,2,-0.0,False,24
random_28,2026-08-26,0,7,3.0,True,25
random_28,2026-08-27,0,6,4.0,False,26
random_28,2026-08-28,0,19,-3.0,True,27
random_28,2026-08-29,0,16,-1.0,True,28
random_28,2026-08-30,0,3,1.0,False,29
random_28,2026-08-31,0,14,5.0,True,30
random_28,2026-09-01,0,8,-1.0,False,31
random_28,2026-09-02,0,1,-1.0,True,32
random_28,2026-09-03,0,10,1.0,False,33
random_28,2026-09-04,0,15,1.0,True,34
random_28,2026-09-05,0,18,1.0,False,35
random_28,2026-09-06,0,5,1.0,True,36
random_28,2026-09-07,0,13,1.0,False,37
random_28,2026-08-01,1,6,0.0,True,0
random_28,2026-08-02,1,2,1.0,False,1
random_28,2026-08-03,1,5,1.0,True,2
random_28,2026-08-04,1,18,-0.0,False,3
random_28,2026-08-05,1,4,-2.0,False,4
random_28,2026-08-06,1,12,0.0,True,5
random_28,2026-08-07,1,17,3.0,False,6
random_28,2026-08-08,1,8,1.0,True,7
random_28,2026-08-09,1,13,-0.0,False,8
random_28,2026-08-10,1,10,-3.0,True,9
random_28,2026-08-11,1,16,-1.0,False,10
random_28,2026-08-12,1,14,6.0,True,11
random_28,2026-08-13,1,3,-0.0,False,12
random_28,2026-08-14,1,19,4.0,False,13
random_28,2026-08-15,1,0,-2.0,True,14
random_28,2026-08-16,1,15,0.0,True,15
random_28,2026-08-17,1,7,-1.0,False,16
random_28,2026-08-18,1,9,1.0,False,17
random_28,2026-08-19,1,11,3.0,True,18
random_28,2026-08-20,1,3,2.0,True,19
random_28,2026-08-21,1,10,1.0,False,20
random_28,2026-08-22,1,16,-2.0,True,21
random_28,2026-08-23,1,14,-1.0,False,22
random_28,2026-08-24,1,13,-2.0,True,23
random_28,2026-08-25,1,11,-0.0,False,24
random_28,2026-08-26,1,9,-1.0,True,25
random_28,2026-08-27,1,15,-0.0,False,26
random_28,2026-08-28,1,7,-2.0,True,27
random_28,2026-08-29,1,5,-3.0,False,28
random_28,2026-08-30,1,18,4.0,True,29
random_28,2026-08-31,1,6,1.0,False,30
random_28,2026-09-01,1,2,-2.0,True,31
random_28,2026-09-02,1,0,1.0,False,32
random_28,2026-09-03,1,19,3.0,True,33
random_28,2026-09-04,1,12,-1.0,False,34
random_28,2026-09-05,1,17,0.0,True,35
random_28,2026-09-06,1,8,-2.0,False,36
random_28,2026-09-07,1,4,1.0,True,37
random_28,2026-08-01,2,4,-2.0,False,0
random_28,2026-08-02,2,1,-1.0,True,1
random_28,2026-08-03,2,10,1.0,False,2
random_28,2026-08-04,2,17,-2.0,True,3
random_28,2026-08-05,2,19,-1.0,False,4
random_28,2026-08-06,2,3,1.0,True,5
random_28,2026-08-07,2,16,-0.0,False,6
random_28,2026-08-08,2,14,-2.0,True,7
random_28,2026-08-09,2,9,1.0,True,8
random_28,2026-08-10,2,15,2.0,False,9
random_28,2026-08-11,2,18,2.0,True,10
random_28,2026-08-12,2,11,-3.0,False,11
random_28,2026-08-13,2,8,-1.0,True,12
random_28,2026-08-14,2,7,-1.0,True,13
random_28,2026-08-15,2,6,-0.0,False,14
random_28,2026-08-16,2,5,2.0,False,15
random_28,2026-08-17,2,12,2.0,True,16
random_28,2026-08-18,2,13,-1.0,True,17
random_28,2026-08-19,2,0,-6.0,False,18
random_28,2026-08-20,2,8,1.0,False,19
random_28,2026-08-21,2,15,4.0,True,20
random_28,2026-08-22,2,9,-1.0,False,21
random_28,2026-08-23,2,11,0.0,True,22
random_28,2026-08-24,2,18,1.0,False,23
random_28,2026-08-25,2,0,0.0,True,24
random_28,2026-08-26,2,12,-1.0,False,25
random_28,2026-08-27,2,5,0.0,True,26
random_28,2026-08-28,2,13,2.0,False,27
random_28,2026-08-29,2,10,-2.0,True,28
random_28,2026-08-30,2,17,-3.0,False,29
random_28,2026-08-31,2,4,0.0,True,30
random_28,2026-09-01,2,1,2.0,False,31
random_28,2026-09-02,2,6,1.0,True,32
random_28,2026-09-03,2,7,-0.0,False,33
random_28,2026-09-04,2,3,1.0,False,34
random_28,2026-09-05,2,16,1.0,True,35
random_28,2026-09-06,2,14,1.0,False,36
random_28,2026-09-07,2,19,2.0,True,37
random_28,2026-08-01,3,19,0.0,True,0
random_28,2026-08-02,3,12,-1.0,False,1
random_28,2026-08-03,3,18,0.0,True,2
random_28,2026-08-04,3,0,-1.0,False,3
random_28,2026-08-05,3,5,3.0,True,4
random_28,2026-08-06,3,2,-1.0,False,5
random_28,2026-08-07,3,13,-2.0,True,6
random_28,2026-08-08,3,10,-1.0,False,7
random_28,2026-08-09,3,17,-2.0,True,8
random_28,2026-08-10,3,4,1.0,False,9
random_28,2026-08-11,3,8,-1.0,True,10
random_28,2026-08-12,3,15,-6.0,False,11
random_28,2026-08-13,3,1,0.0,True,12
random_28,2026-08-14,3,14,-2.0,True,13
random_28,2026-08-15,3,9,-1.0,False,14
random_28,2026-08-16,3,16,3.0,True,15
random_28,2026-08-17,3,11,1.0,False,16
random_28,2026-08-18,3,6,-1.0,False,17
random_28,2026-08-19,3,7,-4.0,True,18
random_28,2026-08-20,3,1,-2.0,False,19
random_28,2026-08-21,3,4,0.0,True,20
random_28,2026-08-22,3,8,-2.0,False,21
random_28,2026-08-23,3,15,-3.0,True,22
random_28,2026-08-24,3,17,-2.0,False,23
random_28,2026-08-25,3,7,5.0,False,24
random_28,2026-08-26,3,6,1.0,True,25
random_28,2026-08-27,3,16,-1.0,False,26
random_28,2026-08-28,3,11,1.0,True,27
random_28,2026-08-29,3,18,2.0,False,28
random_28,2026-08-30,3,0,-1.0,True,29
random_28,2026-08-31,3,19,-1.0,False,30
random_28,2026-09-01,3,12,-2.0,True,31
random_28,2026-09-02,3,9,0.0,True,32
random_28,2026-09-03,3,14,-2.0,False,33
random_28,2026-09-04,3,2,-1.0,True,34
random_28,2026-09-05,3,13,3.0,False,35
random_28,2026-09-06,3,10,-2.0,True,36
random_28,2026-09-07,3,5,-0.0,False,37
random_28,2026-08-01,4,2,2.0,True,0
random_28,2026-08-02,4,5,2.0,False,1
random_28,2026-08-03,4,12,-2.0,True,2
random_28,2026-08-04,4,6,2.0,False,3
random_28,2026-08-05,4,1,2.0,True,4
random_28,2026-08-06,4,18,2.0,False,5
random_28,2026-08-07,4,7,-1.0,True,6
random_28,2026-08-08,4,13,1.0,False,7
random_28,2026-08-09,4,14,-1.0,False,8
random_28,2026-08-10,4,3,-1.0,True,9
random_28,2026-08-11,4,10,-1.0,False,10
random_28,2026-08-12,4,16,0.0,True,11
random_28,2026-08-13,4,0,-1.0,False,12
random_28,2026-08-14,4,17,-0.0,False,13
random_28,2026-08-15,4,8,-1.0,True,14
random_28,2026-08-16,4,11,5.0,True,15
random_28,2026-08-17,4,9,-0.0,False,16
random_28,2026-08-18,4,19,4.0,False,17
random_28,2026-08-19,4,15,-5.0,True,18
random_28,2026-08-20,4,0,0.0,True,19
random_28,2026-08-21,4,3,-0.0,False,20
random_28,2026-08-22,4,14,0.0,True,21
random_28,2026-08-23,4,16,1.0,False,22
random_28,2026-08-24,4,10,2.0,True,23
random_28,2026-08-25,4,15,-0.0,False,24
random_28,2026-08-26,4,19,-2.0,True,25
random_28,2026-08-27,4,11,-0.0,False,26
random_28,2026-08-28,4,9,2.0,True,27
random_28,2026-08-29,4,12,1.0,False,28
random_28,2026-08-30,4,6,1.0,True,29
random_28,2026-08-31,4,2,-0.0,False,30
random_28,2026-09-01,4,5,4.0,True,31
random_28,2026-09-02,4,8,-3.0,False,32
random_28,2026-09-03,4,17,3.0,True,33
random_28,2026-09-04,4,18,3.0,True,34
random_28,2026-09-05,4,7,2.0,False,35
random_28,2026-09-06,4,13,1.0,True,36
random_28,2026-09-07,4,1,-1.0,False,37
random_28,2026-08-01,5,9,1.0,False,0
random_28,2026-08-02,5,4,-2.0,True,1
random_28,2026-08-03,5,1,-1.0,False,2
random_28,2026-08-04,5,10,2.0,True,3
random_28,2026-08-05,5,3,-3.0,False,4
random_28,2026-08-06,5,0,0.0,True,5
random_28,2026-08-07,5,8,1.0,False,6
random_28,2026-08-08,5,19,-2.0,True,7
random_28,2026-08-09,5,15,2.0,True,8
random_28,2026-08-10,5,18,3.0,False,9
random_28,2026-08-11,5,12,1.0,True,10
random_28,2026-08-12,5,17,1.0,False,11
random_28,2026-08-13,5,7,2.0,True,12
random_28,2026-08-14,5,13,-3.0,True,13
random_28,2026-08-15,5,14,2.0,False,14
random_28,2026-08-16,5,2,-2.0,True,15
random_28,2026-08-17,5,6,-0.0,False,16
random_28,2026-08-18,5,11,-3.0,False,17
random_28,2026-08-19,5,16,3.0,True,18
random_28,2026-08-20,5,7,-3.0,False,19
random_28,2026-08-21,5,18,-1.0,True,20
random_28,2026-08-22,5,12,-2.0,False,21
random_28,2026-08-23,5,17,1.0,True,22
random_28,2026-08-24,5,15,-0.0,False,23
random_28,2026-08-25,5,16,-1.0,False,24
random_28,2026-08-26,5,11,2.0,True,25
random_28,2026-08-27,5,2,-0.0,False,26
random_28,2026-08-28,5,6,2.0,True,27
random_28,2026-08-29,5,1,3.0,True,28
random_28,2026-08-30,5,10,-0.0,False,29
random_28,2026-08-31,5,9,0.0,True,30
random_28,2026-09-01,5,4,-4.0,False,31
random_28,2026-09-02,5,14,0.0,True,32
random_28,2026-09-03,5,13,1.0,False,33
random_28,2026-09-04,5,19,-0.0,False,34
random_28,2026-09-05,5,8,2.0,True,35
random_28,2026-09-06,5,0,-1.0,False,36
random_28,2026-09-07,5,3,0.0,True,37
random_28,2026-08-01,6,1,-0.0,False,0
random_28,2026-08-02,6,10,0.0,True,1
random_28,2026-08-03,6,14,3.0,False,2
random_28,2026-08-04,6,4,-2.0,True,3
random_28,2026-08-05,6,17,3.0,False,4
random_28,2026-08-06,6,16,-2.0,True,5
random_28,2026-08-07,6,19,-1.0,False,6
random_28,2026-08-08,6,9,0.0,True,7
random_28,2026-08-09,6,18,1.0,True,8
random_28,2026-08-10,6,8,-0.0,False,9
random_28,2026-08-11,6,7,3.0,True,10
random_28,2026-08-12,6,12,-0.0,False,11
random_28,2026-08-13,6,11,1.0,True,12
random_28,2026-08-14,6,15,1.0,False,13
random_28,2026-08-15,6,2,0.0,True,14
random_28,2026-08-16,6,0,-3.0,False,15
random_28,2026-08-17,6,5,0.0,True,16
random_28,2026-08-18,6,3,1.0,True,17
random_28,2026-08-19,6,13,-0.0,False,18
random_28,2026-08-20,6,11,-0.0,False,19
random_28,2026-08-21,6,8,1.0,True,20
random_28,2026-08-22,6,18,2.0,False,21
random_28,2026-08-23,6,12,-2.0,True,22
random_28,2026-08-24,6,7,-0.0,False,23
random_28,2026-08-25,6,13,-4.0,True,24
random_28,2026-08-26,6,3,-1.0,False,25
random_28,2026-08-27,6,0,-4.0,True,26
random_28,2026-08-28,6,5,-2.0,False,27
random_28,2026-08-29,6,14,1.0,True,28
random_28,2026-08-30,6,4,-1.0,False,29
random_28,2026-08-31,6,1,-1.0,True,30
random_28,2026-09-01,6,10,-2.0,False,31
random_28,2026-09-02,6,2,-1.0,False,32
random_28,2026-09-03,6,15,0.0,True,33
random_28,2026-09-04,6,16,3.0,False,34
random_28,2026-09-05,6,19,0.0,True,35
random_28,2026-09-06,6,9,1.0,False,36
random_28,2026-09-07,6,17,2.0,True,37
random_28,2026-08-01,7,8,-0.0,False,0
random_28,2026-08-02,7,14,0.0,True,1
random_28,2026-08-03,7,9,-0.0,False,2
random_28,2026-08-04,7,11,-1.0,True,3
random_28,2026-08-05,7,12,-5.0,False,4
random_28,2026-08-06,7,17,1.0,True,5
random_28,2026-08-07,7,4,1.0,False,6
random_28,2026-08-08,7,16,1.0,True,7
random_28,2026-08-09,7,19,-0.0,False,8
random_28,2026-08-10,7,13,3.0,True,9
random_28,2026-08-11,7,6,-3.0,False,10
random_28,2026-08-12,7,10,-3.0,True,11
random_28,2026-08-13,7,5,-2.0,False,12
random_28,2026-08-14,7,2,1.0,False,13
random_28,2026-08-15,7,15,-1.0,True,14
random_28,2026-08-16,7,18,-1.0,False,15
random_28,2026-08-17,7,1,1.0,True,16
random_28,2026-08-18,7,0,2.0,True,17
random_28,2026-08-19,7,3,4.0,False,18
random_28,2026-08-20,7,5,3.0,True,19
random_28,2026-08-21,7,13,-1.0,False,20
random_28,2026-08-22,7,19,2.0,True,21
random_28,2026-08-23,7,10,-2.0,False,22
random_28,2026-08-24,7,6,0.0,True,23
random_28,2026-08-25,7,3,-5.0,True,24
random_28,2026-08-26,7,0,-3.0,False,25
random_28,2026-08-27,7,18,0.0,True,26
random_28,2026-08-28,7,1,2.0,False,27
random_28,2026-08-29,7,9,-2.0,True,28
random_28,2026-08-30,7,11,-0.0,False,29
random_28,2026-08-31,7,8,0.0,True,30
random_28,2026-09-01,7,14,2.0,False,31
random_28,2026-09-02,7,15,-2.0,False,32
random_28,2026-09-03,7,2,0.0,True,33
random_28,2026-09-04,7,17,-1.0,False,34
random_28,2026-09-05,7,4,-2.0,True,35
random_28,2026-09-06,7,16,-0.0,False,36
random_28,2026-09-07,7,12,1.0,True,37
random_28,2026-08-01,8,7,0.0,True,0
random_28,2026-08-02,8,0,-3.0,False,1
random_28,2026-08-03,8,15,-1.0,True,2
random_28,2026-08-04,8,19,-1.0,False,3
random_28,2026-08-05,8,11,-1.0,True,4
random_28,2026-08-06,8,10,1.0,False,5
random_28,2026-08-07,8,5,-1.0,True,6
random_28,2026-08-08,8,1,-1.0,False,7
random_28,2026-08-09,8,16,1.0,False,8
random_28,2026-08-10,8,6,0.0,True,9
random_28,2026-08-11,8,3,1.0,False,10
random_28,2026-08-12,8,13,-2.0,True,11
random_28,2026-08-13,8,2,1.0,False,12
random_28,2026-08-14,8,9,0.0,True,13
random_28,2026-08-15,8,4,1.0,False,14
random_28,2026-08-16,8,17,-0.0,False,15
random_28,2026-08-17,8,18,2.0,True,16
random_28,2026-08-18,8,14,2.0,True,17
random_28,2026-08-19,8,12,-0.0,False,18
random_28,2026-08-20,8,2,-1.0,True,19
random_28,2026-08-21,8,6,-1.0,False,20
random_28,2026-08-22,8,3,2.0,True,21
random_28,2026-08-23,8,13,-1.0,False,22
random_28,2026-08-24,8,16,2.0,True,23
random_28,2026-08-25,8,12,-1.0,True,24
random_28,2026-08-26,8,18,-0.0,False,25
random_28,2026-08-27,8,17,0.0,True,26
random_28,2026-08-28,8,14,-0.0,False,27
random_28,2026-08-29,8,15,-2.0,False,28
random_28,2026-08-30,8,19,0.0,True,29
random_28,2026-08-31,8,7,-0.0,False,30
random_28,2026-09-01,8,0,1.0,True,31
random_28,2026-09-02,8,4,3.0,True,32
random_28,2026-09-03,8,9,-2.0,False,33
random_28,2026-09-04,8,10,-2.0,True,34
random_28,2026-09-05,8,5,-2.0,False,35
random_28,2026-09-06,8,1,2.0,True,36
random_28,2026-09-07,8,11,-1.0,False,37
random_28,2026-08-01,9,5,-1.0,True,0
random_28,2026-08-02,9,18,-0.0,False,1
random_28,2026-08-03,9,7,0.0,True,2
random_28,2026-08-04,9,13,-1.0,False,3
random_28,2026-08-05,9,15,0.0,True,4
random_28,2026-08-06,9,11,-2.0,False,5
random_28,2026-08-07,9,10,1.0,True,6
random_28,2026-08-08,9,6,-0.0,False,7
random_28,2026-08-09,9,2,-1.0,False,8
random_28,2026-08-10,9,16,-1.0,True,9
random_28,2026-08-11,9,14,2.0,False,10
random_28,2026-08-12,9,0,4.0,True,11
random_28,2026-08-13,9,19,1.0,False,12
random_28,2026-08-14,9,8,-0.0,False,13
random_28,2026-08-15,9,3,1.0,True,14
random_28,2026-08-16,9,12,-0.0,False,15
random_28,2026-08-17,9,4,0.0,True,16
random_28,2026-08-18,9,1,-1.0,True,17
random_28,2026-08-19,9,17,-0.0,False,18
random_28,2026-08-20,9,19,-3.0,True,19
random_28,2026-08-21,9,16,1.0,False,20
random_28,2026-08-22,9,2,1.0,True,21
random_28,2026-08-23,9,0,-1.0,False,22
random_28,2026-08-24,9,14,-1.0,True,23
random_28,2026-08-25,9,17,-6.0,True,24
random_28,2026-08-26,9,1,1.0,False,25
random_28,2026-08-27,9,12,-1.0,True,26
random_28,2026-08-28,9,4,-2.0,False,27
random_28,2026-08-29,9,7,2.0,False,28
random_28,2026-08-30,9,13,-2.0,True,29
random_28,2026-08-31,9,5,-0.0,False,30
random_28,2026-09-01,9,18,-2.0,True,31
random_28,2026-09-02,9,3,-0.0,False,32
random_28,2026-09-03,9,8,2.0,True,33
random_28,2026-09-04,9,11,0.0,True,34
random_28,2026-09-05,9,10,2.0,False,35
random_28,2026-09-06,9,6,-1.0,True,36
random_28,2026-09-07,9,15,-3.0,False,37
random_28,2026-08-01,10,15,-1.0,True,0
random_28,2026-08-02,10,6,-0.0,False,1
random_28,2026-08-03,10,2,-1.0,True,2
random_28,2026-08-04,10,5,-2.0,False,3
random_28,2026-08-05,10,16,-2.0,False,4
random_28,2026-08-06,10,8,-1.0,True,5
random_28,2026-08-07,10,9,-1.0,False,6
random_28,2026-08-08,10,3,1.0,True,7
random_28,2026-08-09,10,11,0.0,True,8
random_28,2026-08-10,10,1,3.0,False,9
random_28,2026-08-11,10,4,1.0,True,10
random_28,2026-08-12,10,7,3.0,False,11
random_28,2026-08-13,10,17,-1.0,True,12
random_28,2026-08-14,10,0,-1.0,False,13
random_28,2026-08-15,10,19,-5.0,True,14
random_28,2026-08-16,10,14,4.0,False,15
random_28,2026-08-17,10,13,0.0,True,16
random_28,2026-08-18,10,12,0.0,True,17
random_28,2026-08-19,10,18,-0.0,False,18
random_28,2026-08-20,10,17,-0.0,False,19
random_28,2026-08-21,10,1,-1.0,True,20
random_28,2026-08-22,10,11,-0.0,False,21
random_28,2026-08-23,10,7,2.0,True,22
random_28,2026-08-24,10,4,-2.0,False,23
random_28,2026-08-25,10,18,1.0,True,24
random_28,2026-08-26,10,13,-2.0,False,25
random_28,2026-08-27,10,14,-1.0,True,26
random_28,2026-08-28,10,12,-1.0,False,27
random_28,2026-08-29,10,2,2.0,False,28
random_28,2026-08-30,10,5,0.0,True,29
random_28,2026-08-31,10,15,-2.0,False,30
random_28,2026-09-01,10,6,2.0,True,31
random_28,2026-09-02,10,19,3.0,False,32
random_28,2026-09-03,10,0,-1.0,True,33
random_28,2026-09-04,10,8,2.0,False,34
random_28,2026-09-05,10,9,-2.0,True,35
random_28,2026-09-06,10,3,2.0,False,36
random_28,2026-09-07,10,16,-1.0,True,37
random_28,2026-08-01,11,18,-1.0,True,0
random_28,2026-08-02,11,15,2.0,False,1
random_28,2026-08-03,11,13,0.0,True,2
random_28,2026-08-04,11,7,1.0,False,3
random_28,2026-08-05,11,8,1.0,False,4
random_28,2026-08-06,11,9,2.0,True,5
random_28,2026-08-07,11,14,-0.0,False,6
random_28,2026-08-08,11,17,2.0,True,7
random_28,2026-08-09,11,10,-0.0,False,8
random_28,2026-08-10,11,0,-1.0,True,9
random_28,2026-08-11,11,19,2.0,False,10
random_28,2026-08-12,11,2,3.0,True,11
random_28,2026-08-13,11,6,-1.0,False,12
random_28,2026-08-14,11,12,-0.0,False,13
random_28,2026-08-15,11,16,0.0,True,14
random_28,2026-08-16,11,4,-5.0,False,15
random_28,2026-08-17,11,3,-1.0,True,16
random_28,2026-08-18,11,5,3.0,True,17
random_28,2026-08-19,11,1,-3.0,False,18
random_28,2026-08-20,11,6,0.0,True,19
random_28,2026-08-21,11,0,-3.0,False,20
random_28,2026-08-22,11,10,0.0,True,21
random_28,2026-08-23,11,2,-0.0,False,22
random_28,2026-08-24,11,19,1.0,True,23
random_28,2026-08-25,11,1,0.0,True,24
random_28,2026-08-26,11,5,-2.0,False,25
random_28,2026-08-27,11,4,0.0,True,26
random_28,2026-08-28,11,3,-1.0,False,27
random_28,2026-08-29,11,13,1.0,False,28
random_28,2026-08-30,11,7,0.0,True,29
random_28,2026-08-31,11,18,2.0,False,30
random_28,2026-09-01,11,15,4.0,True,31
random_28,2026-09-02,11,16,-4.0,False,32
random_28,2026-09-03,11,12,0.0,True,33
random_28,2026-09-04,11,9,-0.0,False,34
random_28,2026-09-05,11,14,2.0,True,35
random_28,2026-09-06,11,17,-1.0,False,36
random_28,2026-09-07,11,8,1.0,True,37
random_28,2026-08-01,12,17,1.0,False,0
random_28,2026-08-02,12,3,1.0,True,1
random_28,2026-08-03,12,4,2.0,False,2
random_28,2026-08-04,12,16,-1.0,True,3
random_28,2026-08-05,12,7,5.0,True,4
random_28,2026-08-06,12,1,-0.0,False,5
random_28,2026-08-07,12,15,1.0,True,6
random_28,2026-08-08,12,18,-5.0,False,7
random_28,2026-08-09,12,0,-0.0,False,8
random_28,2026-08-10,12,19,-1.0,True,9
random_28,2026-08-11,12,5,-1.0,False,10
random_28,2026-08-12,12,6,0.0,True,11
random_28,2026-08-13,12,14,1.0,False,12
random_28,2026-08-14,12,11,0.0,True,13
random_28,2026-08-15,12,13,-1.0,False,14
random_28,2026-08-16,12,9,0.0,True,15
random_28,2026-08-17,12,2,-2.0,False,16
random_28,2026-08-18,12,10,-0.0,False,17
random_28,2026-08-19,12,8,0.0,True,18
random_28,2026-08-20,12,14,1.0,True,19
random_28,2026-08-21,12,19,2.0,False,20
random_28,2026-08-22,12,5,2.0,True,21
random_28,2026-08-23,12,6,2.0,False,22
random_28,2026-08-24,12,0,2.0,True,23
random_28,2026-08-25,12,8,1.0,False,24
random_28,2026-08-26,12,2,1.0,True,25
random_28,2026-08-27,12,9,1.0,False,26
random_28,2026-08-28,12,10,1.0,True,27
random_28,2026-08-29,12,4,-1.0,True,28
random_28,2026-08-30,12,16,-1.0,False,29
random_28,2026-08-31,12,17,0.0,True,30
random_28,2026-09-01,12,3,2.0,False,31
random_28,2026-09-02,12,13,0.0,True,32
random_28,2026-09-03,12,11,-0.0,False,33
random_28,2026-09-04,12,1,1.0,True,34
random_28,2026-09-05,12,15,-2.0,False,35
random_28,2026-09-06,12,18,3.0,True,36
random_28,2026-09-07,12,7,-1.0,False,37
random_28,2026-08-01,13,16,-7.0,False,0
random_28,2026-08-02,13,17,-1.0,True,1
random_28,2026-08-03,13,11,-0.0,False,2
random_28,2026-08-04,13,9,1.0,True,3
random_28,2026-08-05,13,0,5.0,False,4
random_28,2026-08-06,13,14,0.0,True,5
random_28,2026-08-07,13,3,2.0,False,6
random_28,2026-08-08,13,4,-1.0,True,7
random_28,2026-08-09,13,1,0.0,True,8
random_28,2026-08-10,13,7,-3.0,False,9
random_28,2026-08-11,13,15,1.0,True,10
random_28,2026-08-12,13,8,2.0,False,11
random_28,2026-08-13,13,18,0.0,True,12
random_28,2026-08-14,13,5,3.0,False,13
random_28,2026-08-15,13,12,1.0,True,14
random_28,2026-08-16,13,19,-1.0,True,15
random_28,2026-08-17,13,10,-0.0,False,16
random_28,2026-08-18,13,2,1.0,False,17
random_28,2026-08-19,13,6,0.0,True,18
random_28,2026-08-20,13,18,-0.0,False,19
random_28,2026-08-21,13,7,1.0,True,20
random_28,2026-08-22,13,15,-1.0,False,21
random_28,2026-08-23,13,8,1.0,True,22
random_28,2026-08-24,13,1,2.0,False,23
random_28,2026-08-25,13,6,4.0,False,24
random_28,2026-08-26,13,10,2.0,True,25
random_28,2026-08-27,13,19,-2.0,False,26
random_28,2026-08-28,13,2,-2.0,True,27
random_28,2026-08-29,13,11,-1.0,True,28
random_28,2026-08-30,13,9,2.0,False,29
random_28,2026-08-31,13,16,-1.0,True,30
random_28,2026-09-01,13,17,-0.0,False,31
random_28,2026-09-02,13,12,-0.0,False,32
random_28,2026-09-03,13,5,-1.0,True,33
random_28,2026-09-04,13,14,-2.0,False,34
random_28,2026-09-05,13,3,-3.0,True,35
random_28,2026-09-06,13,4,-1.0,False,36
random_28,2026-09-07,13,0,-1.0,True,37
random_28,2026-08-01,14,0,0.0,True,0
random_28,2026-08-02,14,7,-0.0,False,1
random_28,2026-08-03,14,6,-3.0,True,2
random_28,2026-08-04,14,15,2.0,False,3
random_28,2026-08-05,14,18,2.0,True,4
random_28,2026-08-06,14,13,-0.0,False,5
random_28,2026-08-07,14,11,0.0,True,6
random_28,2026-08-08,14,2,2.0,False,7
random_28,2026-08-09,14,4,1.0,True,8
random_28,2026-08-10,14,17,1.0,False,9
random_28,2026-08-11,14,9,-2.0,True,10
random_28,2026-08-12,14,1,-6.0,False,11
random_28,2026-08-13,14,12,-1.0,True,12
random_28,2026-08-14,14,3,2.0,False,13
random_28,2026-08-15,14,5,-2.0,True,14
random_28,2026-08-16,14,10,-4.0,True,15
random_28,2026-08-17,14,16,-2.0,False,16
random_28,2026-08-18,14,8,-2.0,False,17
random_28,2026-08-19,14,19,0.0,True,18
random_28,2026-08-20,14,12,-1.0,False,19
random_28,2026-08-21,14,17,-2.0,True,20
random_28,2026-08-22,14,4,-0.0,False,21
random_28,2026-08-23,14,1,1.0,True,22
random_28,2026-08-24,14,9,1.0,False,23
random_28,2026-08-25,14,19,-1.0,False,24
random_28,2026-08-26,14,16,1.0,True,25
random_28,2026-08-27,14,10,1.0,False,26
random_28,2026-08-28,14,8,0.0,True,27
random_28,2026-08-29,14,6,-1.0,False,28
random_28,2026-08-30,14,15,1.0,True,29
random_28,2026-08-31,14,0,-5.0,False,30
random_28,2026-09-01,14,7,-2.0,True,31
random_28,2026-09-02,14,5,-0.0,False,32
random_28,2026-09-03,14,3,2.0,True,33
random_28,2026-09-04,14,13,2.0,True,34
random_28,2026-09-05,14,11,-2.0,False,35
random_28,2026-09-06,14,2,-1.0,True,36
random_28,2026-09-07,14,18,1.0,False,37
random_28,2026-08-01,15,10,1.0,False,0
random_28,2026-08-02,15,11,-2.0,True,1
random_28,2026-08-03,15,8,1.0,False,2
random_28,2026-08-04,15,14,-2.0,True,3
random_28,2026-08-05,15,9,-0.0,False,4
random_28,2026-08-06,15,19,-2.0,True,5
random_28,2026-08-07,15,12,-1.0,False,6
random_28,2026-08-08,15,0,0.0,True,7
random_28,2026-08-09,15,5,-2.0,False,8
random_28,2026-08-10,15,2,-2.0,True,9
random_28,2026-08-11,15,13,-1.0,False,10
random_28,2026-08-12,15,3,6.0,True,11
random_28,2026-08-13,15,16,-0.0,False,12
random_28,2026-08-14,15,6,-1.0,True,13
random_28,2026-08-15,15,7,1.0,False,14
random_28,2026-08-16,15,1,-0.0,False,15
random_28,2026-08-17,15,17,1.0,True,16
random_28,2026-08-18,15,18,1.0,True,17
random_28,2026-08-19,15,4,5.0,False,18
random_28,2026-08-20,15,16,0.0,True,19
random_28,2026-08-21,15,2,-4.0,False,20
random_28,2026-08-22,15,13,1.0,True,21
random_28,2026-08-23,15,3,3.0,False,22
random_28,2026-08-24,15,5,0.0,True,23
random_28,2026-08-25,15,4,0.0,True,24
random_28,2026-08-26,15,17,5.0,False,25
random_28,2026-08-27,15,1,0.0,True,26
random_28,2026-08-28,15,18,-1.0,False,27
random_28,2026-08-29,15,8,2.0,True,28
random_28,2026-08-30,15,14,-1.0,False,29
random_28,2026-08-31,15,10,2.0,True,30
random_28,2026-09-01,15,11,-4.0,False,31
random_28,2026-09-02,15,7,2.0,True,32
random_28,2026-09-03,15,6,-0.0,False,33
random_28,2026-09-04,15,0,-1.0,False,34
random_28,2026-09-05,15,12,2.0,True,35
random_28,2026-09-06,15,19,-4.0,False,36
random_28,2026-09-07,15,9,3.0,True,37
random_28,2026-08-01,16,13,7.0,True,0
random_28,2026-08-02,16,19,5.0,False,1
random_28,2026-08-03,16,0,2.0,True,2
random_28,2026-08-04,16,12,1.0,False,3
random_28,2026-08-05,16,10,2.0,True,4
random_28,2026-08-06,16,6,2.0,False,5
random_28,2026-08-07,16,2,0.0,True,6
random_28,2026-08-08,16,7,-1.0,False,7
random_28,2026-08-09,16,8,-1.0,True,8
random_28,2026-08-10,16,9,1.0,False,9
random_28,2026-08-11,16,1,1.0,True,10
random_28,2026-08-12,16,4,-0.0,False,11
random_28,2026-08-13,16,15,0.0,True,12
random_28,2026-08-14,16,18,-2.0,True,13
random_28,2026-08-15,16,11,-0.0,False,14
random_28,2026-08-16,16,3,-3.0,False,15
random_28,2026-08-17,16,14,2.0,True,16
random_28,2026-08-18,16,17,6.0,True,17
random_28,2026-08-19,16,5,-3.0,False,18
random_28,2026-08-20,16,15,-0.0,False,19
random_28,2026-08-21,16,9,-1.0,True,20
random_28,2026-08-22,16,1,2.0,False,21
random_28,2026-08-23,16,4,-1.0,True,22
random_28,2026-08-24,16,8,-2.0,False,23
random_28,2026-08-25,16,5,1.0,True,24
random_28,2026-08-26,16,14,-1.0,False,25
random_28,2026-08-27,16,3,1.0,True,26
random_28,2026-08-28,16,17,-1.0,False,27
random_28,2026-08-29,16,0,1.0,False,28
random_28,2026-08-30,16,12,1.0,True,29
random_28,2026-08-31,16,13,1.0,False,30
random_28,2026-09-01,16,19,1.0,True,31
random_28,2026-09-02,16,11,4.0,True,32
random_28,2026-09-03,16,18,-0.0,False,33
random_28,2026-09-04,16,6,-3.0,True,34
random_28,2026-09-05,16,2,-1.0,False,35
random_28,2026-09-06,16,7,0.0,True,36
random_28,2026-09-07,16,10,1.0,False,37
random_28,2026-08-01,17,12,-1.0,True,0
random_28,2026-08-02,17,13,1.0,False,1
random_28,2026-08-03,17,19,1.0,True,2
random_28,2026-08-04,17,2,2.0,False,3
random_28,2026-08-05,17,6,-3.0,True,4
random_28,2026-08-06,17,7,-1.0,False,5
random_28,2026-08-07,17,1,-3.0,True,6
random_28,2026-08-08,17,11,-2.0,False,7
random_28,2026-08-09,17,3,2.0,False,8
random_28,2026-08-10,17,14,-1.0,True,9
random_28,2026-08-11,17,0,2.0,False,10
random_28,2026-08-12,17,5,-1.0,True,11
random_28,2026-08-13,17,10,1.0,False,12
random_28,2026-08-14,17,4,0.0,True,13
random_28,2026-08-15,17,18,-0.0,False,14
random_28,2026-08-16,17,8,0.0,True,15
random_28,2026-08-17,17,15,-1.0,False,16
random_28,2026-08-18,17,16,-6.0,False,17
random_28,2026-08-19,17,9,0.0,True,18
random_28,2026-08-20,17,10,0.0,True,19
random_28,2026-08-21,17,14,2.0,False,20
random_28,2026-08-22,17,0,-3.0,True,21
random_28,2026-08-23,17,5,-1.0,False,22
random_28,2026-08-24,17,3,2.0,True,23
random_28,2026-08-25,17,9,6.0,False,24
random_28,2026-08-26,17,15,-5.0,True,25
random_28,2026-08-27,17,8,-0.0,False,26
random_28,2026-08-28,17,16,1.0,True,27
random_28,2026-08-29,17,19,2.0,False,28
random_28,2026-08-30,17,2,3.0,True,29
random_28,2026-08-31,17,12,-0.0,False,30
random_28,2026-09-01,17,13,0.0,True,31
random_28,2026-09-02,17,18,1.0,True,32
random_28,2026-09-03,17,4,-3.0,False,33
random_28,2026-09-04,17,7,1.0,True,34
random_28,2026-09-05,17,1,-0.0,False,35
random_28,2026-09-06,17,11,1.0,True,36
random_28,2026-09-07,17,6,-2.0,False,37
random_28,2026-08-01,18,11,1.0,False,0
random_28,2026-08-02,18,9,0.0,True,1
random_28,2026-08-03,18,3,-0.0,False,2
random_28,2026-08-04,18,1,0.0,True,3
random_28,2026-08-05,18,14,-2.0,False,4
random_28,2026-08-06,18,4,-2.0,True,5
random_28,2026-08-07,18,0,2.0,False,6
random_28,2026-08-08,18,12,5.0,True,7
random_28,2026-08-09,18,6,-1.0,False,8
random_28,2026-08-10,18,5,-3.0,True,9
random_28,2026-08-11,18,2,-2.0,False,10
random_28,2026-08-12,18,19,2.0,True,11
random_28,2026-08-13,18,13,-0.0,False,12
random_28,2026-08-14,18,16,2.0,False,13
random_28,2026-08-15,18,17,0.0,True,14
random_28,2026-08-16,18,7,1.0,True,15
random_28,2026-08-17,18,8,-2.0,False,16
random_28,2026-08-18,18,15,-1.0,False,17
random_28,2026-08-19,18,10,0.0,True,18
random_28,2026-08-20,18,13,0.0,True,19
random_28,2026-08-21,18,5,1.0,False,20
random_28,2026-08-22,18,6,-2.0,True,21
random_28,2026-08-23,18,19,-1.0,False,22
random_28,2026-08-24,18,2,-1.0,True,23
random_28,2026-08-25,18,10,-1.0,False,24
random_28,2026-08-26,18,8,0.0,True,25
random_28,2026-08-27,18,7,-0.0,False,26
random_28,2026-08-28,18,15,1.0,True,27
random_28,2026-08-29,18,3,-2.0,True,28
random_28,2026-08-30,18,1,-4.0,False,29
random_28,2026-08-31,18,11,-2.0,True,30
random_28,2026-09-01,18,9,2.0,False,31
random_28,2026-09-02,18,17,-1.0,False,32
random_28,2026-09-03,18,16,0.0,True,33
random_28,2026-09-04,18,4,-3.0,False,34
random_28,2026-09-05,18,0,-1.0,True,35
random_28,2026-09-06,18,12,-3.0,False,36
random_28,2026-09-07,18,14,-1.0,True,37
random_28,2026-08-01,19,3,-0.0,False,0
random_28,2026-08-02,19,16,-5.0,True,1
random_28,2026-08-03,19,17,-1.0,False,2
random_28,2026-08-04,19,8,1.0,True,3
random_28,2026-08-05,19,2,1.0,True,4
random_28,2026-08-06,19,15,2.0,False,5
random_28,2026-08-07,19,6,1.0,True,6
random_28,2026-08-08,19,5,2.0,False,7
random_28,2026-08-09,19,7,0.0,True,8
random_28,2026-08-10,19,12,1.0,False,9
random_28,2026-08-11,19,11,-2.0,True,10
random_28,2026-08-12,19,18,-2.0,False,11
random_28,2026-08-13,19,9,-1.0,True,12
random_28,2026-08-14,19,1,-4.0,True,13
random_28,2026-08-15,19,10,5.0,False,14
random_28,2026-08-16,19,13,1.0,False,15
random_28,2026-08-17,19,0,-2.0,True,16
random_28,2026-08-18,19,4,-4.0,True,17
random_28,2026-08-19,19,14,-0.0,False,18
random_28,2026-08-20,19,9,3.0,False,19
random_28,2026-08-21,19,12,-2.0,True,20
random_28,2026-08-22,19,7,-2.0,False,21
random_28,2026-08-23,19,18,1.0,True,22
random_28,2026-08-24,19,11,-1.0,False,23
random_28,2026-08-25,19,14,1.0,True,24
random_28,2026-08-26,19,4,2.0,False,25
random_28,2026-08-27,19,13,2.0,True,26
random_28,2026-08-28,19,0,3.0,False,27
random_28,2026-08-29,19,17,-2.0,True,28
random_28,2026-08-30,19,8,-0.0,False,29
random_28,2026-08-31,19,3,1.0,True,30
random_28,2026-09-01,19,16,-1.0,False,31
random_28,2026-09-02,19,10,-3.0,True,32
random_28,2026-09-03,19,1,-3.0,False,33
random_28,2026-09-04,19,5,0.0,True,34
random_28,2026-09-05,19,6,-0.0,False,35
random_28,2026-09-06,19,15,4.0,True,36
random_28,2026-09-07,19,2,-2.0,False,37
random_29,2026-08-01,0,14,-1.0,False,0
random_29,2026-08-02,0,8,2.0,True,1
random_29,2026-08-03,0,16,-0.0,False,2
random_29,2026-08-04,0,3,1.0,True,3
random_29,2026-08-05,0,13,-1.0,True,4
random_29,2026-08-06,0,5,-1.0,False,5
random_29,2026-08-07,0,18,-2.0,True,6
random_29,2026-08-08,0,15,-2.0,False,7
random_29,2026-08-09,0,12,-1.0,True,8
random_29,2026-08-10,0,11,-1.0,False,9
random_29,2026-08-11,0,17,0.0,True,10
random_29,2026-08-12,0,9,1.0,False,11
random_29,2026-08-13,0,4,2.0,True,12
random_29,2026-08-14,0,10,-1.0,True,13
random_29,2026-08-15,0,1,-0.0,False,14
random_29,2026-08-16,0,6,-2.0,True,15
random_29,2026-08-17,0,19,2.0,False,16
random_29,2026-08-18,0,7,1.0,False,17
random_29,2026-08-19,0,2,1.0,True,18
random_29,2026-08-20,0,4,2.0,False,19
random_29,2026-08-21,0,11,-2.0,True,20
random_29,2026-08-22,0,17,1.0,False,21
random_29,2026-08-23,0,9,-4.0,True,22
random_29,2026-08-24,0,12,-0.0,False,23
random_29,2026-08-25,0,2,-1.0,False,24
random_29,2026-08-26,0,7,-3.0,True,25
random_29,2026-08-27,0,6,-2.0,False,26
random_29,2026-08-28,0,19,2.0,True,27
random_29,2026-08-29,0,16,-1.0,True,28
random_29,2026-08-30,0,3,2.0,False,29
random_29,2026-08-31,0,14,1.0,True,30
random_29,2026-09-01,0,8,-0.0,False,31
random_29,2026-09-02,0,1,-1.0,True,32
random_29,2026-09-03,0,10,5.0,False,33
random_29,2026-09-04,0,15,-1.0,True,34
random_29,2026-09-05,0,18,-0.0,False,35
random_29,2026-09-06,0,5,0.0,True,36
random_29,2026-09-07,0,13,-3.0,False,37
random_29,2026-08-01,1,6,3.0,True,0
random_29,2026-08-02,1,2,-1.0,False,1
random_29,2026-08-03,1,5,-1.0,True,2
random_29,2026-08-04,1,18,-5.0,False,3
random_29,2026-08-05,1,4,1.0,False,4
random_29,2026-08-06,1,12,1.0,True,5
random_29,2026-08-07,1,17,-0.0,False,6
random_29,2026-08-08,1,8,-5.0,True,7
random_29,2026-08-09,1,13,-3.0,False,8
random_29,2026-08-10,1,10,2.0,True,9
random_29,2026-08-11,1,16,-1.0,False,10
random_29,2026-08-12,1,14,-1.0,True,11
random_29,2026-08-13,1,3,1.0,False,12
random_29,2026-08-14,1,19,-0.0,False,13
random_29,2026-08-15,1,0,0.0,True,14
random_29,2026-08-16,1,15,-1.0,True,15
random_29,2026-08-17,1,7,-0.0,False,16
random_29,2026-08-18,1,9,-0.0,False,17
random_29,2026-08-19,1,11,2.0,True,18
random_29,2026-08-20,1,3,-1.0,True,19
random_29,2026-08-21,1,10,-1.0,False,20
random_29,2026-08-22,1,16,-1.0,True,21
random_29,2026-08-23,1,14,1.0,False,22
random_29,2026-08-24,1,13,-1.0,True,23
random_29,2026-08-25,1,11,-2.0,False,24
random_29,2026-08-26,1,9,-4.0,True,25
random_29,2026-08-27,1,15,-3.0,False,26
random_29,2026-08-28,1,7,-3.0,True,27
random_29,2026-08-29,1,5,-1.0,False,28
random_29,2026-08-30,1,18,-1.0,True,29
random_29,2026-08-31,1,6,-1.0,False,30
random_29,2026-09-01,1,2,-1.0,True,31
random_29,2026-09-02,1,0,1.0,False,32
random_29,2026-09-03,1,19,1.0,True,33
random_29,2026-09-04,1,12,-3.0,False,34
random_29,2026-09-05,1,17,-1.0,True,35
random_29,2026-09-06,1,8,-0.0,False,36
random_29,2026-09-07,1,4,-1.0,True,37
random_29,2026-08-01,2,4,-3.0,False,0
random_29,2026-08-02,2,1,1.0,True,1
random_29,2026-08-03,2,10,-4.0,False,2
random_29,2026-08-04,2,17,0.0,True,3
random_29,2026-08-05,2,19,-2.0,False,4
random_29,2026-08-06,2,3,0.0,True,5
random_29,2026-08-07,2,16,-1.0,False,6
random_29,2026-08-08,2,14,-1.0,True,7
random_29,2026-08-09,2,9,1.0,True,8
random_29,2026-08-10,2,15,-0.0,False,9
random_29,2026-08-11,2,18,0.0,True,10
random_29,2026-08-12,2,11,-0.0,False,11
random_29,2026-08-13,2,8,-5.0,True,12
random_29,2026-08-14,2,7,0.0,True,13
random_29,2026-08-15,2,6,3.0,False,14
random_29,2026-08-16,2,5,-0.0,False,15
random_29,2026-08-17,2,12,1.0,True,16
random_29,2026-08-18,2,13,0.0,True,17
random_29,2026-08-19,2,0,-1.0,False,18
random_29,2026-08-20,2,8,2.0,False,19
random_29,2026-08-21,2,15,-1.0,True,20
random_29,2026-08-22,2,9,-5.0,False,21
random_29,2026-08-23,2,11,-3.0,True,22
random_29,2026-08-24,2,18,-0.0,False,23
random_29,2026-08-25,2,0,1.0,True,24
random_29,2026-08-26,2,12,-4.0,False,25
random_29,2026-08-27,2,5,1.0,True,26
random_29,2026-08-28,2,13,-0.0,False,27
random_29,2026-08-29,2,10,2.0,True,28
random_29,2026-08-30,2,17,-0.0,False,29
random_29,2026-08-31,2,4,1.0,True,30
random_29,2026-09-01,2,1,1.0,False,31
random_29,2026-09-02,2,6,3.0,True,32
random_29,2026-09-03,2,7,-0.0,False,33
random_29,2026-09-04,2,3,3.0,False,34
random_29,2026-09-05,2,16,2.0,True,35
random_29,2026-09-06,2,14,-1.0,False,36
random_29,2026-09-07,2,19,-1.0,True,37
random_29,2026-08-01,3,19,0.0,True,0
random_29,2026-08-02,3,12,-0.0,False,1
random_29,2026-08-03,3,18,0.0,True,2
random_29,2026-08-04,3,0,-1.0,False,3
random_29,2026-08-05,3,5,0.0,True,4
random_29,2026-08-06,3,2,-0.0,False,5
random_29,2026-08-07,3,13,-4.0,True,6
random_29,2026-08-08,3,10,2.0,False,7
random_29,2026-08-09,3,17,1.0,True,8
random_29,2026-08-10,3,4,-1.0,False,9
random_29,2026-08-11,3,8,2.0,True,10
random_29,2026-08-12,3,15,1.0,False,11
random_29,2026-08-13,3,1,-1.0,True,12
random_29,2026-08-14,3,14,-2.0,True,13
random_29,2026-08-15,3,9,-1.0,False,14
random_29,2026-08-16,3,16,2.0,True,15
random_29,2026-08-17,3,11,-3.0,False,16
random_29,2026-08-18,3,6,-0.0,False,17
random_29,2026-08-19,3,7,2.0,True,18
random_29,2026-08-20,3,1,1.0,False,19
random_29,2026-08-21,3,4,-2.0,True,20
random_29,2026-08-22,3,8,1.0,False,21
random_29,2026-08-23,3,15,3.0,True,22
random_29,2026-08-24,3,17,-0.0,False,23
random_29,2026-08-25,3,7,1.0,False,24
random_29,2026-08-26,3,6,-1.0,True,25
random_29,2026-08-27,3,16,-2.0,False,26
random_29,2026-08-28,3,11,-1.0,True,27
random_29,2026-08-29,3,18,-0.0,False,28
random_29,2026-08-30,3,0,-2.0,True,29
random_29,2026-08-31,3,19,1.0,False,30
random_29,2026-09-01,3,12,-1.0,True,31
random_29,2026-09-02,3,9,0.0,True,32
random_29,2026-09-03,3,14,1.0,False,33
random_29,2026-09-04,3,2,-3.0,True,34
random_29,2026-09-05,3,13,-4.0,False,35
random_29,2026-09-06,3,10,0.0,True,36
random_29,2026-09-07,3,5,-1.0,False,37
random_29,2026-08-01,4,2,3.0,True,0
random_29,2026-08-02,4,5,2.0,False,1
random_29,2026-08-03,4,12,2.0,True,2
random_29,2026-08-04,4,6,1.0,False,3
random_29,2026-08-05,4,1,-1.0,True,4
random_29,2026-08-06,4,18,-0.0,False,5
random_29,2026-08-07,4,7,2.0,True,6
random_29,2026-08-08,4,13,-1.0,False,7
random_29,2026-08-09,4,14,-0.0,False,8
random_29,2026-08-10,4,3,1.0,True,9
random_29,2026-08-11,4,10,1.0,False,10
random_29,2026-08-12,4,16,-1.0,True,11
random_29,2026-08-13,4,0,-2.0,False,12
random_29,2026-08-14,4,17,3.0,False,13
random_29,2026-08-15,4,8,1.0,True,14
random_29,2026-08-16,4,11,0.0,True,15
random_29,2026-08-17,4,9,-1.0,False,16
random_29,2026-08-18,4,19,1.0,False,17
random_29,2026-08-19,4,15,-5.0,True,18
random_29,2026-08-20,4,0,-2.0,True,19
random_29,2026-08-21,4,3,2.0,False,20
random_29,2026-08-22,4,14,0.0,True,21
random_29,2026-08-23,4,16,1.0,False,22
random_29,2026-08-24,4,10,-1.0,True,23
random_29,2026-08-25,4,15,1.0,False,24
random_29,2026-08-26,4,19,-3.0,True,25
random_29,2026-08-27,4,11,3.0,False,26
random_29,2026-08-28,4,9,-1.0,True,27
random_29,2026-08-29,4,12,-3.0,False,28
random_29,2026-08-30,4,6,0.0,True,29
random_29,2026-08-31,4,2,-1.0,False,30
random_29,2026-09-01,4,5,1.0,True,31
random_29,2026-09-02,4,8,1.0,False,32
random_29,2026-09-03,4,17,1.0,True,33
random_29,2026-09-04,4,18,-1.0,True,34
random_29,2026-09-05,4,7,-5.0,False,35
random_29,2026-09-06,4,13,0.0,True,36
random_29,2026-09-07,4,1,1.0,False,37
random_29,2026-08-01,5,9,2.0,False,0
random_29,2026-08-02,5,4,-2.0,True,1
random_29,2026-08-03,5,1,1.0,False,2
random_29,2026-08-04,5,10,2.0,True,3
random_29,2026-08-05,5,3,-0.0,False,4
random_29,2026-08-06,5,0,1.0,True,5
random_29,2026-08-07,5,8,2.0,False,6
random_29,2026-08-08,5,19,-1.0,True,7
random_29,2026-08-09,5,15,2.0,True,8
random_29,2026-08-10,5,18,-0.0,False,9
random_29,2026-08-11,5,12,1.0,True,10
random_29,2026-08-12,5,17,-1.0,False,11
random_29,2026-08-13,5,7,-3.0,True,12
random_29,2026-08-14,5,13,1.0,True,13
random_29,2026-08-15,5,14,-1.0,False,14
random_29,2026-08-16,5,2,0.0,True,15
random_29,2026-08-17,5,6,-0.0,False,16
random_29,2026-08-18,5,11,-1.0,False,17
random_29,2026-08-19,5,16,-2.0,True,18
random_29,2026-08-20,5,7,1.0,False,19
random_29,2026-08-21,5,18,-1.0,True,20
random_29,2026-08-22,5,12,1.0,False,21
random_29,2026-08-23,5,17,4.0,True,22
random_29,2026-08-24,5,15,-2.0,False,23
random_29,2026-08-25,5,16,1.0,False,24
random_29,2026-08-26,5,11,0.0,True,25
random_29,2026-08-27,5,2,-1.0,False,26
random_29,2026-08-28,5,6,1.0,True,27
random_29,2026-08-29,5,1,1.0,True,28
random_29,2026-08-30,5,10,-2.0,False,29
random_29,2026-08-31,5,9,-1.0,True,30
random_29,2026-09-01,5,4,-1.0,False,31
random_29,2026-09-02,5,14,3.0,True,32
random_29,2026-09-03,5,13,1.0,False,33
random_29,2026-09-04,5,19,-5.0,False,34
random_29,2026-09-05,5,8,1.0,True,35
random_29,2026-09-06,5,0,-0.0,False,36
random_29,2026-09-07,5,3,1.0,True,37
random_29,2026-08-01,6,1,-3.0,False,0
random_29,2026-08-02,6,10,0.0,True,1
random_29,2026-08-03,6,14,-0.0,False,2
random_29,2026-08-04,6,4,-1.0,True,3
random_29,2026-08-05,6,17,-1.0,False,4
random_29,2026-08-06,6,16,-1.0,True,5
random_29,2026-08-07,6,19,1.0,False,6
random_29,2026-08-08,6,9,-3.0,True,7
random_29,2026-08-09,6,18,0.0,True,8
random_29,2026-08-10,6,8,4.0,False,9
random_29,2026-08-11,6,7,1.0,True,10
random_29,2026-08-12,6,12,3.0,False,11
random_29,2026-08-13,6,11,0.0,True,12
random_29,2026-08-14,6,15,1.0,False,13
random_29,2026-08-15,6,2,-3.0,True,14
random_29,2026-08-16,6,0,2.0,False,15
random_29,2026-08-17,6,5,0.0,True,16
random_29,2026-08-18,6,3,0.0,True,17
random_29,2026-08-19,6,13,-2.0,False,18
random_29,2026-08-20,6,11,2.0,False,19
random_29,2026-08-21,6,8,-1.0,True,20
random_29,2026-08-22,6,18,-1.0,False,21
random_29,2026-08-23,6,12,-3.0,True,22
random_29,2026-08-24,6,7,4.0,False,23
random_29,2026-08-25,6,13,-1.0,True,24
random_29,2026-08-26,6,3,1.0,False,25
random_29,2026-08-27,6,0,2.0,True,26
random_29,2026-08-28,6,5,-1.0,False,27
random_29,2026-08-29,6,14,2.0,True,28
random_29,2026-08-30,6,4,-0.0,False,29
random_29,2026-08-31,6,1,1.0,True,30
random_29,2026-09-01,6,10,1.0,False,31
random_29,2026-09-02,6,2,-3.0,False,32
random_29,2026-09-03,6,15,-4.0,True,33
random_29,2026-09-04,6,16,3.0,False,34
random_29,2026-09-05,6,19,-1.0,True,35
random_29,2026-09-06,6,9,-3.0,False,36
random_29,2026-09-07,6,17,0.0,True,37
random_29,2026-08-01,7,8,-1.0,False,0
random_29,2026-08-02,7,14,-4.0,True,1
random_29,2026-08-03,7,9,3.0,False,2
random_29,2026-08-04,7,11,-1.0,True,3
random_29,2026-08-05,7,12,-1.0,False,4
random_29,2026-08-06,7,17,-1.0,True,5
random_29,2026-08-07,7,4,-2.0,False,6
random_29,2026-08-08,7,16,0.0,True,7
random_29,2026-08-09,7,19,-2.0,False,8
random_29,2026-08-10,7,13,-1.0,True,9
random_29,2026-08-11,7,6,-1.0,False,10
random_29,2026-08-12,7,10,-2.0,True,11
random_29,2026-08-13,7,5,3.0,False,12
random_29,2026-08-14,7,2,-0.0,False,13
random_29,2026-08-15,7,15,1.0,True,14
random_29,2026-08-16,7,18,4.0,False,15
random_29,2026-08-17,7,1,0.0,True,16
random_29,2026-08-18,7,0,-1.0,True,17
random_29,2026-08-19,7,3,-2.0,False,18
random_29,2026-08-20,7,5,-1.0,True,19
random_29,2026-08-21,7,13,-1.0,False,20
random_29,2026-08-22,7,19,-2.0,True,21
random_29,2026-08-23,7,10,-3.0,False,22
random_29,2026-08-24,7,6,-4.0,True,23
random_29,2026-08-25,7,3,-1.0,True,24
random_29,2026-08-26,7,0,3.0,False,25
random_29,2026-08-27,7,18,-2.0,True,26
random_29,2026-08-28,7,1,3.0,False,27
random_29,2026-08-29,7,9,1.0,True,28
random_29,2026-08-30,7,11,-1.0,False,29
random_29,2026-08-31,7,8,-1.0,True,30
random_29,2026-09-01,7,14,-0.0,False,31
random_29,2026-09-02,7,15,4.0,False,32
random_29,2026-09-03,7,2,0.0,True,33
random_29,2026-09-04,7,17,1.0,False,34
random_29,2026-09-05,7,4,5.0,True,35
random_29,2026-09-06,7,16,-0.0,False,36
random_29,2026-09-07,7,12,-2.0,True,37
random_29,2026-08-01,8,7,1.0,True,0
random_29,2026-08-02,8,0,-2.0,False,1
random_29,2026-08-03,8,15,-1.0,True,2
random_29,2026-08-04,8,19,2.0,False,3
random_29,2026-08-05,8,11,0.0,True,4
random_29,2026-08-06,8,10,-3.0,False,5
random_29,2026-08-07,8,5,-2.0,True,6
random_29,2026-08-08,8,1,5.0,False,7
random_29,2026-08-09,8,16,3.0,False,8
random_29,2026-08-10,8,6,-4.0,True,9
random_29,2026-08-11,8,3,-2.0,False,10
random_29,2026-08-12,8,13,-1.0,True,11
random_29,2026-08-13,8,2,5.0,False,12
random_29,2026-08-14,8,9,-3.0,True,13
random_29,2026-08-15,8,4,-1.0,False,14
random_29,2026-08-16,8,17,1.0,False,15
random_29,2026-08-17,8,18,1.0,True,16
random_29,2026-08-18,8,14,-1.0,True,17
random_29,2026-08-19,8,12,-0.0,False,18
random_29,2026-08-20,8,2,-2.0,True,19
random_29,2026-08-21,8,6,1.0,False,20
random_29,2026-08-22,8,3,-1.0,True,21
random_29,2026-08-23,8,13,2.0,False,22
random_29,2026-08-24,8,16,-1.0,True,23
random_29,2026-08-25,8,12,0.0,True,24
random_29,2026-08-26,8,18,1.0,False,25
random_29,2026-08-27,8,17,1.0,True,26
random_29,2026-08-28,8,14,1.0,False,27
random_29,2026-08-29,8,15,-0.0,False,28
random_29,2026-08-30,8,19,0.0,True,29
random_29,2026-08-31,8,7,1.0,False,30
random_29,2026-09-01,8,0,0.0,True,31
random_29,2026-09-02,8,4,-1.0,True,32
random_29,2026-09-03,8,9,-1.0,False,33
random_29,2026-09-04,8,10,-3.0,True,34
random_29,2026-09-05,8,5,-1.0,False,35
random_29,2026-09-06,8,1,0.0,True,36
random_29,2026-09-07,8,11,-1.0,False,37
random_29,2026-08-01,9,5,-2.0,True,0
random_29,2026-08-02,9,18,1.0,False,1
random_29,2026-08-03,9,7,-3.0,True,2
random_29,2026-08-04,9,13,1.0,False,3
random_29,2026-08-05,9,15,-2.0,True,4
random_29,2026-08-06,9,11,-2.0,False,5
random_29,2026-08-07,9,10,0.0,True,6
random_29,2026-08-08,9,6,3.0,False,7
random_29,2026-08-09,9,2,-1.0,False,8
random_29,2026-08-10,9,16,2.0,True,9
random_29,2026-08-11,9,14,-3.0,False,10
random_29,2026-08-12,9,0,-1.0,True,11
random_29,2026-08-13,9,19,2.0,False,12
random_29,2026-08-14,9,8,3.0,False,13
random_29,2026-08-15,9,3,1.0,True,14
random_29,2026-08-16,9,12,-2.0,False,15
random_29,2026-08-17,9,4,1.0,True,16
random_29,2026-08-18,9,1,0.0,True,17
random_29,2026-08-19,9,17,-1.0,False,18
random_29,2026-08-20,9,19,-3.0,True,19
random_29,2026-08-21,9,16,4.0,False,20
random_29,2026-08-22,9,2,5.0,True,21
random_29,2026-08-23,9,0,4.0,False,22
random_29,2026-08-24,9,14,1.0,True,23
random_29,2026-08-25,9,17,-4.0,True,24
random_29,2026-08-26,9,1,4.0,False,25
random_29,2026-08-27,9,12,0.0,True,26
random_29,2026-08-28,9,4,1.0,False,27
random_29,2026-08-29,9,7,-1.0,False,28
random_29,2026-08-30,9,13,1.0,True,29
random_29,2026-08-31,9,5,1.0,False,30
random_29,2026-09-01,9,18,-1.0,True,31
random_29,2026-09-02,9,3,-0.0,False,32
random_29,2026-09-03,9,8,1.0,True,33
random_29,2026-09-04,9,11,0.0,True,34
random_29,2026-09-05,9,10,-0.0,False,35
random_29,2026-09-06,9,6,3.0,True,36
random_29,2026-09-07,9,15,-1.0,False,37
random_29,2026-08-01,10,15,-1.0,True,0
random_29,2026-08-02,10,6,-0.0,False,1
random_29,2026-08-03,10,2,4.0,True,2
random_29,2026-08-04,10,5,-2.0,False,3
random_29,2026-08-05,10,16,-3.0,False,4
random_29,2026-08-06,10,8,3.0,True,5
random_29,2026-08-07,10,9,-0.0,False,6
random_29,2026-08-08,10,3,-2.0,True,7
random_29,2026-08-09,10,11,2.0,True,8
random_29,2026-08-10,10,1,-2.0,False,9
random_29,2026-08-11,10,4,-1.0,True,10
random_29,2026-08-12,10,7,2.0,False,11
random_29,2026-08-13,10,17,-1.0,True,12
random_29,2026-08-14,10,0,1.0,False,13
random_29,2026-08-15,10,19,-1.0,True,14
random_29,2026-08-16,10,14,1.0,False,15
random_29,2026-08-17,10,13,-2.0,True,16
random_29,2026-08-18,10,12,-2.0,True,17
random_29,2026-08-19,10,18,-0.0,False,18
random_29,2026-08-20,10,17,-0.0,False,19
random_29,2026-08-21,10,1,1.0,True,20
random_29,2026-08-22,10,11,-6.0,False,21
random_29,2026-08-23,10,7,3.0,True,22
random_29,2026-08-24,10,4,1.0,False,23
random_29,2026-08-25,10,18,0.0,True,24
random_29,2026-08-26,10,13,3.0,False,25
random_29,2026-08-27,10,14,-1.0,True,26
random_29,2026-08-28,10,12,1.0,False,27
random_29,2026-08-29,10,2,-2.0,False,28
random_29,2026-08-30,10,5,2.0,True,29
random_29,2026-08-31,10,15,3.0,False,30
random_29,2026-09-01,10,6,-1.0,True,31
random_29,2026-09-02,10,19,-2.0,False,32
random_29,2026-09-03,10,0,-5.0,True,33
random_29,2026-09-04,10,8,3.0,False,34
random_29,2026-09-05,10,9,0.0,True,35
random_29,2026-09-06,10,3,-0.0,False,36
random_29,2026-09-07,10,16,0.0,True,37
random_29,2026-08-01,11,18,-5.0,True,0
random_29,2026-08-02,11,15,-4.0,False,1
random_29,2026-08-03,11,13,0.0,True,2
random_29,2026-08-04,11,7,1.0,False,3
random_29,2026-08-05,11,8,-0.0,False,4
random_29,2026-08-06,11,9,2.0,True,5
random_29,2026-08-07,11,14,-1.0,False,6
random_29,2026-08-08,11,17,0.0,True,7
random_29,2026-08-09,11,10,-2.0,False,8
random_29,2026-08-10,11,0,1.0,True,9
random_29,2026-08-11,11,19,-1.0,False,10
random_29,2026-08-12,11,2,0.0,True,11
random_29,2026-08-13,11,6,-0.0,False,12
random_29,2026-08-14,11,12,-2.0,False,13
random_29,2026-08-15,11,16,-1.0,True,14
random_29,2026-08-16,11,4,-0.0,False,15
random_29,2026-08-17,11,3,3.0,True,16
random_29,2026-08-18,11,5,1.0,True,17
random_29,2026-08-19,11,1,-2.0,False,18
random_29,2026-08-20,11,6,-2.0,True,19
random_29,2026-08-21,11,0,2.0,False,20
random_29,2026-08-22,11,10,6.0,True,21
random_29,2026-08-23,11,2,3.0,False,22
random_29,2026-08-24,11,19,0.0,True,23
random_29,2026-08-25,11,1,2.0,True,24
random_29,2026-08-26,11,5,-0.0,False,25
random_29,2026-08-27,11,4,-3.0,True,26
random_29,2026-08-28,11,3,1.0,False,27
random_29,2026-08-29,11,13,-6.0,False,28
random_29,2026-08-30,11,7,1.0,True,29
random_29,2026-08-31,11,18,-2.0,False,30
random_29,2026-09-01,11,15,-1.0,True,31
random_29,2026-09-02,11,16,4.0,False,32
random_29,2026-09-03,11,12,-1.0,True,33
random_29,2026-09-04,11,9,-0.0,False,34
random_29,2026-09-05,11,14,-1.0,True,35
random_29,2026-09-06,11,17,-1.0,False,36
random_29,2026-09-07,11,8,1.0,True,37
random_29,2026-08-01,12,17,-1.0,False,0
random_29,2026-08-02,12,3,0.0,True,1
random_29,2026-08-03,12,4,-2.0,False,2
random_29,2026-08-04,12,16,-2.0,True,3
random_29,2026-08-05,12,7,1.0,True,4
random_29,2026-08-06,12,1,-1.0,False,5
random_29,2026-08-07,12,15,0.0,True,6
random_29,2026-08-08,12,18,-1.0,False,7
random_29,2026-08-09,12,0,1.0,False,8
random_29,2026-08-10,12,19,0.0,True,9
random_29,2026-08-11,12,5,-1.0,False,10
random_29,2026-08-12,12,6,-3.0,True,11
random_29,2026-08-13,12,14,-0.0,False,12
random_29,2026-08-14,12,11,2.0,True,13
random_29,2026-08-15,12,13,-3.0,False,14
random_29,2026-08-16,12,9,2.0,True,15
random_29,2026-08-17,12,2,-1.0,False,16
random_29,2026-08-18,12,10,2.0,False,17
random_29,2026-08-19,12,8,0.0,True,18
random_29,2026-08-20,12,14,0.0,True,19
random_29,2026-08-21,12,19,2.0,False,20
random_29,2026-08-22,12,5,-1.0,True,21
random_29,2026-08-23,12,6,3.0,False,22
random_29,2026-08-24,12,0,0.0,True,23
random_29,2026-08-25,12,8,-0.0,False,24
random_29,2026-08-26,12,2,4.0,True,25
random_29,2026-08-27,12,9,-0.0,False,26
random_29,2026-08-28,12,10,-1.0,True,27
random_29,2026-08-29,12,4,3.0,True,28
random_29,2026-08-30,12,16,-2.0,False,29
random_29,2026-08-31,12,17,3.0,True,30
random_29,2026-09-01,12,3,1.0,False,31
random_29,2026-09-02,12,13,-1.0,True,32
random_29,2026-09-03,12,11,1.0,False,33
random_29,2026-09-04,12,1,3.0,True,34
random_29,2026-09-05,12,15,-2.0,False,35
random_29,2026-09-06,12,18,-5.0,True,36
random_29,2026-09-07,12,7,2.0,False,37
random_29,2026-08-01,13,16,1.0,False,0
random_29,2026-08-02,13,17,1.0,True,1
random_29,2026-08-03,13,11,-0.0,False,2
random_29,2026-08-04,13,9,-1.0,True,3
random_29,2026-08-05,13,0,1.0,False,4
random_29,2026-08-06,13,14,1.0,True,5
random_29,2026-08-07,13,3,4.0,False,6
random_29,2026-08-08,13,4,1.0,True,7
random_29,2026-08-09,13,1,3.0,True,8
random_29,2026-08-10,13,7,1.0,False,9
random_29,2026-08-11,13,15,2.0,True,10
random_29,2026-08-12,13,8,1.0,False,11
random_29,2026-08-13,13,18,-1.0,True,12
random_29,2026-08-14,13,5,-1.0,False,13
random_29,2026-08-15,13,12,3.0,True,14
random_29,2026-08-16,13,19,-2.0,True,15
random_29,2026-08-17,13,10,2.0,False,16
random_29,2026-08-18,13,2,-0.0,False,17
random_29,2026-08-19,13,6,2.0,True,18
random_29,2026-08-20,13,18,-0.0,False,19
random_29,2026-08-21,13,7,1.0,True,20
random_29,2026-08-22,13,15,-1.0,False,21
random_29,2026-08-23,13,8,-2.0,True,22
random_29,2026-08-24,13,1,1.0,False,23
random_29,2026-08-25,13,6,1.0,False,24
random_29,2026-08-26,13,10,-3.0,True,25
random_29,2026-08-27,13,19,-0.0,False,26
random_29,2026-08-28,13,2,0.0,True,27
random_29,2026-08-29,13,11,6.0,True,28
random_29,2026-08-30,13,9,-1.0,False,29
random_29,2026-08-31,13,16,0.0,True,30
random_29,2026-09-01,13,17,1.0,False,31
random_29,2026-09-02,13,12,1.0,False,32
random_29,2026-09-03,13,5,-1.0,True,33
random_29,2026-09-04,13,14,2.0,False,34
random_29,2026-09-05,13,3,4.0,True,35
random_29,2026-09-06,13,4,-0.0,False,36
random_29,2026-09-07,13,0,3.0,True,37
random_29,2026-08-01,14,0,1.0,True,0
random_29,2026-08-02,14,7,4.0,False,1
random_29,2026-08-03,14,6,0.0,True,2
random_29,2026-08-04,14,15,-2.0,False,3
random_29,2026-08-05,14,18,4.0,True,4
random_29,2026-08-06,14,13,-1.0,False,5
random_29,2026-08-07,14,11,1.0,True,6
random_29,2026-08-08,14,2,1.0,False,7
random_29,2026-08-09,14,4,0.0,True,8
random_29,2026-08-10,14,17,-1.0,False,9
random_29,2026-08-11,14,9,3.0,True,10
random_29,2026-08-12,14,1,1.0,False,11
random_29,2026-08-13,14,12,0.0,True,12
random_29,2026-08-14,14,3,2.0,False,13
random_29,2026-08-15,14,5,1.0,True,14
random_29,2026-08-16,14,10,-1.0,True,15
random_29,2026-08-17,14,16,-1.0,False,16
random_29,2026-08-18,14,8,1.0,False,17
random_29,2026-08-19,14,19,2.0,True,18
random_29,2026-08-20,14,12,-0.0,False,19
random_29,2026-08-21,14,17,2.0,True,20
random_29,2026-08-22,14,4,-0.0,False,21
random_29,2026-08-23,14,1,-1.0,True,22
random_29,2026-08-24,14,9,-1.0,False,23
random_29,2026-08-25,14,19,1.0,False,24
random_29,2026-08-26,14,16,1.0,True,25
random_29,2026-08-27,14,10,1.0,False,26
random_29,2026-08-28,14,8,-1.0,True,27
random_29,2026-08-29,14,6,-2.0,False,28
random_29,2026-08-30,14,15,0.0,True,29
random_29,2026-08-31,14,0,-1.0,False,30
random_29,2026-09-01,14,7,0.0,True,31
random_29,2026-09-02,14,5,-3.0,False,32
random_29,2026-09-03,14,3,-1.0,True,33
random_29,2026-09-04,14,13,-2.0,True,34
random_29,2026-09-05,14,11,1.0,False,35
random_29,2026-09-06,14,2,1.0,True,36
random_29,2026-09-07,14,18,-1.0,False,37
random_29,2026-08-01,15,10,1.0,False,0
random_29,2026-08-02,15,11,4.0,True,1
random_29,2026-08-03,15,8,1.0,False,2
random_29,2026-08-04,15,14,2.0,True,3
random_29,2026-08-05,15,9,2.0,False,4
random_29,2026-08-06,15,19,1.0,True,5
random_29,2026-08-07,15,12,-0.0,False,6
random_29,2026-08-08,15,0,2.0,True,7
random_29,2026-08-09,15,5,-2.0,False,8
random_29,2026-08-10,15,2,0.0,True,9
random_29,2026-08-11,15,13,-2.0,False,10
random_29,2026-08-12,15,3,-1.0,True,11
random_29,2026-08-13,15,16,3.0,False,12
random_29,2026-08-14,15,6,-1.0,True,13
random_29,2026-08-15,15,7,-1.0,False,14
random_29,2026-08-16,15,1,1.0,False,15
random_29,2026-08-17,15,17,3.0,True,16
random_29,2026-08-18,15,18,-1.0,True,17
random_29,2026-08-19,15,4,5.0,False,18
random_29,2026-08-20,15,16,2.0,True,19
random_29,2026-08-21,15,2,1.0,False,20
random_29,2026-08-22,15,13,1.0,True,21
random_29,2026-08-23,15,3,-3.0,False,22
random_29,2026-08-24,15,5,2.0,True,23
random_29,2026-08-25,15,4,-1.0,True,24
random_29,2026-08-26,15,17,-0.0,False,25
random_29,2026-08-27,15,1,3.0,True,26
random_29,2026-08-28,15,18,1.0,False,27
random_29,2026-08-29,15,8,0.0,True,28
random_29,2026-08-30,15,14,-0.0,False,29
random_29,2026-08-31,15,10,-3.0,True,30
random_29,2026-09-01,15,11,1.0,False,31
random_29,2026-09-02,15,7,-4.0,True,32
random_29,2026-09-03,15,6,4.0,False,33
random_29,2026-09-04,15,0,1.0,False,34
random_29,2026-09-05,15,12,2.0,True,35
random_29,2026-09-06,15,19,-1.0,False,36
random_29,2026-09-07,15,9,1.0,True,37
random_29,2026-08-01,16,13,-1.0,True,0
random_29,2026-08-02,16,19,1.0,False,1
random_29,2026-08-03,16,0,0.0,True,2
random_29,2026-08-04,16,12,2.0,False,3
random_29,2026-08-05,16,10,3.0,True,4
random_29,2026-08-06,16,6,1.0,False,5
random_29,2026-08-07,16,2,1.0,True,6
random_29,2026-08-08,16,7,-0.0,False,7
random_29,2026-08-09,16,8,-3.0,True,8
random_29,2026-08-10,16,9,-2.0,False,9
random_29,2026-08-11,16,1,1.0,True,10
random_29,2026-08-12,16,4,1.0,False,11
random_29,2026-08-13,16,15,-3.0,True,12
random_29,2026-08-14,16,18,0.0,True,13
random_29,2026-08-15,16,11,1.0,False,14
random_29,2026-08-16,16,3,-2.0,False,15
random_29,2026-08-17,16,14,1.0,True,16
random_29,2026-08-18,16,17,0.0,True,17
random_29,2026-08-19,16,5,2.0,False,18
random_29,2026-08-20,16,15,-2.0,False,19
random_29,2026-08-21,16,9,-4.0,True,20
random_29,2026-08-22,16,1,1.0,False,21
random_29,2026-08-23,16,4,-1.0,True,22
random_29,2026-08-24,16,8,1.0,False,23
random_29,2026-08-25,16,5,-1.0,True,24
random_29,2026-08-26,16,14,-1.0,False,25
random_29,2026-08-27,16,3,2.0,True,26
random_29,2026-08-28,16,17,2.0,False,27
random_29,2026-08-29,16,0,1.0,False,28
random_29,2026-08-30,16,12,2.0,True,29
random_29,2026-08-31,16,13,-0.0,False,30
random_29,2026-09-01,16,19,-1.0,True,31
random_29,2026-09-02,16,11,-4.0,True,32
random_29,2026-09-03,16,18,2.0,False,33
random_29,2026-09-04,16,6,-3.0,True,34
random_29,2026-09-05,16,2,-2.0,False,35
random_29,2026-09-06,16,7,0.0,True,36
random_29,2026-09-07,16,10,-0.0,False,37
random_29,2026-08-01,17,12,1.0,True,0
random_29,2026-08-02,17,13,-1.0,False,1
random_29,2026-08-03,17,19,-1.0,True,2
random_29,2026-08-04,17,2,-0.0,False,3
random_29,2026-08-05,17,6,1.0,True,4
random_29,2026-08-06,17,7,1.0,False,5
random_29,2026-08-07,17,1,0.0,True,6
random_29,2026-08-08,17,11,-0.0,False,7
random_29,2026-08-09,17,3,-1.0,False,8
random_29,2026-08-10,17,14,1.0,True,9
random_29,2026-08-11,17,0,-0.0,False,10
random_29,2026-08-12,17,5,1.0,True,11
random_29,2026-08-13,17,10,1.0,False,12
random_29,2026-08-14,17,4,-3.0,True,13
random_29,2026-08-15,17,18,-0.0,False,14
random_29,2026-08-16,17,8,-1.0,True,15
random_29,2026-08-17,17,15,-3.0,False,16
random_29,2026-08-18,17,16,-0.0,False,17
random_29,2026-08-19,17,9,1.0,True,18
random_29,2026-08-20,17,10,0.0,True,19
random_29,2026-08-21,17,14,-2.0,False,20
random_29,2026-08-22,17,0,-1.0,True,21
random_29,2026-08-23,17,5,-4.0,False,22
random_29,2026-08-24,17,3,0.0,True,23
random_29,2026-08-25,17,9,4.0,False,24
random_29,2026-08-26,17,15,0.0,True,25
random_29,2026-08-27,17,8,-1.0,False,26
random_29,2026-08-28,17,16,-2.0,True,27
random_29,2026-08-29,17,19,1.0,False,28
random_29,2026-08-30,17,2,0.0,True,29
random_29,2026-08-31,17,12,-3.0,False,30
random_29,2026-09-01,17,13,-1.0,True,31
random_29,2026-09-02,17,18,-1.0,True,32
random_29,2026-09-03,17,4,-1.0,False,33
random_29,2026-09-04,17,7,-1.0,True,34
random_29,2026-09-05,17,1,1.0,False,35
random_29,2026-09-06,17,11,1.0,True,36
random_29,2026-09-07,17,6,-0.0,False,37
random_29,2026-08-01,18,11,5.0,False,0
random_29,2026-08-02,18,9,-1.0,True,1
random_29,2026-08-03,18,3,-0.0,False,2
random_29,2026-08-04,18,1,5.0,True,3
random_29,2026-08-05,18,14,-4.0,False,4
random_29,2026-08-06,18,4,0.0,True,5
random_29,2026-08-07,18,0,2.0,False,6
random_29,2026-08-08,18,12,1.0,True,7
random_29,2026-08-09,18,6,-0.0,False,8
random_29,2026-08-10,18,5,0.0,True,9
random_29,2026-08-11,18,2,-0.0,False,10
random_29,2026-08-12,18,19,-2.0,True,11
random_29,2026-08-13,18,13,1.0,False,12
random_29,2026-08-14,18,16,-0.0,False,13
random_29,2026-08-15,18,17,0.0,True,14
random_29,2026-08-16,18,7,-4.0,True,15
random_29,2026-08-17,18,8,-1.0,False,16
random_29,2026-08-18,18,15,1.0,False,17
random_29,2026-08-19,18,10,0.0,True,18
random_29,2026-08-20,18,13,0.0,True,19
random_29,2026-08-21,18,5,1.0,False,20
random_29,2026-08-22,18,6,1.0,True,21
random_29,2026-08-23,18,19,2.0,False,22
random_29,2026-08-24,18,2,0.0,True,23
random_29,2026-08-25,18,10,-0.0,False,24
random_29,2026-08-26,18,8,-1.0,True,25
random_29,2026-08-27,18,7,2.0,False,26
random_29,2026-08-28,18,15,-1.0,True,27
random_29,2026-08-29,18,3,0.0,True,28
random_29,2026-08-30,18,1,1.0,False,29
random_29,2026-08-31,18,11,2.0,True,30
random_29,2026-09-01,18,9,1.0,False,31
random_29,2026-09-02,18,17,1.0,False,32
random_29,2026-09-03,18,16,-2.0,True,33
random_29,2026-09-04,18,4,1.0,False,34
random_29,2026-09-05,18,0,0.0,True,35
random_29,2026-09-06,18,12,5.0,False,36
random_29,2026-09-07,18,14,1.0,True,37
random_29,2026-08-01,19,3,-0.0,False,0
random_29,2026-08-02,19,16,-1.0,True,1
random_29,2026-08-03,19,17,1.0,False,2
random_29,2026-08-04,19,8,-2.0,True,3
random_29,2026-08-05,19,2,2.0,True,4
random_29,2026-08-06,19,15,-1.0,False,5
random_29,2026-08-07,19,6,-1.0,True,6
random_29,2026-08-08,19,5,1.0,False,7
random_29,2026-08-09,19,7,2.0,True,8
random_29,2026-08-10,19,12,-0.0,False,9
random_29,2026-08-11,19,11,1.0,True,10
random_29,2026-08-12,19,18,2.0,False,11
random_29,2026-08-13,19,9,-2.0,True,12
random_29,2026-08-14,19,1,0.0,True,13
random_29,2026-08-15,19,10,1.0,False,14
random_29,2026-08-16,19,13,2.0,False,15
random_29,2026-08-17,19,0,-2.0,True,16
random_29,2026-08-18,19,4,-1.0,True,17
random_29,2026-08-19,19,14,-2.0,False,18
random_29,2026-08-20,19,9,3.0,False,19
random_29,2026-08-21,19,12,-2.0,True,20
random_29,2026-08-22,19,7,2.0,False,21
random_29,2026-08-23,19,18,-2.0,True,22
random_29,2026-08-24,19,11,-0.0,False,23
random_29,2026-08-25,19,14,-1.0,True,24
random_29,2026-08-26,19,4,3.0,False,25
random_29,2026-08-27,19,13,0.0,True,26
random_29,2026-08-28,19,0,-2.0,False,27
random_29,2026-08-29,19,17,-1.0,True,28
random_29,2026-08-30,19,8,-0.0,False,29
random_29,2026-08-31,19,3,-1.0,True,30
random_29,2026-09-01,19,16,1.0,False,31
random_29,2026-09-02,19,10,2.0,True,32
random_29,2026-09-03,19,1,-1.0,False,33
random_29,2026-09-04,19,5,5.0,True,34
random_29,2026-09-05,19,6,1.0,False,35
random_29,2026-09-06,19,15,1.0,True,36
random_29,2026-09-07,19,2,1.0,False,37
random_3,2026-08-01,0,14,3.0,False,0
random_3,2026-08-02,0,8,-1.0,True,1
random_3,2026-08-03,0,16,-2.0,False,2
random_3,2026-08-04,0,3,3.0,True,3
random_3,2026-08-05,0,13,0.0,True,4
random_3,2026-08-06,0,5,-4.0,False,5
random_3,2026-08-07,0,18,-2.0,True,6
random_3,2026-08-08,0,15,-2.0,False,7
random_3,2026-08-09,0,12,-1.0,True,8
random_3,2026-08-10,0,11,-0.0,False,9
random_3,2026-08-11,0,17,1.0,True,10
random_3,2026-08-12,0,9,-3.0,False,11
random_3,2026-08-13,0,4,1.0,True,12
random_3,2026-08-14,0,10,2.0,True,13
random_3,2026-08-15,0,1,-4.0,False,14
random_3,2026-08-16,0,6,2.0,True,15
random_3,2026-08-17,0,19,-1.0,False,16
random_3,2026-08-18,0,7,-1.0,False,17
random_3,2026-08-19,0,2,3.0,True,18
random_3,2026-08-20,0,4,-1.0,False,19
random_3,2026-08-21,0,11,1.0,True,20
random_3,2026-08-22,0,17,-1.0,False,21
random_3,2026-08-23,0,9,-1.0,True,22
random_3,2026-08-24,0,12,3.0,False,23
random_3,2026-08-25,0,2,-1.0,False,24
random_3,2026-08-26,0,7,1.0,True,25
random_3,2026-08-27,0,6,3.0,False,26
random_3,2026-08-28,0,19,2.0,True,27
random_3,2026-08-29,0,16,-2.0,True,28
random_3,2026-08-30,0,3,-2.0,False,29
random_3,2026-08-31,0,14,-4.0,True,30
random_3,2026-09-01,0,8,-0.0,False,31
random_3,2026-09-02,0,1,3.0,True,32
random_3,2026-09-03,0,10,-0.0,False,33
random_3,2026-09-04,0,15,0.0,True,34
random_3,2026-09-05,0,18,-2.0,False,35
random_3,2026-09-06,0,5,8.0,True,36
random_3,2026-09-07,0,13,-1.0,False,37
random_3,2026-08-01,1,6,-1.0,True,0
random_3,2026-08-02,1,2,-2.0,False,1
random_3,2026-08-03,1,5,1.0,True,2
random_3,2026-08-04,1,18,-0.0,False,3
random_3,2026-08-05,1,4,1.0,False,4
random_3,2026-08-06,1,12,-2.0,True,5
random_3,2026-08-07,1,17,-5.0,False,6
random_3,2026-08-08,1,8,-1.0,True,7
random_3,2026-08-09,1,13,-3.0,False,8
random_3,2026-08-10,1,10,1.0,True,9
random_3,2026-08-11,1,16,1.0,False,10
random_3,2026-08-12,1,14,1.0,True,11
random_3,2026-08-13,1,3,1.0,False,12
random_3,2026-08-14,1,19,-2.0,False,13
random_3,2026-08-15,1,0,4.0,True,14
random_3,2026-08-16,1,15,1.0,True,15
random_3,2026-08-17,1,7,-1.0,False,16
random_3,2026-08-18,1,9,3.0,False,17
random_3,2026-08-19,1,11,1.0,True,18
random_3,2026-08-20,1,3,-1.0,True,19
random_3,2026-08-21,1,10,2.0,False,20
random_3,2026-08-22,1,16,2.0,True,21
random_3,2026-08-23,1,14,1.0,False,22
random_3,2026-08-24,1,13,0.0,True,23
random_3,2026-08-25,1,11,1.0,False,24
random_3,2026-08-26,1,9,0.0,True,25
random_3,2026-08-27,1,15,1.0,False,26
random_3,2026-08-28,1,7,-1.0,True,27
random_3,2026-08-29,1,5,2.0,False,28
random_3,2026-08-30,1,18,0.0,True,29
random_3,2026-08-31,1,6,-0.0,False,30
random_3,2026-09-01,1,2,2.0,True,31
random_3,2026-09-02,1,0,-3.0,False,32
random_3,2026-09-03,1,19,-5.0,True,33
random_3,2026-09-04,1,12,-2.0,False,34
random_3,2026-09-05,1,17,0.0,True,35
random_3,2026-09-06,1,8,-3.0,False,36
random_3,2026-09-07,1,4,3.0,True,37
random_3,2026-08-01,2,4,1.0,False,0
random_3,2026-08-02,2,1,2.0,True,1
random_3,2026-08-03,2,10,-2.0,False,2
random_3,2026-08-04,2,17,3.0,True,3
random_3,2026-08-05,2,19,-0.0,False,4
random_3,2026-08-06,2,3,0.0,True,5
random_3,2026-08-07,2,16,-3.0,False,6
random_3,2026-08-08,2,14,1.0,True,7
random_3,2026-08-09,2,9,0.0,True,8
random_3,2026-08-10,2,15,3.0,False,9
random_3,2026-08-11,2,18,-2.0,True,10
random_3,2026-08-12,2,11,-1.0,False,11
random_3,2026-08-13,2,8,1.0,True,12
random_3,2026-08-14,2,7,0.0,True,13
random_3,2026-08-15,2,6,1.0,False,14
random_3,2026-08-16,2,5,-0.0,False,15
random_3,2026-08-17,2,12,2.0,True,16
random_3,2026-08-18,2,13,-2.0,True,17
random_3,2026-08-19,2,0,-3.0,False,18
random_3,2026-08-20,2,8,1.0,False,19
random_3,2026-08-21,2,15,-2.0,True,20
random_3,2026-08-22,2,9,-0.0,False,21
random_3,2026-08-23,2,11,-1.0,True,22
random_3,2026-08-24,2,18,2.0,False,23
random_3,2026-08-25,2,0,1.0,True,24
random_3,2026-08-26,2,12,-3.0,False,25
random_3,2026-08-27,2,5,-3.0,True,26
random_3,2026-08-28,2,13,-0.0,False,27
random_3,2026-08-29,2,10,2.0,True,28
random_3,2026-08-30,2,17,2.0,False,29
random_3,2026-08-31,2,4,0.0,True,30
random_3,2026-09-01,2,1,-2.0,False,31
random_3,2026-09-02,2,6,-2.0,True,32
random_3,2026-09-03,2,7,-2.0,False,33
random_3,2026-09-04,2,3,-0.0,False,34
random_3,2026-09-05,2,16,-3.0,True,35
random_3,2026-09-06,2,14,-0.0,False,36
random_3,2026-09-07,2,19,-2.0,True,37
random_3,2026-08-01,3,19,0.0,True,0
random_3,2026-08-02,3,12,-1.0,False,1
random_3,2026-08-03,3,18,4.0,True,2
random_3,2026-08-04,3,0,-3.0,False,3
random_3,2026-08-05,3,5,4.0,True,4
random_3,2026-08-06,3,2,-0.0,False,5
random_3,2026-08-07,3,13,3.0,True,6
random_3,2026-08-08,3,10,-0.0,False,7
random_3,2026-08-09,3,17,0.0,True,8
random_3,2026-08-10,3,4,-4.0,False,9
random_3,2026-08-11,3,8,0.0,True,10
random_3,2026-08-12,3,15,-2.0,False,11
random_3,2026-08-13,3,1,-1.0,True,12
random_3,2026-08-14,3,14,1.0,True,13
random_3,2026-08-15,3,9,1.0,False,14
random_3,2026-08-16,3,16,2.0,True,15
random_3,2026-08-17,3,11,-0.0,False,16
random_3,2026-08-18,3,6,1.0,False,17
random_3,2026-08-19,3,7,-1.0,True,18
random_3,2026-08-20,3,1,1.0,False,19
random_3,2026-08-21,3,4,1.0,True,20
random_3,2026-08-22,3,8,-1.0,False,21
random_3,2026-08-23,3,15,0.0,True,22
random_3,2026-08-24,3,17,-2.0,False,23
random_3,2026-08-25,3,7,-0.0,False,24
random_3,2026-08-26,3,6,-1.0,True,25
random_3,2026-08-27,3,16,-0.0,False,26
random_3,2026-08-28,3,11,1.0,True,27
random_3,2026-08-29,3,18,-1.0,False,28
random_3,2026-08-30,3,0,2.0,True,29
random_3,2026-08-31,3,19,-4.0,False,30
random_3,2026-09-01,3,12,0.0,True,31
random_3,2026-09-02,3,9,0.0,True,32
random_3,2026-09-03,3,14,-4.0,False,33
random_3,2026-09-04,3,2,0.0,True,34
random_3,2026-09-05,3,13,2.0,False,35
random_3,2026-09-06,3,10,-4.0,True,36
random_3,2026-09-07,3,5,5.0,False,37
random_3,2026-08-01,4,2,-1.0,True,0
random_3,2026-08-02,4,5,-0.0,False,1
random_3,2026-08-03,4,12,0.0,True,2
random_3,2026-08-04,4,6,-1.0,False,3
random_3,2026-08-05,4,1,-1.0,True,4
random_3,2026-08-06,4,18,3.0,False,5
random_3,2026-08-07,4,7,-2.0,True,6
random_3,2026-08-08,4,13,1.0,False,7
random_3,2026-08-09,4,14,-0.0,False,8
random_3,2026-08-10,4,3,4.0,True,9
random_3,2026-08-11,4,10,1.0,False,10
random_3,2026-08-12,4,16,-1.0,True,11
random_3,2026-08-13,4,0,-1.0,False,12
random_3,2026-08-14,4,17,2.0,False,13
random_3,2026-08-15,4,8,2.0,True,14
random_3,2026-08-16,4,11,0.0,True,15
random_3,2026-08-17,4,9,1.0,False,16
random_3,2026-08-18,4,19,3.0,False,17
random_3,2026-08-19,4,15,0.0,True,18
random_3,2026-08-20,4,0,1.0,True,19
random_3,2026-08-21,4,3,-1.0,False,20
random_3,2026-08-22,4,14,-5.0,True,21
random_3,2026-08-23,4,16,-1.0,False,22
random_3,2026-08-24,4,10,-3.0,True,23
random_3,2026-08-25,4,15,4.0,False,24
random_3,2026-08-26,4,19,-3.0,True,25
random_3,2026-08-27,4,11,-1.0,False,26
random_3,2026-08-28,4,9,-2.0,True,27
random_3,2026-08-29,4,12,2.0,False,28
random_3,2026-08-30,4,6,-2.0,True,29
random_3,2026-08-31,4,2,-0.0,False,30
random_3,2026-09-01,4,5,-2.0,True,31
random_3,2026-09-02,4,8,-0.0,False,32
random_3,2026-09-03,4,17,3.0,True,33
random_3,2026-09-04,4,18,4.0,True,34
random_3,2026-09-05,4,7,-3.0,False,35
random_3,2026-09-06,4,13,0.0,True,36
random_3,2026-09-07,4,1,-3.0,False,37
random_3,2026-08-01,5,9,1.0,False,0
random_3,2026-08-02,5,4,0.0,True,1
random_3,2026-08-03,5,1,-1.0,False,2
random_3,2026-08-04,5,10,1.0,True,3
random_3,2026-08-05,5,3,-4.0,False,4
random_3,2026-08-06,5,0,4.0,True,5
random_3,2026-08-07,5,8,1.0,False,6
random_3,2026-08-08,5,19,4.0,True,7
random_3,2026-08-09,5,15,0.0,True,8
random_3,2026-08-10,5,18,-0.0,False,9
random_3,2026-08-11,5,12,-1.0,True,10
random_3,2026-08-12,5,17,2.0,False,11
random_3,2026-08-13,5,7,1.0,True,12
random_3,2026-08-14,5,13,2.0,True,13
random_3,2026-08-15,5,14,-2.0,False,14
random_3,2026-08-16,5,2,0.0,True,15
random_3,2026-08-17,5,6,-1.0,False,16
random_3,2026-08-18,5,11,3.0,False,17
random_3,2026-08-19,5,16,0.0,True,18
random_3,2026-08-20,5,7,-2.0,False,19
random_3,2026-08-21,5,18,1.0,True,20
random_3,2026-08-22,5,12,-1.0,False,21
random_3,2026-08-23,5,17,-1.0,True,22
random_3,2026-08-24,5,15,-3.0,False,23
random_3,2026-08-25,5,16,-3.0,False,24
random_3,2026-08-26,5,11,3.0,True,25
random_3,2026-08-27,5,2,3.0,False,26
random_3,2026-08-28,5,6,0.0,True,27
random_3,2026-08-29,5,1,-2.0,True,28
random_3,2026-08-30,5,10,-1.0,False,29
random_3,2026-08-31,5,9,-2.0,True,30
random_3,2026-09-01,5,4,2.0,False,31
random_3,2026-09-02,5,14,0.0,True,32
random_3,2026-09-03,5,13,-0.0,False,33
random_3,2026-09-04,5,19,-6.0,False,34
random_3,2026-09-05,5,8,0.0,True,35
random_3,2026-09-06,5,0,-8.0,False,36
random_3,2026-09-07,5,3,-5.0,True,37
random_3,2026-08-01,6,1,1.0,False,0
random_3,2026-08-02,6,10,1.0,True,1
random_3,2026-08-03,6,14,2.0,False,2
random_3,2026-08-04,6,4,1.0,True,3
random_3,2026-08-05,6,17,2.0,False,4
random_3,2026-08-06,6,16,0.0,True,5
random_3,2026-08-07,6,19,1.0,False,6
random_3,2026-08-08,6,9,-3.0,True,7
random_3,2026-08-09,6,18,2.0,True,8
random_3,2026-08-10,6,8,1.0,False,9
random_3,2026-08-11,6,7,0.0,True,10
random_3,2026-08-12,6,12,-0.0,False,11
random_3,2026-08-13,6,11,0.0,True,12
random_3,2026-08-14,6,15,-0.0,False,13
random_3,2026-08-15,6,2,-1.0,True,14
random_3,2026-08-16,6,0,-2.0,False,15
random_3,2026-08-17,6,5,1.0,True,16
random_3,2026-08-18,6,3,-1.0,True,17
random_3,2026-08-19,6,13,-2.0,False,18
random_3,2026-08-20,6,11,1.0,False,19
random_3,2026-08-21,6,8,-3.0,True,20
random_3,2026-08-22,6,18,1.0,False,21
random_3,2026-08-23,6,12,2.0,True,22
random_3,2026-08-24,6,7,-3.0,False,23
random_3,2026-08-25,6,13,4.0,True,24
random_3,2026-08-26,6,3,1.0,False,25
random_3,2026-08-27,6,0,-3.0,True,26
random_3,2026-08-28,6,5,-0.0,False,27
random_3,2026-08-29,6,14,1.0,True,28
random_3,2026-08-30,6,4,2.0,False,29
random_3,2026-08-31,6,1,0.0,True,30
random_3,2026-09-01,6,10,-0.0,False,31
random_3,2026-09-02,6,2,2.0,False,32
random_3,2026-09-03,6,15,0.0,True,33
random_3,2026-09-04,6,16,-2.0,False,34
random_3,2026-09-05,6,19,0.0,True,35
random_3,2026-09-06,6,9,-0.0,False,36
random_3,2026-09-07,6,17,0.0,True,37
random_3,2026-08-01,7,8,-2.0,False,0
random_3,2026-08-02,7,14,0.0,True,1
random_3,2026-08-03,7,9,-2.0,False,2
random_3,2026-08-04,7,11,-2.0,True,3
random_3,2026-08-05,7,12,3.0,False,4
random_3,2026-08-06,7,17,3.0,True,5
random_3,2026-08-07,7,4,2.0,False,6
random_3,2026-08-08,7,16,4.0,True,7
random_3,2026-08-09,7,19,-3.0,False,8
random_3,2026-08-10,7,13,0.0,True,9
random_3,2026-08-11,7,6,-0.0,False,10
random_3,2026-08-12,7,10,2.0,True,11
random_3,2026-08-13,7,5,-1.0,False,12
random_3,2026-08-14,7,2,-0.0,False,13
random_3,2026-08-15,7,15,0.0,True,14
random_3,2026-08-16,7,18,-0.0,False,15
random_3,2026-08-17,7,1,1.0,True,16
random_3,2026-08-18,7,0,1.0,True,17
random_3,2026-08-19,7,3,1.0,False,18
random_3,2026-08-20,7,5,2.0,True,19
random_3,2026-08-21,7,13,-3.0,False,20
random_3,2026-08-22,7,19,1.0,True,21
random_3,2026-08-23,7,10,2.0,False,22
random_3,2026-08-24,7,6,3.0,True,23
random_3,2026-08-25,7,3,0.0,True,24
random_3,2026-08-26,7,0,-1.0,False,25
random_3,2026-08-27,7,18,1.0,True,26
random_3,2026-08-28,7,1,1.0,False,27
random_3,2026-08-29,7,9,-3.0,True,28
random_3,2026-08-30,7,11,-1.0,False,29
random_3,2026-08-31,7,8,1.0,True,30
random_3,2026-09-01,7,14,-2.0,False,31
random_3,2026-09-02,7,15,-0.0,False,32
random_3,2026-09-03,7,2,2.0,True,33
random_3,2026-09-04,7,17,1.0,False,34
random_3,2026-09-05,7,4,3.0,True,35
random_3,2026-09-06,7,16,-1.0,False,36
random_3,2026-09-07,7,12,3.0,True,37
random_3,2026-08-01,8,7,2.0,True,0
random_3,2026-08-02,8,0,1.0,False,1
random_3,2026-08-03,8,15,1.0,True,2
random_3,2026-08-04,8,19,-1.0,False,3
random_3,2026-08-05,8,11,2.0,True,4
random_3,2026-08-06,8,10,2.0,False,5
random_3,2026-08-07,8,5,-1.0,True,6
random_3,2026-08-08,8,1,1.0,False,7
random_3,2026-08-09,8,16,1.0,False,8
random_3,2026-08-10,8,6,-1.0,True,9
random_3,2026-08-11,8,3,-0.0,False,10
random_3,2026-08-12,8,13,0.0,True,11
random_3,2026-08-13,8,2,-1.0,False,12
random_3,2026-08-14,8,9,-1.0,True,13
random_3,2026-08-15,8,4,-2.0,False,14
random_3,2026-08-16,8,17,-0.0,False,15
random_3,2026-08-17,8,18,-3.0,True,16
random_3,2026-08-18,8,14,2.0,True,17
random_3,2026-08-19,8,12,-0.0,False,18
random_3,2026-08-20,8,2,-1.0,True,19
random_3,2026-08-21,8,6,3.0,False,20
random_3,2026-08-22,8,3,1.0,True,21
random_3,2026-08-23,8,13,-0.0,False,22
random_3,2026-08-24,8,16,-2.0,True,23
random_3,2026-08-25,8,12,-1.0,True,24
random_3,2026-08-26,8,18,-0.0,False,25
random_3,2026-08-27,8,17,-3.0,True,26
random_3,2026-08-28,8,14,-1.0,False,27
random_3,2026-08-29,8,15,-0.0,False,28
random_3,2026-08-30,8,19,0.0,True,29
random_3,2026-08-31,8,7,-1.0,False,30
random_3,2026-09-01,8,0,0.0,True,31
random_3,2026-09-02,8,4,0.0,True,32
random_3,2026-09-03,8,9,-2.0,False,33
random_3,2026-09-04,8,10,-1.0,True,34
random_3,2026-09-05,8,5,-0.0,False,35
random_3,2026-09-06,8,1,3.0,True,36
random_3,2026-09-07,8,11,-2.0,False,37
random_3,2026-08-01,9,5,-1.0,True,0
random_3,2026-08-02,9,18,1.0,False,1
random_3,2026-08-03,9,7,2.0,True,2
random_3,2026-08-04,9,13,-2.0,False,3
random_3,2026-08-05,9,15,1.0,True,4
random_3,2026-08-06,9,11,-0.0,False,5
random_3,2026-08-07,9,10,1.0,True,6
random_3,2026-08-08,9,6,3.0,False,7
random_3,2026-08-09,9,2,-0.0,False,8
random_3,2026-08-10,9,16,4.0,True,9
random_3,2026-08-11,9,14,1.0,False,10
random_3,2026-08-12,9,0,3.0,True,11
random_3,2026-08-13,9,19,1.0,False,12
random_3,2026-08-14,9,8,1.0,False,13
random_3,2026-08-15,9,3,-1.0,True,14
random_3,2026-08-16,9,12,2.0,False,15
random_3,2026-08-17,9,4,-1.0,True,16
random_3,2026-08-18,9,1,-3.0,True,17
random_3,2026-08-19,9,17,-2.0,False,18
random_3,2026-08-20,9,19,2.0,True,19
random_3,2026-08-21,9,16,3.0,False,20
random_3,2026-08-22,9,2,0.0,True,21
random_3,2026-08-23,9,0,1.0,False,22
random_3,2026-08-24,9,14,2.0,True,23
random_3,2026-08-25,9,17,-2.0,True,24
random_3,2026-08-26,9,1,-0.0,False,25
random_3,2026-08-27,9,12,3.0,True,26
random_3,2026-08-28,9,4,2.0,False,27
random_3,2026-08-29,9,7,3.0,False,28
random_3,2026-08-30,9,13,-2.0,True,29
random_3,2026-08-31,9,5,2.0,False,30
random_3,2026-09-01,9,18,-1.0,True,31
random_3,2026-09-02,9,3,-0.0,False,32
random_3,2026-09-03,9,8,2.0,True,33
random_3,2026-09-04,9,11,-1.0,True,34
random_3,2026-09-05,9,10,-0.0,False,35
random_3,2026-09-06,9,6,0.0,True,36
random_3,2026-09-07,9,15,1.0,False,37
random_3,2026-08-01,10,15,1.0,True,0
random_3,2026-08-02,10,6,-1.0,False,1
random_3,2026-08-03,10,2,2.0,True,2
random_3,2026-08-04,10,5,-1.0,False,3
random_3,2026-08-05,10,16,-1.0,False,4
random_3,2026-08-06,10,8,-2.0,True,5
random_3,2026-08-07,10,9,-1.0,False,6
random_3,2026-08-08,10,3,0.0,True,7
random_3,2026-08-09,10,11,-1.0,True,8
random_3,2026-08-10,10,1,-1.0,False,9
random_3,2026-08-11,10,4,-1.0,True,10
random_3,2026-08-12,10,7,-2.0,False,11
random_3,2026-08-13,10,17,-3.0,True,12
random_3,2026-08-14,10,0,-2.0,False,13
random_3,2026-08-15,10,19,-3.0,True,14
random_3,2026-08-16,10,14,-2.0,False,15
random_3,2026-08-17,10,13,1.0,True,16
random_3,2026-08-18,10,12,1.0,True,17
random_3,2026-08-19,10,18,3.0,False,18
random_3,2026-08-20,10,17,-3.0,False,19
random_3,2026-08-21,10,1,-2.0,True,20
random_3,2026-08-22,10,11,1.0,False,21
random_3,2026-08-23,10,7,-2.0,True,22
random_3,2026-08-24,10,4,3.0,False,23
random_3,2026-08-25,10,18,0.0,True,24
random_3,2026-08-26,10,13,2.0,False,25
random_3,2026-08-27,10,14,1.0,True,26
random_3,2026-08-28,10,12,-1.0,False,27
random_3,2026-08-29,10,2,-2.0,False,28
random_3,2026-08-30,10,5,1.0,True,29
random_3,2026-08-31,10,15,-1.0,False,30
random_3,2026-09-01,10,6,0.0,True,31
random_3,2026-09-02,10,19,-1.0,False,32
random_3,2026-09-03,10,0,0.0,True,33
random_3,2026-09-04,10,8,1.0,False,34
random_3,2026-09-05,10,9,0.0,True,35
random_3,2026-09-06,10,3,4.0,False,36
random_3,2026-09-07,10,16,-1.0,True,37
random_3,2026-08-01,11,18,3.0,True,0
random_3,2026-08-02,11,15,2.0,False,1
random_3,2026-08-03,11,13,1.0,True,2
random_3,2026-08-04,11,7,2.0,False,3
random_3,2026-08-05,11,8,-2.0,False,4
random_3,2026-08-06,11,9,0.0,True,5
random_3,2026-08-07,11,14,4.0,False,6
random_3,2026-08-08,11,17,3.0,True,7
random_3,2026-08-09,11,10,1.0,False,8
random_3,2026-08-10,11,0,0.0,True,9
random_3,2026-08-11,11,19,-0.0,False,10
random_3,2026-08-12,11,2,1.0,True,11
random_3,2026-08-13,11,6,-0.0,False,12
random_3,2026-08-14,11,12,2.0,False,13
random_3,2026-08-15,11,16,-1.0,True,14
random_3,2026-08-16,11,4,-0.0,False,15
random_3,2026-08-17,11,3,0.0,True,16
random_3,2026-08-18,11,5,-3.0,True,17
random_3,2026-08-19,11,1,-1.0,False,18
random_3,2026-08-20,11,6,-1.0,True,19
random_3,2026-08-21,11,0,-1.0,False,20
random_3,2026-08-22,11,10,-1.0,True,21
random_3,2026-08-23,11,2,1.0,False,22
random_3,2026-08-24,11,19,1.0,True,23
random_3,2026-08-25,11,1,-1.0,True,24
random_3,2026-08-26,11,5,-3.0,False,25
random_3,2026-08-27,11,4,1.0,True,26
random_3,2026-08-28,11,3,-1.0,False,27
random_3,2026-08-29,11,13,3.0,False,28
random_3,2026-08-30,11,7,1.0,True,29
random_3,2026-08-31,11,18,2.0,False,30
random_3,2026-09-01,11,15,0.0,True,31
random_3,2026-09-02,11,16,-1.0,False,32
random_3,2026-09-03,11,12,-8.0,True,33
random_3,2026-09-04,11,9,1.0,False,34
random_3,2026-09-05,11,14,0.0,True,35
random_3,2026-09-06,11,17,2.0,False,36
random_3,2026-09-07,11,8,2.0,True,37
random_3,2026-08-01,12,17,1.0,False,0
random_3,2026-08-02,12,3,1.0,True,1
random_3,2026-08-03,12,4,-0.0,False,2
random_3,2026-08-04,12,16,-3.0,True,3
random_3,2026-08-05,12,7,-3.0,True,4
random_3,2026-08-06,12,1,2.0,False,5
random_3,2026-08-07,12,15,0.0,True,6
random_3,2026-08-08,12,18,1.0,False,7
random_3,2026-08-09,12,0,1.0,False,8
random_3,2026-08-10,12,19,2.0,True,9
random_3,2026-08-11,12,5,1.0,False,10
random_3,2026-08-12,12,6,0.0,True,11
random_3,2026-08-13,12,14,4.0,False,12
random_3,2026-08-14,12,11,-2.0,True,13
random_3,2026-08-15,12,13,-1.0,False,14
random_3,2026-08-16,12,9,-2.0,True,15
random_3,2026-08-17,12,2,-2.0,False,16
random_3,2026-08-18,12,10,-1.0,False,17
random_3,2026-08-19,12,8,0.0,True,18
random_3,2026-08-20,12,14,0.0,True,19
random_3,2026-08-21,12,19,-1.0,False,20
random_3,2026-08-22,12,5,1.0,True,21
random_3,2026-08-23,12,6,-2.0,False,22
random_3,2026-08-24,12,0,-3.0,True,23
random_3,2026-08-25,12,8,1.0,False,24
random_3,2026-08-26,12,2,3.0,True,25
random_3,2026-08-27,12,9,-3.0,False,26
random_3,2026-08-28,12,10,1.0,True,27
random_3,2026-08-29,12,4,-2.0,True,28
random_3,2026-08-30,12,16,-0.0,False,29
random_3,2026-08-31,12,17,3.0,True,30
random_3,2026-09-01,12,3,-0.0,False,31
random_3,2026-09-02,12,13,0.0,True,32
random_3,2026-09-03,12,11,8.0,False,33
random_3,2026-09-04,12,1,2.0,True,34
random_3,2026-09-05,12,15,-0.0,False,35
random_3,2026-09-06,12,18,0.0,True,36
random_3,2026-09-07,12,7,-3.0,False,37
random_3,2026-08-01,13,16,1.0,False,0
random_3,2026-08-02,13,17,2.0,True,1
random_3,2026-08-03,13,11,-1.0,False,2
random_3,2026-08-04,13,9,2.0,True,3
random_3,2026-08-05,13,0,-0.0,False,4
random_3,2026-08-06,13,14,2.0,True,5
random_3,2026-08-07,13,3,-3.0,False,6
random_3,2026-08-08,13,4,-1.0,True,7
random_3,2026-08-09,13,1,3.0,True,8
random_3,2026-08-10,13,7,-0.0,False,9
random_3,2026-08-11,13,15,-3.0,True,10
random_3,2026-08-12,13,8,-0.0,False,11
random_3,2026-08-13,13,18,1.0,True,12
random_3,2026-08-14,13,5,-2.0,False,13
random_3,2026-08-15,13,12,1.0,True,14
random_3,2026-08-16,13,19,0.0,True,15
random_3,2026-08-17,13,10,-1.0,False,16
random_3,2026-08-18,13,2,2.0,False,17
random_3,2026-08-19,13,6,2.0,True,18
random_3,2026-08-20,13,18,5.0,False,19
random_3,2026-08-21,13,7,3.0,True,20
random_3,2026-08-22,13,15,-1.0,False,21
random_3,2026-08-23,13,8,0.0,True,22
random_3,2026-08-24,13,1,-0.0,False,23
random_3,2026-08-25,13,6,-4.0,False,24
random_3,2026-08-26,13,10,-2.0,True,25
random_3,2026-08-27,13,19,-1.0,False,26
random_3,2026-08-28,13,2,0.0,True,27
random_3,2026-08-29,13,11,-3.0,True,28
random_3,2026-08-30,13,9,2.0,False,29
random_3,2026-08-31,13,16,1.0,True,30
random_3,2026-09-01,13,17,-2.0,False,31
random_3,2026-09-02,13,12,-0.0,False,32
random_3,2026-09-03,13,5,0.0,True,33
random_3,2026-09-04,13,14,4.0,False,34
random_3,2026-09-05,13,3,-2.0,True,35
random_3,2026-09-06,13,4,-0.0,False,36
random_3,2026-09-07,13,0,1.0,True,37
random_3,2026-08-01,14,0,-3.0,True,0
random_3,2026-08-02,14,7,-0.0,False,1
random_3,2026-08-03,14,6,-2.0,True,2
random_3,2026-08-04,14,15,-1.0,False,3
random_3,2026-08-05,14,18,0.0,True,4
random_3,2026-08-06,14,13,-2.0,False,5
random_3,2026-08-07,14,11,-4.0,True,6
random_3,2026-08-08,14,2,-1.0,False,7
random_3,2026-08-09,14,4,0.0,True,8
random_3,2026-08-10,14,17,-1.0,False,9
random_3,2026-08-11,14,9,-1.0,True,10
random_3,2026-08-12,14,1,-1.0,False,11
random_3,2026-08-13,14,12,-4.0,True,12
random_3,2026-08-14,14,3,-1.0,False,13
random_3,2026-08-15,14,5,2.0,True,14
random_3,2026-08-16,14,10,2.0,True,15
random_3,2026-08-17,14,16,-1.0,False,16
random_3,2026-08-18,14,8,-2.0,False,17
random_3,2026-08-19,14,19,4.0,True,18
random_3,2026-08-20,14,12,-0.0,False,19
random_3,2026-08-21,14,17,0.0,True,20
random_3,2026-08-22,14,4,5.0,False,21
random_3,2026-08-23,14,1,-1.0,True,22
random_3,2026-08-24,14,9,-2.0,False,23
random_3,2026-08-25,14,19,-3.0,False,24
random_3,2026-08-26,14,16,0.0,True,25
random_3,2026-08-27,14,10,-1.0,False,26
random_3,2026-08-28,14,8,1.0,True,27
random_3,2026-08-29,14,6,-1.0,False,28
random_3,2026-08-30,14,15,1.0,True,29
random_3,2026-08-31,14,0,4.0,False,30
random_3,2026-09-01,14,7,2.0,True,31
random_3,2026-09-02,14,5,-0.0,False,32
random_3,2026-09-03,14,3,4.0,True,33
random_3,2026-09-04,14,13,-4.0,True,34
random_3,2026-09-05,14,11,-0.0,False,35
random_3,2026-09-06,14,2,0.0,True,36
random_3,2026-09-07,14,18,-1.0,False,37
random_3,2026-08-01,15,10,-1.0,False,0
random_3,2026-08-02,15,11,-2.0,True,1
random_3,2026-08-03,15,8,-1.0,False,2
random_3,2026-08-04,15,14,1.0,True,3
random_3,2026-08-05,15,9,-1.0,False,4
random_3,2026-08-06,15,19,1.0,True,5
random_3,2026-08-07,15,12,-0.0,False,6
random_3,2026-08-08,15,0,2.0,True,7
random_3,2026-08-09,15,5,-0.0,False,8
random_3,2026-08-10,15,2,-3.0,True,9
random_3,2026-08-11,15,13,3.0,False,10
random_3,2026-08-12,15,3,2.0,True,11
random_3,2026-08-13,15,16,4.0,False,12
random_3,2026-08-14,15,6,0.0,True,13
random_3,2026-08-15,15,7,-0.0,False,14
random_3,2026-08-16,15,1,-1.0,False,15
random_3,2026-08-17,15,17,-1.0,True,16
random_3,2026-08-18,15,18,-2.0,True,17
random_3,2026-08-19,15,4,-0.0,False,18
random_3,2026-08-20,15,16,-1.0,True,19
random_3,2026-08-21,15,2,2.0,False,20
random_3,2026-08-22,15,13,1.0,True,21
random_3,2026-08-23,15,3,-0.0,False,22
random_3,2026-08-24,15,5,3.0,True,23
random_3,2026-08-25,15,4,-4.0,True,24
random_3,2026-08-26,15,17,2.0,False,25
random_3,2026-08-27,15,1,-1.0,True,26
random_3,2026-08-28,15,18,2.0,False,27
random_3,2026-08-29,15,8,0.0,True,28
random_3,2026-08-30,15,14,-1.0,False,29
random_3,2026-08-31,15,10,1.0,True,30
random_3,2026-09-01,15,11,-0.0,False,31
random_3,2026-09-02,15,7,0.0,True,32
random_3,2026-09-03,15,6,-0.0,False,33
random_3,2026-09-04,15,0,-0.0,False,34
random_3,2026-09-05,15,12,0.0,True,35
random_3,2026-09-06,15,19,-4.0,False,36
random_3,2026-09-07,15,9,-1.0,True,37
random_3,2026-08-01,16,13,-1.0,True,0
random_3,2026-08-02,16,19,-0.0,False,1
random_3,2026-08-03,16,0,2.0,True,2
random_3,2026-08-04,16,12,3.0,False,3
random_3,2026-08-05,16,10,1.0,True,4
random_3,2026-08-06,16,6,-0.0,False,5
random_3,2026-08-07,16,2,3.0,True,6
random_3,2026-08-08,16,7,-4.0,False,7
random_3,2026-08-09,16,8,-1.0,True,8
random_3,2026-08-10,16,9,-4.0,False,9
random_3,2026-08-11,16,1,-1.0,True,10
random_3,2026-08-12,16,4,1.0,False,11
random_3,2026-08-13,16,15,-4.0,True,12
random_3,2026-08-14,16,18,0.0,True,13
random_3,2026-08-15,16,11,1.0,False,14
random_3,2026-08-16,16,3,-2.0,False,15
random_3,2026-08-17,16,14,1.0,True,16
random_3,2026-08-18,16,17,2.0,True,17
random_3,2026-08-19,16,5,-0.0,False,18
random_3,2026-08-20,16,15,1.0,False,19
random_3,2026-08-21,16,9,-3.0,True,20
random_3,2026-08-22,16,1,-2.0,False,21
random_3,2026-08-23,16,4,1.0,True,22
random_3,2026-08-24,16,8,2.0,False,23
random_3,2026-08-25,16,5,3.0,True,24
random_3,2026-08-26,16,14,-0.0,False,25
random_3,2026-08-27,16,3,0.0,True,26
random_3,2026-08-28,16,17,2.0,False,27
random_3,2026-08-29,16,0,2.0,False,28
random_3,2026-08-30,16,12,0.0,True,29
random_3,2026-08-31,16,13,-1.0,False,30
random_3,2026-09-01,16,19,0.0,True,31
random_3,2026-09-02,16,11,1.0,True,32
random_3,2026-09-03,16,18,-0.0,False,33
random_3,2026-09-04,16,6,2.0,True,34
random_3,2026-09-05,16,2,3.0,False,35
random_3,2026-09-06,16,7,1.0,True,36
random_3,2026-09-07,16,10,1.0,False,37
random_3,2026-08-01,17,12,-1.0,True,0
random_3,2026-08-02,17,13,-2.0,False,1
random_3,2026-08-03,17,19,-3.0,True,2
random_3,2026-08-04,17,2,-3.0,False,3
random_3,2026-08-05,17,6,-2.0,True,4
random_3,2026-08-06,17,7,-3.0,False,5
random_3,2026-08-07,17,1,5.0,True,6
random_3,2026-08-08,17,11,-3.0,False,7
random_3,2026-08-09,17,3,-0.0,False,8
random_3,2026-08-10,17,14,1.0,True,9
random_3,2026-08-11,17,0,-1.0,False,10
random_3,2026-08-12,17,5,-2.0,True,11
random_3,2026-08-13,17,10,3.0,False,12
random_3,2026-08-14,17,4,-2.0,True,13
random_3,2026-08-15,17,18,2.0,False,14
random_3,2026-08-16,17,8,0.0,True,15
random_3,2026-08-17,17,15,1.0,False,16
random_3,2026-08-18,17,16,-2.0,False,17
random_3,2026-08-19,17,9,2.0,True,18
random_3,2026-08-20,17,10,3.0,True,19
random_3,2026-08-21,17,14,-0.0,False,20
random_3,2026-08-22,17,0,1.0,True,21
random_3,2026-08-23,17,5,1.0,False,22
random_3,2026-08-24,17,3,2.0,True,23
random_3,2026-08-25,17,9,2.0,False,24
random_3,2026-08-26,17,15,-2.0,True,25
random_3,2026-08-27,17,8,3.0,False,26
random_3,2026-08-28,17,16,-2.0,True,27
random_3,2026-08-29,17,19,1.0,False,28
random_3,2026-08-30,17,2,-2.0,True,29
random_3,2026-08-31,17,12,-3.0,False,30
random_3,2026-09-01,17,13,2.0,True,31
random_3,2026-09-02,17,18,0.0,True,32
random_3,2026-09-03,17,4,-3.0,False,33
random_3,2026-09-04,17,7,-1.0,True,34
random_3,2026-09-05,17,1,-0.0,False,35
random_3,2026-09-06,17,11,-2.0,True,36
random_3,2026-09-07,17,6,-0.0,False,37
random_3,2026-08-01,18,11,-3.0,False,0
random_3,2026-08-02,18,9,-1.0,True,1
random_3,2026-08-03,18,3,-4.0,False,2
random_3,2026-08-04,18,1,0.0,True,3
random_3,2026-08-05,18,14,-0.0,False,4
random_3,2026-08-06,18,4,-3.0,True,5
random_3,2026-08-07,18,0,2.0,False,6
random_3,2026-08-08,18,12,-1.0,True,7
random_3,2026-08-09,18,6,-2.0,False,8
random_3,2026-08-10,18,5,0.0,True,9
random_3,2026-08-11,18,2,2.0,False,10
random_3,2026-08-12,18,19,-4.0,True,11
random_3,2026-08-13,18,13,-1.0,False,12
random_3,2026-08-14,18,16,-0.0,False,13
random_3,2026-08-15,18,17,-2.0,True,14
random_3,2026-08-16,18,7,0.0,True,15
random_3,2026-08-17,18,8,3.0,False,16
random_3,2026-08-18,18,15,2.0,False,17
random_3,2026-08-19,18,10,-3.0,True,18
random_3,2026-08-20,18,13,-5.0,True,19
random_3,2026-08-21,18,5,-1.0,False,20
random_3,2026-08-22,18,6,-1.0,True,21
random_3,2026-08-23,18,19,1.0,False,22
random_3,2026-08-24,18,2,-2.0,True,23
random_3,2026-08-25,18,10,-0.0,False,24
random_3,2026-08-26,18,8,0.0,True,25
random_3,2026-08-27,18,7,-1.0,False,26
random_3,2026-08-28,18,15,-2.0,True,27
random_3,2026-08-29,18,3,1.0,True,28
random_3,2026-08-30,18,1,-0.0,False,29
random_3,2026-08-31,18,11,-2.0,True,30
random_3,2026-09-01,18,9,1.0,False,31
random_3,2026-09-02,18,17,-0.0,False,32
random_3,2026-09-03,18,16,0.0,True,33
random_3,2026-09-04,18,4,-4.0,False,34
random_3,2026-09-05,18,0,2.0,True,35
random_3,2026-09-06,18,12,-0.0,False,36
random_3,2026-09-07,18,14,1.0,True,37
random_3,2026-08-01,19,3,-0.0,False,0
random_3,2026-08-02,19,16,0.0,True,1
random_3,2026-08-03,19,17,3.0,False,2
random_3,2026-08-04,19,8,1.0,True,3
random_3,2026-08-05,19,2,0.0,True,4
random_3,2026-08-06,19,15,-1.0,False,5
random_3,2026-08-07,19,6,-1.0,True,6
random_3,2026-08-08,19,5,-4.0,False,7
random_3,2026-08-09,19,7,3.0,True,8
random_3,2026-08-10,19,12,-2.0,False,9
random_3,2026-08-11,19,11,0.0,True,10
random_3,2026-08-12,19,18,4.0,False,11
random_3,2026-08-13,19,9,-1.0,True,12
random_3,2026-08-14,19,1,2.0,True,13
random_3,2026-08-15,19,10,3.0,False,14
random_3,2026-08-16,19,13,-0.0,False,15
random_3,2026-08-17,19,0,1.0,True,16
random_3,2026-08-18,19,4,-3.0,True,17
random_3,2026-08-19,19,14,-4.0,False,18
random_3,2026-08-20,19,9,-2.0,False,19
random_3,2026-08-21,19,12,1.0,True,20
random_3,2026-08-22,19,7,-1.0,False,21
random_3,2026-08-23,19,18,-1.0,True,22
random_3,2026-08-24,19,11,-1.0,False,23
random_3,2026-08-25,19,14,3.0,True,24
random_3,2026-08-26,19,4,3.0,False,25
random_3,2026-08-27,19,13,1.0,True,26
random_3,2026-08-28,19,0,-2.0,False,27
random_3,2026-08-29,19,17,-1.0,True,28
random_3,2026-08-30,19,8,-0.0,False,29
random_3,2026-08-31,19,3,4.0,True,30
random_3,2026-09-01,19,16,-0.0,False,31
random_3,2026-09-02,19,10,1.0,True,32
random_3,2026-09-03,19,1,5.0,False,33
random_3,2026-09-04,19,5,6.0,True,34
random_3,2026-09-05,19,6,-0.0,False,35
random_3,2026-09-06,19,15,4.0,True,36
random_3,2026-09-07,19,2,2.0,False,37
random_30,2026-08-01,0,14,-3.0,False,0
random_30,2026-08-02,0,8,2.0,True,1
random_30,2026-08-03,0,16,-1.0,False,2
random_30,2026-08-04,0,3,-1.0,True,3
random_30,2026-08-05,0,13,0.0,True,4
random_30,2026-08-06,0,5,1.0,False,5
random_30,2026-08-07,0,18,0.0,True,6
random_30,2026-08-08,0,15,-0.0,False,7
random_30,2026-08-09,0,12,-1.0,True,8
random_30,2026-08-10,0,11,-2.0,False,9
random_30,2026-08-11,0,17,3.0,True,10
random_30,2026-08-12,0,9,-0.0,False,11
random_30,2026-08-13,0,4,1.0,True,12
random_30,2026-08-14,0,10,-1.0,True,13
random_30,2026-08-15,0,1,-1.0,False,14
random_30,2026-08-16,0,6,-5.0,True,15
random_30,2026-08-17,0,19,1.0,False,16
random_30,2026-08-18,0,7,4.0,False,17
random_30,2026-08-19,0,2,0.0,True,18
random_30,2026-08-20,0,4,1.0,False,19
random_30,2026-08-21,0,11,3.0,True,20
random_30,2026-08-22,0,17,-2.0,False,21
random_30,2026-08-23,0,9,-2.0,True,22
random_30,2026-08-24,0,12,1.0,False,23
random_30,2026-08-25,0,2,-2.0,False,24
random_30,2026-08-26,0,7,0.0,True,25
random_30,2026-08-27,0,6,-0.0,False,26
random_30,2026-08-28,0,19,-4.0,True,27
random_30,2026-08-29,0,16,1.0,True,28
random_30,2026-08-30,0,3,-6.0,False,29
random_30,2026-08-31,0,14,0.0,True,30
random_30,2026-09-01,0,8,-0.0,False,31
random_30,2026-09-02,0,1,1.0,True,32
random_30,2026-09-03,0,10,-0.0,False,33
random_30,2026-09-04,0,15,0.0,True,34
random_30,2026-09-05,0,18,-0.0,False,35
random_30,2026-09-06,0,5,-3.0,True,36
random_30,2026-09-07,0,13,-3.0,False,37
random_30,2026-08-01,1,6,0.0,True,0
random_30,2026-08-02,1,2,-0.0,False,1
random_30,2026-08-03,1,5,-1.0,True,2
random_30,2026-08-04,1,18,3.0,False,3
random_30,2026-08-05,1,4,-2.0,False,4
random_30,2026-08-06,1,12,-2.0,True,5
random_30,2026-08-07,1,17,-0.0,False,6
random_30,2026-08-08,1,8,0.0,True,7
random_30,2026-08-09,1,13,-0.0,False,8
random_30,2026-08-10,1,10,1.0,True,9
random_30,2026-08-11,1,16,-2.0,False,10
random_30,2026-08-12,1,14,2.0,True,11
random_30,2026-08-13,1,3,-0.0,False,12
random_30,2026-08-14,1,19,1.0,False,13
random_30,2026-08-15,1,0,1.0,True,14
random_30,2026-08-16,1,15,3.0,True,15
random_30,2026-08-17,1,7,-0.0,False,16
random_30,2026-08-18,1,9,-2.0,False,17
random_30,2026-08-19,1,11,-2.0,True,18
random_30,2026-08-20,1,3,1.0,True,19
random_30,2026-08-21,1,10,-1.0,False,20
random_30,2026-08-22,1,16,3.0,True,21
random_30,2026-08-23,1,14,-2.0,False,22
random_30,2026-08-24,1,13,-2.0,True,23
random_30,2026-08-25,1,11,-2.0,False,24
random_30,2026-08-26,1,9,1.0,True,25
random_30,2026-08-27,1,15,-2.0,False,26
random_30,2026-08-28,1,7,0.0,True,27
random_30,2026-08-29,1,5,-2.0,False,28
random_30,2026-08-30,1,18,5.0,True,29
random_30,2026-08-31,1,6,-0.0,False,30
random_30,2026-09-01,1,2,1.0,True,31
random_30,2026-09-02,1,0,-1.0,False,32
random_30,2026-09-03,1,19,-4.0,True,33
random_30,2026-09-04,1,12,1.0,False,34
random_30,2026-09-05,1,17,0.0,True,35
random_30,2026-09-06,1,8,-0.0,False,36
random_30,2026-09-07,1,4,0.0,True,37
random_30,2026-08-01,2,4,2.0,False,0
random_30,2026-08-02,2,1,0.0,True,1
random_30,2026-08-03,2,10,-1.0,False,2
random_30,2026-08-04,2,17,2.0,True,3
random_30,2026-08-05,2,19,3.0,False,4
random_30,2026-08-06,2,3,-2.0,True,5
random_30,2026-08-07,2,16,2.0,False,6
random_30,2026-08-08,2,14,-1.0,True,7
random_30,2026-08-09,2,9,0.0,True,8
random_30,2026-08-10,2,15,2.0,False,9
random_30,2026-08-11,2,18,-2.0,True,10
random_30,2026-08-12,2,11,-1.0,False,11
random_30,2026-08-13,2,8,-3.0,True,12
random_30,2026-08-14,2,7,1.0,True,13
random_30,2026-08-15,2,6,1.0,False,14
random_30,2026-08-16,2,5,-1.0,False,15
random_30,2026-08-17,2,12,1.0,True,16
random_30,2026-08-18,2,13,0.0,True,17
random_30,2026-08-19,2,0,-0.0,False,18
random_30,2026-08-20,2,8,-1.0,False,19
random_30,2026-08-21,2,15,-1.0,True,20
random_30,2026-08-22,2,9,-0.0,False,21
random_30,2026-08-23,2,11,0.0,True,22
random_30,2026-08-24,2,18,-1.0,False,23
random_30,2026-08-25,2,0,2.0,True,24
random_30,2026-08-26,2,12,-1.0,False,25
random_30,2026-08-27,2,5,2.0,True,26
random_30,2026-08-28,2,13,-1.0,False,27
random_30,2026-08-29,2,10,0.0,True,28
random_30,2026-08-30,2,17,1.0,False,29
random_30,2026-08-31,2,4,-7.0,True,30
random_30,2026-09-01,2,1,-1.0,False,31
random_30,2026-09-02,2,6,4.0,True,32
random_30,2026-09-03,2,7,2.0,False,33
random_30,2026-09-04,2,3,-1.0,False,34
random_30,2026-09-05,2,16,-3.0,True,35
random_30,2026-09-06,2,14,-1.0,False,36
random_30,2026-09-07,2,19,-2.0,True,37
random_30,2026-08-01,3,19,-1.0,True,0
random_30,2026-08-02,3,12,2.0,False,1
random_30,2026-08-03,3,18,0.0,True,2
random_30,2026-08-04,3,0,1.0,False,3
random_30,2026-08-05,3,5,1.0,True,4
random_30,2026-08-06,3,2,2.0,False,5
random_30,2026-08-07,3,13,-1.0,True,6
random_30,2026-08-08,3,10,1.0,False,7
random_30,2026-08-09,3,17,2.0,True,8
random_30,2026-08-10,3,4,-8.0,False,9
random_30,2026-08-11,3,8,1.0,True,10
random_30,2026-08-12,3,15,-0.0,False,11
random_30,2026-08-13,3,1,0.0,True,12
random_30,2026-08-14,3,14,3.0,True,13
random_30,2026-08-15,3,9,-2.0,False,14
random_30,2026-08-16,3,16,0.0,True,15
random_30,2026-08-17,3,11,-1.0,False,16
random_30,2026-08-18,3,6,-2.0,False,17
random_30,2026-08-19,3,7,-1.0,True,18
random_30,2026-08-20,3,1,-1.0,False,19
random_30,2026-08-21,3,4,1.0,True,20
random_30,2026-08-22,3,8,-1.0,False,21
random_30,2026-08-23,3,15,-2.0,True,22
random_30,2026-08-24,3,17,2.0,False,23
random_30,2026-08-25,3,7,-1.0,False,24
random_30,2026-08-26,3,6,-2.0,True,25
random_30,2026-08-27,3,16,1.0,False,26
random_30,2026-08-28,3,11,2.0,True,27
random_30,2026-08-29,3,18,1.0,False,28
random_30,2026-08-30,3,0,6.0,True,29
random_30,2026-08-31,3,19,2.0,False,30
random_30,2026-09-01,3,12,-2.0,True,31
random_30,2026-09-02,3,9,-1.0,True,32
random_30,2026-09-03,3,14,2.0,False,33
random_30,2026-09-04,3,2,1.0,True,34
random_30,2026-09-05,3,13,2.0,False,35
random_30,2026-09-06,3,10,0.0,True,36
random_30,2026-09-07,3,5,-1.0,False,37
random_30,2026-08-01,4,2,-2.0,True,0
random_30,2026-08-02,4,5,-2.0,False,1
random_30,2026-08-03,4,12,1.0,True,2
random_30,2026-08-04,4,6,1.0,False,3
random_30,2026-08-05,4,1,2.0,True,4
random_30,2026-08-06,4,18,1.0,False,5
random_30,2026-08-07,4,7,0.0,True,6
random_30,2026-08-08,4,13,-1.0,False,7
random_30,2026-08-09,4,14,2.0,False,8
random_30,2026-08-10,4,3,8.0,True,9
random_30,2026-08-11,4,10,2.0,False,10
random_30,2026-08-12,4,16,-2.0,True,11
random_30,2026-08-13,4,0,-1.0,False,12
random_30,2026-08-14,4,17,-0.0,False,13
random_30,2026-08-15,4,8,-1.0,True,14
random_30,2026-08-16,4,11,-2.0,True,15
random_30,2026-08-17,4,9,2.0,False,16
random_30,2026-08-18,4,19,4.0,False,17
random_30,2026-08-19,4,15,0.0,True,18
random_30,2026-08-20,4,0,-1.0,True,19
random_30,2026-08-21,4,3,-1.0,False,20
random_30,2026-08-22,4,14,1.0,True,21
random_30,2026-08-23,4,16,1.0,False,22
random_30,2026-08-24,4,10,1.0,True,23
random_30,2026-08-25,4,15,-2.0,False,24
random_30,2026-08-26,4,19,0.0,True,25
random_30,2026-08-27,4,11,1.0,False,26
random_30,2026-08-28,4,9,-2.0,True,27
random_30,2026-08-29,4,12,-0.0,False,28
random_30,2026-08-30,4,6,-1.0,True,29
random_30,2026-08-31,4,2,7.0,False,30
random_30,2026-09-01,4,5,2.0,True,31
random_30,2026-09-02,4,8,-2.0,False,32
random_30,2026-09-03,4,17,2.0,True,33
random_30,2026-09-04,4,18,-2.0,True,34
random_30,2026-09-05,4,7,-2.0,False,35
random_30,2026-09-06,4,13,-2.0,True,36
random_30,2026-09-07,4,1,-0.0,False,37
random_30,2026-08-01,5,9,-0.0,False,0
random_30,2026-08-02,5,4,2.0,True,1
random_30,2026-08-03,5,1,1.0,False,2
random_30,2026-08-04,5,10,4.0,True,3
random_30,2026-08-05,5,3,-1.0,False,4
random_30,2026-08-06,5,0,-1.0,True,5
random_30,2026-08-07,5,8,-0.0,False,6
random_30,2026-08-08,5,19,1.0,True,7
random_30,2026-08-09,5,15,0.0,True,8
random_30,2026-08-10,5,18,3.0,False,9
random_30,2026-08-11,5,12,0.0,True,10
random_30,2026-08-12,5,17,2.0,False,11
random_30,2026-08-13,5,7,2.0,True,12
random_30,2026-08-14,5,13,2.0,True,13
random_30,2026-08-15,5,14,-1.0,False,14
random_30,2026-08-16,5,2,1.0,True,15
random_30,2026-08-17,5,6,2.0,False,16
random_30,2026-08-18,5,11,-0.0,False,17
random_30,2026-08-19,5,16,1.0,True,18
random_30,2026-08-20,5,7,1.0,False,19
random_30,2026-08-21,5,18,-1.0,True,20
random_30,2026-08-22,5,12,-2.0,False,21
random_30,2026-08-23,5,17,1.0,True,22
random_30,2026-08-24,5,15,-0.0,False,23
random_30,2026-08-25,5,16,-0.0,False,24
random_30,2026-08-26,5,11,2.0,True,25
random_30,2026-08-27,5,2,-2.0,False,26
random_30,2026-08-28,5,6,3.0,True,27
random_30,2026-08-29,5,1,2.0,True,28
random_30,2026-08-30,5,10,-0.0,False,29
random_30,2026-08-31,5,9,2.0,True,30
random_30,2026-09-01,5,4,-2.0,False,31
random_30,2026-09-02,5,14,-3.0,True,32
random_30,2026-09-03,5,13,-1.0,False,33
random_30,2026-09-04,5,19,-0.0,False,34
random_30,2026-09-05,5,8,2.0,True,35
random_30,2026-09-06,5,0,3.0,False,36
random_30,2026-09-07,5,3,1.0,True,37
random_30,2026-08-01,6,1,-0.0,False,0
random_30,2026-08-02,6,10,2.0,True,1
random_30,2026-08-03,6,14,1.0,False,2
random_30,2026-08-04,6,4,-1.0,True,3
random_30,2026-08-05,6,17,-0.0,False,4
random_30,2026-08-06,6,16,3.0,True,5
random_30,2026-08-07,6,19,-2.0,False,6
random_30,2026-08-08,6,9,0.0,True,7
random_30,2026-08-09,6,18,1.0,True,8
random_30,2026-08-10,6,8,-1.0,False,9
random_30,2026-08-11,6,7,3.0,True,10
random_30,2026-08-12,6,12,-1.0,False,11
random_30,2026-08-13,6,11,0.0,True,12
random_30,2026-08-14,6,15,-1.0,False,13
random_30,2026-08-15,6,2,-1.0,True,14
random_30,2026-08-16,6,0,5.0,False,15
random_30,2026-08-17,6,5,-2.0,True,16
random_30,2026-08-18,6,3,2.0,True,17
random_30,2026-08-19,6,13,3.0,False,18
random_30,2026-08-20,6,11,-3.0,False,19
random_30,2026-08-21,6,8,-1.0,True,20
random_30,2026-08-22,6,18,1.0,False,21
random_30,2026-08-23,6,12,0.0,True,22
random_30,2026-08-24,6,7,-2.0,False,23
random_30,2026-08-25,6,13,2.0,True,24
random_30,2026-08-26,6,3,2.0,False,25
random_30,2026-08-27,6,0,0.0,True,26
random_30,2026-08-28,6,5,-3.0,False,27
random_30,2026-08-29,6,14,-1.0,True,28
random_30,2026-08-30,6,4,1.0,False,29
random_30,2026-08-31,6,1,0.0,True,30
random_30,2026-09-01,6,10,-1.0,False,31
random_30,2026-09-02,6,2,-4.0,False,32
random_30,2026-09-03,6,15,-1.0,True,33
random_30,2026-09-04,6,16,-0.0,False,34
random_30,2026-09-05,6,19,-3.0,True,35
random_30,2026-09-06,6,9,1.0,False,36
random_30,2026-09-07,6,17,-2.0,True,37
random_30,2026-08-01,7,8,1.0,False,0
random_30,2026-08-02,7,14,0.0,True,1
random_30,2026-08-03,7,9,-0.0,False,2
random_30,2026-08-04,7,11,0.0,True,3
random_30,2026-08-05,7,12,1.0,False,4
random_30,2026-08-06,7,17,-2.0,True,5
random_30,2026-08-07,7,4,-0.0,False,6
random_30,2026-08-08,7,16,1.0,True,7
random_30,2026-08-09,7,19,-0.0,False,8
random_30,2026-08-10,7,13,4.0,True,9
random_30,2026-08-11,7,6,-3.0,False,10
random_30,2026-08-12,7,10,-7.0,True,11
random_30,2026-08-13,7,5,-2.0,False,12
random_30,2026-08-14,7,2,-1.0,False,13
random_30,2026-08-15,7,15,4.0,True,14
random_30,2026-08-16,7,18,3.0,False,15
random_30,2026-08-17,7,1,0.0,True,16
random_30,2026-08-18,7,0,-4.0,True,17
random_30,2026-08-19,7,3,1.0,False,18
random_30,2026-08-20,7,5,-1.0,True,19
random_30,2026-08-21,7,13,1.0,False,20
random_30,2026-08-22,7,19,-1.0,True,21
random_30,2026-08-23,7,10,1.0,False,22
random_30,2026-08-24,7,6,2.0,True,23
random_30,2026-08-25,7,3,1.0,True,24
random_30,2026-08-26,7,0,-0.0,False,25
random_30,2026-08-27,7,18,1.0,True,26
random_30,2026-08-28,7,1,-0.0,False,27
random_30,2026-08-29,7,9,-1.0,True,28
random_30,2026-08-30,7,11,2.0,False,29
random_30,2026-08-31,7,8,0.0,True,30
random_30,2026-09-01,7,14,1.0,False,31
random_30,2026-09-02,7,15,1.0,False,32
random_30,2026-09-03,7,2,-2.0,True,33
random_30,2026-09-04,7,17,2.0,False,34
random_30,2026-09-05,7,4,2.0,True,35
random_30,2026-09-06,7,16,2.0,False,36
random_30,2026-09-07,7,12,0.0,True,37
random_30,2026-08-01,8,7,-1.0,True,0
random_30,2026-08-02,8,0,-2.0,False,1
random_30,2026-08-03,8,15,-2.0,True,2
random_30,2026-08-04,8,19,-0.0,False,3
random_30,2026-08-05,8,11,0.0,True,4
random_30,2026-08-06,8,10,1.0,False,5
random_30,2026-08-07,8,5,0.0,True,6
random_30,2026-08-08,8,1,-0.0,False,7
random_30,2026-08-09,8,16,3.0,False,8
random_30,2026-08-10,8,6,1.0,True,9
random_30,2026-08-11,8,3,-1.0,False,10
random_30,2026-08-12,8,13,-1.0,True,11
random_30,2026-08-13,8,2,3.0,False,12
random_30,2026-08-14,8,9,1.0,True,13
random_30,2026-08-15,8,4,1.0,False,14
random_30,2026-08-16,8,17,2.0,False,15
random_30,2026-08-17,8,18,-1.0,True,16
random_30,2026-08-18,8,14,1.0,True,17
random_30,2026-08-19,8,12,-0.0,False,18
random_30,2026-08-20,8,2,1.0,True,19
random_30,2026-08-21,8,6,1.0,False,20
random_30,2026-08-22,8,3,1.0,True,21
random_30,2026-08-23,8,13,5.0,False,22
random_30,2026-08-24,8,16,0.0,True,23
random_30,2026-08-25,8,12,-1.0,True,24
random_30,2026-08-26,8,18,2.0,False,25
random_30,2026-08-27,8,17,-2.0,True,26
random_30,2026-08-28,8,14,-0.0,False,27
random_30,2026-08-29,8,15,1.0,False,28
random_30,2026-08-30,8,19,0.0,True,29
random_30,2026-08-31,8,7,-0.0,False,30
random_30,2026-09-01,8,0,0.0,True,31
random_30,2026-09-02,8,4,2.0,True,32
random_30,2026-09-03,8,9,1.0,False,33
random_30,2026-09-04,8,10,0.0,True,34
random_30,2026-09-05,8,5,-2.0,False,35
random_30,2026-09-06,8,1,0.0,True,36
random_30,2026-09-07,8,11,2.0,False,37
random_30,2026-08-01,9,5,0.0,True,0
random_30,2026-08-02,9,18,-2.0,False,1
random_30,2026-08-03,9,7,0.0,True,2
random_30,2026-08-04,9,13,-4.0,False,3
random_30,2026-08-05,9,15,3.0,True,4
random_30,2026-08-06,9,11,-0.0,False,5
random_30,2026-08-07,9,10,1.0,True,6
random_30,2026-08-08,9,6,-0.0,False,7
random_30,2026-08-09,9,2,-0.0,False,8
random_30,2026-08-10,9,16,-4.0,True,9
random_30,2026-08-11,9,14,-1.0,False,10
random_30,2026-08-12,9,0,0.0,True,11
random_30,2026-08-13,9,19,1.0,False,12
random_30,2026-08-14,9,8,-1.0,False,13
random_30,2026-08-15,9,3,2.0,True,14
random_30,2026-08-16,9,12,2.0,False,15
random_30,2026-08-17,9,4,-2.0,True,16
random_30,2026-08-18,9,1,2.0,True,17
random_30,2026-08-19,9,17,-0.0,False,18
random_30,2026-08-20,9,19,-1.0,True,19
random_30,2026-08-21,9,16,-2.0,False,20
random_30,2026-08-22,9,2,0.0,True,21
random_30,2026-08-23,9,0,2.0,False,22
random_30,2026-08-24,9,14,1.0,True,23
random_30,2026-08-25,9,17,1.0,True,24
random_30,2026-08-26,9,1,-1.0,False,25
random_30,2026-08-27,9,12,-1.0,True,26
random_30,2026-08-28,9,4,2.0,False,27
random_30,2026-08-29,9,7,1.0,False,28
random_30,2026-08-30,9,13,-1.0,True,29
random_30,2026-08-31,9,5,-2.0,False,30
random_30,2026-09-01,9,18,0.0,True,31
random_30,2026-09-02,9,3,1.0,False,32
random_30,2026-09-03,9,8,-1.0,True,33
random_30,2026-09-04,9,11,-2.0,True,34
random_30,2026-09-05,9,10,1.0,False,35
random_30,2026-09-06,9,6,-1.0,True,36
random_30,2026-09-07,9,15,-0.0,False,37
random_30,2026-08-01,10,15,-2.0,True,0
random_30,2026-08-02,10,6,-2.0,False,1
random_30,2026-08-03,10,2,1.0,True,2
random_30,2026-08-04,10,5,-4.0,False,3
random_30,2026-08-05,10,16,-2.0,False,4
random_30,2026-08-06,10,8,-1.0,True,5
random_30,2026-08-07,10,9,-1.0,False,6
random_30,2026-08-08,10,3,-1.0,True,7
random_30,2026-08-09,10,11,0.0,True,8
random_30,2026-08-10,10,1,-1.0,False,9
random_30,2026-08-11,10,4,-2.0,True,10
random_30,2026-08-12,10,7,7.0,False,11
random_30,2026-08-13,10,17,2.0,True,12
random_30,2026-08-14,10,0,1.0,False,13
random_30,2026-08-15,10,19,2.0,True,14
random_30,2026-08-16,10,14,-1.0,False,15
random_30,2026-08-17,10,13,-5.0,True,16
random_30,2026-08-18,10,12,-3.0,True,17
random_30,2026-08-19,10,18,-4.0,False,18
random_30,2026-08-20,10,17,2.0,False,19
random_30,2026-08-21,10,1,1.0,True,20
random_30,2026-08-22,10,11,-1.0,False,21
random_30,2026-08-23,10,7,-1.0,True,22
random_30,2026-08-24,10,4,-1.0,False,23
random_30,2026-08-25,10,18,-1.0,True,24
random_30,2026-08-26,10,13,-1.0,False,25
random_30,2026-08-27,10,14,0.0,True,26
random_30,2026-08-28,10,12,-1.0,False,27
random_30,2026-08-29,10,2,-0.0,False,28
random_30,2026-08-30,10,5,0.0,True,29
random_30,2026-08-31,10,15,-3.0,False,30
random_30,2026-09-01,10,6,1.0,True,31
random_30,2026-09-02,10,19,-0.0,False,32
random_30,2026-09-03,10,0,0.0,True,33
random_30,2026-09-04,10,8,-0.0,False,34
random_30,2026-09-05,10,9,-1.0,True,35
random_30,2026-09-06,10,3,-0.0,False,36
random_30,2026-09-07,10,16,-1.0,True,37
random_30,2026-08-01,11,18,2.0,True,0
random_30,2026-08-02,11,15,-1.0,False,1
random_30,2026-08-03,11,13,1.0,True,2
random_30,2026-08-04,11,7,-0.0,False,3
random_30,2026-08-05,11,8,-0.0,False,4
random_30,2026-08-06,11,9,0.0,True,5
random_30,2026-08-07,11,14,-2.0,False,6
random_30,2026-08-08,11,17,-1.0,True,7
random_30,2026-08-09,11,10,-0.0,False,8
random_30,2026-08-10,11,0,2.0,True,9
random_30,2026-08-11,11,19,-0.0,False,10
random_30,2026-08-12,11,2,1.0,True,11
random_30,2026-08-13,11,6,-0.0,False,12
random_30,2026-08-14,11,12,-0.0,False,13
random_30,2026-08-15,11,16,2.0,True,14
random_30,2026-08-16,11,4,2.0,False,15
random_30,2026-08-17,11,3,1.0,True,16
random_30,2026-08-18,11,5,0.0,True,17
random_30,2026-08-19,11,1,2.0,False,18
random_30,2026-08-20,11,6,3.0,True,19
random_30,2026-08-21,11,0,-3.0,False,20
random_30,2026-08-22,11,10,1.0,True,21
random_30,2026-08-23,11,2,-0.0,False,22
random_30,2026-08-24,11,19,0.0,True,23
random_30,2026-08-25,11,1,2.0,True,24
random_30,2026-08-26,11,5,-2.0,False,25
random_30,2026-08-27,11,4,-1.0,True,26
random_30,2026-08-28,11,3,-2.0,False,27
random_30,2026-08-29,11,13,1.0,False,28
random_30,2026-08-30,11,7,-2.0,True,29
random_30,2026-08-31,11,18,-1.0,False,30
random_30,2026-09-01,11,15,-2.0,True,31
random_30,2026-09-02,11,16,1.0,False,32
random_30,2026-09-03,11,12,-2.0,True,33
random_30,2026-09-04,11,9,2.0,False,34
random_30,2026-09-05,11,14,0.0,True,35
random_30,2026-09-06,11,17,-0.0,False,36
random_30,2026-09-07,11,8,-2.0,True,37
random_30,2026-08-01,12,17,-1.0,False,0
random_30,2026-08-02,12,3,-2.0,True,1
random_30,2026-08-03,12,4,-1.0,False,2
random_30,2026-08-04,12,16,1.0,True,3
random_30,2026-08-05,12,7,-1.0,True,4
random_30,2026-08-06,12,1,2.0,False,5
random_30,2026-08-07,12,15,1.0,True,6
random_30,2026-08-08,12,18,1.0,False,7
random_30,2026-08-09,12,0,1.0,False,8
random_30,2026-08-10,12,19,3.0,True,9
random_30,2026-08-11,12,5,-0.0,False,10
random_30,2026-08-12,12,6,1.0,True,11
random_30,2026-08-13,12,14,-1.0,False,12
random_30,2026-08-14,12,11,0.0,True,13
random_30,2026-08-15,12,13,-0.0,False,14
random_30,2026-08-16,12,9,-2.0,True,15
random_30,2026-08-17,12,2,-1.0,False,16
random_30,2026-08-18,12,10,3.0,False,17
random_30,2026-08-19,12,8,0.0,True,18
random_30,2026-08-20,12,14,0.0,True,19
random_30,2026-08-21,12,19,1.0,False,20
random_30,2026-08-22,12,5,2.0,True,21
random_30,2026-08-23,12,6,-0.0,False,22
random_30,2026-08-24,12,0,-1.0,True,23
random_30,2026-08-25,12,8,1.0,False,24
random_30,2026-08-26,12,2,1.0,True,25
random_30,2026-08-27,12,9,1.0,False,26
random_30,2026-08-28,12,10,1.0,True,27
random_30,2026-08-29,12,4,0.0,True,28
random_30,2026-08-30,12,16,-0.0,False,29
random_30,2026-08-31,12,17,0.0,True,30
random_30,2026-09-01,12,3,2.0,False,31
random_30,2026-09-02,12,13,-2.0,True,32
random_30,2026-09-03,12,11,2.0,False,33
random_30,2026-09-04,12,1,-1.0,True,34
random_30,2026-09-05,12,15,1.0,False,35
random_30,2026-09-06,12,18,1.0,True,36
random_30,2026-09-07,12,7,-0.0,False,37
random_30,2026-08-01,13,16,-0.0,False,0
random_30,2026-08-02,13,17,-1.0,True,1
random_30,2026-08-03,13,11,-1.0,False,2
random_30,2026-08-04,13,9,4.0,True,3
random_30,2026-08-05,13,0,-0.0,False,4
random_30,2026-08-06,13,14,5.0,True,5
random_30,2026-08-07,13,3,1.0,False,6
random_30,2026-08-08,13,4,1.0,True,7
random_30,2026-08-09,13,1,0.0,True,8
random_30,2026-08-10,13,7,-4.0,False,9
random_30,2026-08-11,13,15,2.0,True,10
random_30,2026-08-12,13,8,1.0,False,11
random_30,2026-08-13,13,18,-5.0,True,12
random_30,2026-08-14,13,5,-2.0,False,13
random_30,2026-08-15,13,12,0.0,True,14
random_30,2026-08-16,13,19,1.0,True,15
random_30,2026-08-17,13,10,5.0,False,16
random_30,2026-08-18,13,2,-0.0,False,17
random_30,2026-08-19,13,6,-3.0,True,18
random_30,2026-08-20,13,18,-0.0,False,19
random_30,2026-08-21,13,7,-1.0,True,20
random_30,2026-08-22,13,15,-3.0,False,21
random_30,2026-08-23,13,8,-5.0,True,22
random_30,2026-08-24,13,1,2.0,False,23
random_30,2026-08-25,13,6,-2.0,False,24
random_30,2026-08-26,13,10,1.0,True,25
random_30,2026-08-27,13,19,2.0,False,26
random_30,2026-08-28,13,2,1.0,True,27
random_30,2026-08-29,13,11,-1.0,True,28
random_30,2026-08-30,13,9,1.0,False,29
random_30,2026-08-31,13,16,-2.0,True,30
random_30,2026-09-01,13,17,1.0,False,31
random_30,2026-09-02,13,12,2.0,False,32
random_30,2026-09-03,13,5,1.0,True,33
random_30,2026-09-04,13,14,-2.0,False,34
random_30,2026-09-05,13,3,-2.0,True,35
random_30,2026-09-06,13,4,2.0,False,36
random_30,2026-09-07,13,0,3.0,True,37
random_30,2026-08-01,14,0,3.0,True,0
random_30,2026-08-02,14,7,-0.0,False,1
random_30,2026-08-03,14,6,-1.0,True,2
random_30,2026-08-04,14,15,1.0,False,3
random_30,2026-08-05,14,18,1.0,True,4
random_30,2026-08-06,14,13,-5.0,False,5
random_30,2026-08-07,14,11,2.0,True,6
random_30,2026-08-08,14,2,1.0,False,7
random_30,2026-08-09,14,4,-2.0,True,8
random_30,2026-08-10,14,17,-0.0,False,9
random_30,2026-08-11,14,9,1.0,True,10
random_30,2026-08-12,14,1,-2.0,False,11
random_30,2026-08-13,14,12,1.0,True,12
random_30,2026-08-14,14,3,-3.0,False,13
random_30,2026-08-15,14,5,1.0,True,14
random_30,2026-08-16,14,10,1.0,True,15
random_30,2026-08-17,14,16,-0.0,False,16
random_30,2026-08-18,14,8,-1.0,False,17
random_30,2026-08-19,14,19,1.0,True,18
random_30,2026-08-20,14,12,-0.0,False,19
random_30,2026-08-21,14,17,-3.0,True,20
random_30,2026-08-22,14,4,-1.0,False,21
random_30,2026-08-23,14,1,2.0,True,22
random_30,2026-08-24,14,9,-1.0,False,23
random_30,2026-08-25,14,19,1.0,False,24
random_30,2026-08-26,14,16,2.0,True,25
random_30,2026-08-27,14,10,-0.0,False,26
random_30,2026-08-28,14,8,0.0,True,27
random_30,2026-08-29,14,6,1.0,False,28
random_30,2026-08-30,14,15,2.0,True,29
random_30,2026-08-31,14,0,-0.0,False,30
random_30,2026-09-01,14,7,-1.0,True,31
random_30,2026-09-02,14,5,3.0,False,32
random_30,2026-09-03,14,3,-2.0,True,33
random_30,2026-09-04,14,13,2.0,True,34
random_30,2026-09-05,14,11,-0.0,False,35
random_30,2026-09-06,14,2,1.0,True,36
random_30,2026-09-07,14,18,-0.0,False,37
random_30,2026-08-01,15,10,2.0,False,0
random_30,2026-08-02,15,11,1.0,True,1
random_30,2026-08-03,15,8,2.0,False,2
random_30,2026-08-04,15,14,-1.0,True,3
random_30,2026-08-05,15,9,-3.0,False,4
random_30,2026-08-06,15,19,3.0,True,5
random_30,2026-08-07,15,12,-1.0,False,6
random_30,2026-08-08,15,0,0.0,True,7
random_30,2026-08-09,15,5,-0.0,False,8
random_30,2026-08-10,15,2,-2.0,True,9
random_30,2026-08-11,15,13,-2.0,False,10
random_30,2026-08-12,15,3,0.0,True,11
random_30,2026-08-13,15,16,-1.0,False,12
random_30,2026-08-14,15,6,1.0,True,13
random_30,2026-08-15,15,7,-4.0,False,14
random_30,2026-08-16,15,1,-3.0,False,15
random_30,2026-08-17,15,17,2.0,True,16
random_30,2026-08-18,15,18,1.0,True,17
random_30,2026-08-19,15,4,-0.0,False,18
random_30,2026-08-20,15,16,0.0,True,19
random_30,2026-08-21,15,2,1.0,False,20
random_30,2026-08-22,15,13,3.0,True,21
random_30,2026-08-23,15,3,2.0,False,22
random_30,2026-08-24,15,5,0.0,True,23
random_30,2026-08-25,15,4,2.0,True,24
random_30,2026-08-26,15,17,-0.0,False,25
random_30,2026-08-27,15,1,2.0,True,26
random_30,2026-08-28,15,18,-1.0,False,27
random_30,2026-08-29,15,8,-1.0,True,28
random_30,2026-08-30,15,14,-2.0,False,29
random_30,2026-08-31,15,10,3.0,True,30
random_30,2026-09-01,15,11,2.0,False,31
random_30,2026-09-02,15,7,-1.0,True,32
random_30,2026-09-03,15,6,1.0,False,33
random_30,2026-09-04,15,0,-0.0,False,34
random_30,2026-09-05,15,12,-1.0,True,35
random_30,2026-09-06,15,19,2.0,False,36
random_30,2026-09-07,15,9,0.0,True,37
random_30,2026-08-01,16,13,0.0,True,0
random_30,2026-08-02,16,19,-4.0,False,1
random_30,2026-08-03,16,0,1.0,True,2
random_30,2026-08-04,16,12,-1.0,False,3
random_30,2026-08-05,16,10,2.0,True,4
random_30,2026-08-06,16,6,-3.0,False,5
random_30,2026-08-07,16,2,-2.0,True,6
random_30,2026-08-08,16,7,-1.0,False,7
random_30,2026-08-09,16,8,-3.0,True,8
random_30,2026-08-10,16,9,4.0,False,9
random_30,2026-08-11,16,1,2.0,True,10
random_30,2026-08-12,16,4,2.0,False,11
random_30,2026-08-13,16,15,1.0,True,12
random_30,2026-08-14,16,18,-5.0,True,13
random_30,2026-08-15,16,11,-2.0,False,14
random_30,2026-08-16,16,3,-0.0,False,15
random_30,2026-08-17,16,14,0.0,True,16
random_30,2026-08-18,16,17,5.0,True,17
random_30,2026-08-19,16,5,-1.0,False,18
random_30,2026-08-20,16,15,-0.0,False,19
random_30,2026-08-21,16,9,2.0,True,20
random_30,2026-08-22,16,1,-3.0,False,21
random_30,2026-08-23,16,4,-1.0,True,22
random_30,2026-08-24,16,8,-0.0,False,23
random_30,2026-08-25,16,5,0.0,True,24
random_30,2026-08-26,16,14,-2.0,False,25
random_30,2026-08-27,16,3,-1.0,True,26
random_30,2026-08-28,16,17,1.0,False,27
random_30,2026-08-29,16,0,-1.0,False,28
random_30,2026-08-30,16,12,0.0,True,29
random_30,2026-08-31,16,13,2.0,False,30
random_30,2026-09-01,16,19,-3.0,True,31
random_30,2026-09-02,16,11,-1.0,True,32
random_30,2026-09-03,16,18,1.0,False,33
random_30,2026-09-04,16,6,0.0,True,34
random_30,2026-09-05,16,2,3.0,False,35
random_30,2026-09-06,16,7,-2.0,True,36
random_30,2026-09-07,16,10,1.0,False,37
random_30,2026-08-01,17,12,1.0,True,0
random_30,2026-08-02,17,13,1.0,False,1
random_30,2026-08-03,17,19,1.0,True,2
random_30,2026-08-04,17,2,-2.0,False,3
random_30,2026-08-05,17,6,0.0,True,4
random_30,2026-08-06,17,7,2.0,False,5
random_30,2026-08-07,17,1,0.0,True,6
random_30,2026-08-08,17,11,1.0,False,7
random_30,2026-08-09,17,3,-2.0,False,8
random_30,2026-08-10,17,14,0.0,True,9
random_30,2026-08-11,17,0,-3.0,False,10
random_30,2026-08-12,17,5,-2.0,True,11
random_30,2026-08-13,17,10,-2.0,False,12
random_30,2026-08-14,17,4,0.0,True,13
random_30,2026-08-15,17,18,-1.0,False,14
random_30,2026-08-16,17,8,-2.0,True,15
random_30,2026-08-17,17,15,-2.0,False,16
random_30,2026-08-18,17,16,-5.0,False,17
random_30,2026-08-19,17,9,0.0,True,18
random_30,2026-08-20,17,10,-2.0,True,19
random_30,2026-08-21,17,14,3.0,False,20
random_30,2026-08-22,17,0,2.0,True,21
random_30,2026-08-23,17,5,-1.0,False,22
random_30,2026-08-24,17,3,-2.0,True,23
random_30,2026-08-25,17,9,-1.0,False,24
random_30,2026-08-26,17,15,0.0,True,25
random_30,2026-08-27,17,8,2.0,False,26
random_30,2026-08-28,17,16,-1.0,True,27
random_30,2026-08-29,17,19,3.0,False,28
random_30,2026-08-30,17,2,-1.0,True,29
random_30,2026-08-31,17,12,-0.0,False,30
random_30,2026-09-01,17,13,-1.0,True,31
random_30,2026-09-02,17,18,2.0,True,32
random_30,2026-09-03,17,4,-2.0,False,33
random_30,2026-09-04,17,7,-2.0,True,34
random_30,2026-09-05,17,1,-0.0,False,35
random_30,2026-09-06,17,11,0.0,True,36
random_30,2026-09-07,17,6,2.0,False,37
random_30,2026-08-01,18,11,-2.0,False,0
random_30,2026-08-02,18,9,2.0,True,1
random_30,2026-08-03,18,3,-0.0,False,2
random_30,2026-08-04,18,1,-3.0,True,3
random_30,2026-08-05,18,14,-1.0,False,4
random_30,2026-08-06,18,4,-1.0,True,5
random_30,2026-08-07,18,0,-0.0,False,6
random_30,2026-08-08,18,12,-1.0,True,7
random_30,2026-08-09,18,6,-1.0,False,8
random_30,2026-08-10,18,5,-3.0,True,9
random_30,2026-08-11,18,2,2.0,False,10
random_30,2026-08-12,18,19,-2.0,True,11
random_30,2026-08-13,18,13,5.0,False,12
random_30,2026-08-14,18,16,5.0,False,13
random_30,2026-08-15,18,17,1.0,True,14
random_30,2026-08-16,18,7,-3.0,True,15
random_30,2026-08-17,18,8,1.0,False,16
random_30,2026-08-18,18,15,-1.0,False,17
random_30,2026-08-19,18,10,4.0,True,18
random_30,2026-08-20,18,13,0.0,True,19
random_30,2026-08-21,18,5,1.0,False,20
random_30,2026-08-22,18,6,-1.0,True,21
random_30,2026-08-23,18,19,-1.0,False,22
random_30,2026-08-24,18,2,1.0,True,23
random_30,2026-08-25,18,10,1.0,False,24
random_30,2026-08-26,18,8,-2.0,True,25
random_30,2026-08-27,18,7,-1.0,False,26
random_30,2026-08-28,18,15,1.0,True,27
random_30,2026-08-29,18,3,-1.0,True,28
random_30,2026-08-30,18,1,-5.0,False,29
random_30,2026-08-31,18,11,1.0,True,30
random_30,2026-09-01,18,9,-0.0,False,31
random_30,2026-09-02,18,17,-2.0,False,32
random_30,2026-09-03,18,16,-1.0,True,33
random_30,2026-09-04,18,4,2.0,False,34
random_30,2026-09-05,18,0,0.0,True,35
random_30,2026-09-06,18,12,-1.0,False,36
random_30,2026-09-07,18,14,0.0,True,37
random_30,2026-08-01,19,3,1.0,False,0
random_30,2026-08-02,19,16,4.0,True,1
random_30,2026-08-03,19,17,-1.0,False,2
random_30,2026-08-04,19,8,0.0,True,3
random_30,2026-08-05,19,2,-3.0,True,4
random_30,2026-08-06,19,15,-3.0,False,5
random_30,2026-08-07,19,6,2.0,True,6
random_30,2026-08-08,19,5,-1.0,False,7
random_30,2026-08-09,19,7,0.0,True,8
random_30,2026-08-10,19,12,-3.0,False,9
random_30,2026-08-11,19,11,0.0,True,10
random_30,2026-08-12,19,18,2.0,False,11
random_30,2026-08-13,19,9,-1.0,True,12
random_30,2026-08-14,19,1,-1.0,True,13
random_30,2026-08-15,19,10,-2.0,False,14
random_30,2026-08-16,19,13,-1.0,False,15
random_30,2026-08-17,19,0,-1.0,True,16
random_30,2026-08-18,19,4,-4.0,True,17
random_30,2026-08-19,19,14,-1.0,False,18
random_30,2026-08-20,19,9,1.0,False,19
random_30,2026-08-21,19,12,-1.0,True,20
random_30,2026-08-22,19,7,1.0,False,21
random_30,2026-08-23,19,18,1.0,True,22
random_30,2026-08-24,19,11,-0.0,False,23
random_30,2026-08-25,19,14,-1.0,True,24
random_30,2026-08-26,19,4,-0.0,False,25
random_30,2026-08-27,19,13,-2.0,True,26
random_30,2026-08-28,19,0,4.0,False,27
random_30,2026-08-29,19,17,-3.0,True,28
random_30,2026-08-30,19,8,-0.0,False,29
random_30,2026-08-31,19,3,-2.0,True,30
random_30,2026-09-01,19,16,3.0,False,31
random_30,2026-09-02,19,10,0.0,True,32
random_30,2026-09-03,19,1,4.0,False,33
random_30,2026-09-04,19,5,0.0,True,34
random_30,2026-09-05,19,6,3.0,False,35
random_30,2026-09-06,19,15,-2.0,True,36
random_30,2026-09-07,19,2,2.0,False,37
random_4,2026-08-01,0,14,-1.0,False,0
random_4,2026-08-02,0,8,0.0,True,1
random_4,2026-08-03,0,16,-0.0,False,2
random_4,2026-08-04,0,3,-1.0,True,3
random_4,2026-08-05,0,13,0.0,True,4
random_4,2026-08-06,0,5,-1.0,False,5
random_4,2026-08-07,0,18,2.0,True,6
random_4,2026-08-08,0,15,2.0,False,7
random_4,2026-08-09,0,12,1.0,True,8
random_4,2026-08-10,0,11,1.0,False,9
random_4,2026-08-11,0,17,3.0,True,10
random_4,2026-08-12,0,9,-1.0,False,11
random_4,2026-08-13,0,4,-3.0,True,12
random_4,2026-08-14,0,10,-1.0,True,13
random_4,2026-08-15,0,1,-1.0,False,14
random_4,2026-08-16,0,6,0.0,True,15
random_4,2026-08-17,0,19,2.0,False,16
random_4,2026-08-18,0,7,-1.0,False,17
random_4,2026-08-19,0,2,3.0,True,18
random_4,2026-08-20,0,4,-0.0,False,19
random_4,2026-08-21,0,11,1.0,True,20
random_4,2026-08-22,0,17,2.0,False,21
random_4,2026-08-23,0,9,0.0,True,22
random_4,2026-08-24,0,12,3.0,False,23
random_4,2026-08-25,0,2,-2.0,False,24
random_4,2026-08-26,0,7,-1.0,True,25
random_4,2026-08-27,0,6,4.0,False,26
random_4,2026-08-28,0,19,-3.0,True,27
random_4,2026-08-29,0,16,1.0,True,28
random_4,2026-08-30,0,3,1.0,False,29
random_4,2026-08-31,0,14,1.0,True,30
random_4,2026-09-01,0,8,1.0,False,31
random_4,2026-09-02,0,1,1.0,True,32
random_4,2026-09-03,0,10,4.0,False,33
random_4,2026-09-04,0,15,-2.0,True,34
random_4,2026-09-05,0,18,-1.0,False,35
random_4,2026-09-06,0,5,0.0,True,36
random_4,2026-09-07,0,13,-0.0,False,37
random_4,2026-08-01,1,6,3.0,True,0
random_4,2026-08-02,1,2,1.0,False,1
random_4,2026-08-03,1,5,-2.0,True,2
random_4,2026-08-04,1,18,-0.0,False,3
random_4,2026-08-05,1,4,1.0,False,4
random_4,2026-08-06,1,12,2.0,True,5
random_4,2026-08-07,1,17,-2.0,False,6
random_4,2026-08-08,1,8,0.0,True,7
random_4,2026-08-09,1,13,-0.0,False,8
random_4,2026-08-10,1,10,-2.0,True,9
random_4,2026-08-11,1,16,-1.0,False,10
random_4,2026-08-12,1,14,1.0,True,11
random_4,2026-08-13,1,3,-1.0,False,12
random_4,2026-08-14,1,19,1.0,False,13
random_4,2026-08-15,1,0,1.0,True,14
random_4,2026-08-16,1,15,0.0,True,15
random_4,2026-08-17,1,7,-0.0,False,16
random_4,2026-08-18,1,9,2.0,False,17
random_4,2026-08-19,1,11,2.0,True,18
random_4,2026-08-20,1,3,4.0,True,19
random_4,2026-08-21,1,10,1.0,False,20
random_4,2026-08-22,1,16,-1.0,True,21
random_4,2026-08-23,1,14,-2.0,False,22
random_4,2026-08-24,1,13,0.0,True,23
random_4,2026-08-25,1,11,3.0,False,24
random_4,2026-08-26,1,9,1.0,True,25
random_4,2026-08-27,1,15,-0.0,False,26
random_4,2026-08-28,1,7,1.0,True,27
random_4,2026-08-29,1,5,-2.0,False,28
random_4,2026-08-30,1,18,2.0,True,29
random_4,2026-08-31,1,6,3.0,False,30
random_4,2026-09-01,1,2,1.0,True,31
random_4,2026-09-02,1,0,-1.0,False,32
random_4,2026-09-03,1,19,-1.0,True,33
random_4,2026-09-04,1,12,3.0,False,34
random_4,2026-09-05,1,17,2.0,True,35
random_4,2026-09-06,1,8,1.0,False,36
random_4,2026-09-07,1,4,0.0,True,37
random_4,2026-08-01,2,4,-7.0,False,0
random_4,2026-08-02,2,1,-1.0,True,1
random_4,2026-08-03,2,10,2.0,False,2
random_4,2026-08-04,2,17,3.0,True,3
random_4,2026-08-05,2,19,-0.0,False,4
random_4,2026-08-06,2,3,0.0,True,5
random_4,2026-08-07,2,16,-0.0,False,6
random_4,2026-08-08,2,14,-3.0,True,7
random_4,2026-08-09,2,9,2.0,True,8
random_4,2026-08-10,2,15,3.0,False,9
random_4,2026-08-11,2,18,0.0,True,10
random_4,2026-08-12,2,11,1.0,False,11
random_4,2026-08-13,2,8,4.0,True,12
random_4,2026-08-14,2,7,1.0,True,13
random_4,2026-08-15,2,6,-1.0,False,14
random_4,2026-08-16,2,5,2.0,False,15
random_4,2026-08-17,2,12,1.0,True,16
random_4,2026-08-18,2,13,-1.0,True,17
random_4,2026-08-19,2,0,-3.0,False,18
random_4,2026-08-20,2,8,-2.0,False,19
random_4,2026-08-21,2,15,0.0,True,20
random_4,2026-08-22,2,9,-1.0,False,21
random_4,2026-08-23,2,11,1.0,True,22
random_4,2026-08-24,2,18,-1.0,False,23
random_4,2026-08-25,2,0,2.0,True,24
random_4,2026-08-26,2,12,2.0,False,25
random_4,2026-08-27,2,5,-4.0,True,26
random_4,2026-08-28,2,13,-0.0,False,27
random_4,2026-08-29,2,10,1.0,True,28
random_4,2026-08-30,2,17,1.0,False,29
random_4,2026-08-31,2,4,-1.0,True,30
random_4,2026-09-01,2,1,-1.0,False,31
random_4,2026-09-02,2,6,3.0,True,32
random_4,2026-09-03,2,7,-1.0,False,33
random_4,2026-09-04,2,3,-1.0,False,34
random_4,2026-09-05,2,16,-1.0,True,35
random_4,2026-09-06,2,14,-3.0,False,36
random_4,2026-09-07,2,19,-5.0,True,37
random_4,2026-08-01,3,19,3.0,True,0
random_4,2026-08-02,3,12,-0.0,False,1
random_4,2026-08-03,3,18,-2.0,True,2
random_4,2026-08-04,3,0,1.0,False,3
random_4,2026-08-05,3,5,-2.0,True,4
random_4,2026-08-06,3,2,-0.0,False,5
random_4,2026-08-07,3,13,-2.0,True,6
random_4,2026-08-08,3,10,1.0,False,7
random_4,2026-08-09,3,17,-1.0,True,8
random_4,2026-08-10,3,4,1.0,False,9
random_4,2026-08-11,3,8,3.0,True,10
random_4,2026-08-12,3,15,1.0,False,11
random_4,2026-08-13,3,1,1.0,True,12
random_4,2026-08-14,3,14,1.0,True,13
random_4,2026-08-15,3,9,-2.0,False,14
random_4,2026-08-16,3,16,-1.0,True,15
random_4,2026-08-17,3,11,1.0,False,16
random_4,2026-08-18,3,6,-0.0,False,17
random_4,2026-08-19,3,7,1.0,True,18
random_4,2026-08-20,3,1,-4.0,False,19
random_4,2026-08-21,3,4,1.0,True,20
random_4,2026-08-22,3,8,-0.0,False,21
random_4,2026-08-23,3,15,-1.0,True,22
random_4,2026-08-24,3,17,-0.0,False,23
random_4,2026-08-25,3,7,-2.0,False,24
random_4,2026-08-26,3,6,0.0,True,25
random_4,2026-08-27,3,16,-4.0,False,26
random_4,2026-08-28,3,11,3.0,True,27
random_4,2026-08-29,3,18,1.0,False,28
random_4,2026-08-30,3,0,-1.0,True,29
random_4,2026-08-31,3,19,1.0,False,30
random_4,2026-09-01,3,12,-3.0,True,31
random_4,2026-09-02,3,9,-1.0,True,32
random_4,2026-09-03,3,14,2.0,False,33
random_4,2026-09-04,3,2,1.0,True,34
random_4,2026-09-05,3,13,-1.0,False,35
random_4,2026-09-06,3,10,0.0,True,36
random_4,2026-09-07,3,5,-0.0,False,37
random_4,2026-08-01,4,2,7.0,True,0
random_4,2026-08-02,4,5,-1.0,False,1
random_4,2026-08-03,4,12,1.0,True,2
random_4,2026-08-04,4,6,-2.0,False,3
random_4,2026-08-05,4,1,-1.0,True,4
random_4,2026-08-06,4,18,1.0,False,5
random_4,2026-08-07,4,7,1.0,True,6
random_4,2026-08-08,4,13,-3.0,False,7
random_4,2026-08-09,4,14,-4.0,False,8
random_4,2026-08-10,4,3,-1.0,True,9
random_4,2026-08-11,4,10,1.0,False,10
random_4,2026-08-12,4,16,-2.0,True,11
random_4,2026-08-13,4,0,3.0,False,12
random_4,2026-08-14,4,17,1.0,False,13
random_4,2026-08-15,4,8,-3.0,True,14
random_4,2026-08-16,4,11,4.0,True,15
random_4,2026-08-17,4,9,-2.0,False,16
random_4,2026-08-18,4,19,1.0,False,17
random_4,2026-08-19,4,15,-1.0,True,18
random_4,2026-08-20,4,0,0.0,True,19
random_4,2026-08-21,4,3,-1.0,False,20
random_4,2026-08-22,4,14,0.0,True,21
random_4,2026-08-23,4,16,-0.0,False,22
random_4,2026-08-24,4,10,-1.0,True,23
random_4,2026-08-25,4,15,-0.0,False,24
random_4,2026-08-26,4,19,0.0,True,25
random_4,2026-08-27,4,11,3.0,False,26
random_4,2026-08-28,4,9,-1.0,True,27
random_4,2026-08-29,4,12,-2.0,False,28
random_4,2026-08-30,4,6,1.0,True,29
random_4,2026-08-31,4,2,1.0,False,30
random_4,2026-09-01,4,5,0.0,True,31
random_4,2026-09-02,4,8,-2.0,False,32
random_4,2026-09-03,4,17,-1.0,True,33
random_4,2026-09-04,4,18,1.0,True,34
random_4,2026-09-05,4,7,-1.0,False,35
random_4,2026-09-06,4,13,2.0,True,36
random_4,2026-09-07,4,1,-0.0,False,37
random_4,2026-08-01,5,9,-0.0,False,0
random_4,2026-08-02,5,4,1.0,True,1
random_4,2026-08-03,5,1,2.0,False,2
random_4,2026-08-04,5,10,2.0,True,3
random_4,2026-08-05,5,3,2.0,False,4
random_4,2026-08-06,5,0,1.0,True,5
random_4,2026-08-07,5,8,3.0,False,6
random_4,2026-08-08,5,19,-2.0,True,7
random_4,2026-08-09,5,15,1.0,True,8
random_4,2026-08-10,5,18,-1.0,False,9
random_4,2026-08-11,5,12,0.0,True,10
random_4,2026-08-12,5,17,-1.0,False,11
random_4,2026-08-13,5,7,2.0,True,12
random_4,2026-08-14,5,13,-1.0,True,13
random_4,2026-08-15,5,14,-1.0,False,14
random_4,2026-08-16,5,2,-2.0,True,15
random_4,2026-08-17,5,6,1.0,False,16
random_4,2026-08-18,5,11,-2.0,False,17
random_4,2026-08-19,5,16,3.0,True,18
random_4,2026-08-20,5,7,-1.0,False,19
random_4,2026-08-21,5,18,-3.0,True,20
random_4,2026-08-22,5,12,-3.0,False,21
random_4,2026-08-23,5,17,-1.0,True,22
random_4,2026-08-24,5,15,-3.0,False,23
random_4,2026-08-25,5,16,1.0,False,24
random_4,2026-08-26,5,11,1.0,True,25
random_4,2026-08-27,5,2,4.0,False,26
random_4,2026-08-28,5,6,2.0,True,27
random_4,2026-08-29,5,1,2.0,True,28
random_4,2026-08-30,5,10,2.0,False,29
random_4,2026-08-31,5,9,-1.0,True,30
random_4,2026-09-01,5,4,-0.0,False,31
random_4,2026-09-02,5,14,0.0,True,32
random_4,2026-09-03,5,13,4.0,False,33
random_4,2026-09-04,5,19,-1.0,False,34
random_4,2026-09-05,5,8,1.0,True,35
random_4,2026-09-06,5,0,-0.0,False,36
random_4,2026-09-07,5,3,0.0,True,37
random_4,2026-08-01,6,1,-3.0,False,0
random_4,2026-08-02,6,10,0.0,True,1
random_4,2026-08-03,6,14,1.0,False,2
random_4,2026-08-04,6,4,2.0,True,3
random_4,2026-08-05,6,17,1.0,False,4
random_4,2026-08-06,6,16,1.0,True,5
random_4,2026-08-07,6,19,1.0,False,6
random_4,2026-08-08,6,9,3.0,True,7
random_4,2026-08-09,6,18,1.0,True,8
random_4,2026-08-10,6,8,1.0,False,9
random_4,2026-08-11,6,7,-2.0,True,10
random_4,2026-08-12,6,12,2.0,False,11
random_4,2026-08-13,6,11,2.0,True,12
random_4,2026-08-14,6,15,-0.0,False,13
random_4,2026-08-15,6,2,1.0,True,14
random_4,2026-08-16,6,0,-0.0,False,15
random_4,2026-08-17,6,5,-1.0,True,16
random_4,2026-08-18,6,3,0.0,True,17
random_4,2026-08-19,6,13,-1.0,False,18
random_4,2026-08-20,6,11,-0.0,False,19
random_4,2026-08-21,6,8,-4.0,True,20
random_4,2026-08-22,6,18,-1.0,False,21
random_4,2026-08-23,6,12,-1.0,True,22
random_4,2026-08-24,6,7,-0.0,False,23
random_4,2026-08-25,6,13,0.0,True,24
random_4,2026-08-26,6,3,-0.0,False,25
random_4,2026-08-27,6,0,-4.0,True,26
random_4,2026-08-28,6,5,-2.0,False,27
random_4,2026-08-29,6,14,0.0,True,28
random_4,2026-08-30,6,4,-1.0,False,29
random_4,2026-08-31,6,1,-3.0,True,30
random_4,2026-09-01,6,10,-2.0,False,31
random_4,2026-09-02,6,2,-3.0,False,32
random_4,2026-09-03,6,15,0.0,True,33
random_4,2026-09-04,6,16,-1.0,False,34
random_4,2026-09-05,6,19,-3.0,True,35
random_4,2026-09-06,6,9,2.0,False,36
random_4,2026-09-07,6,17,1.0,True,37
random_4,2026-08-01,7,8,-1.0,False,0
random_4,2026-08-02,7,14,-1.0,True,1
random_4,2026-08-03,7,9,-0.0,False,2
random_4,2026-08-04,7,11,0.0,True,3
random_4,2026-08-05,7,12,-0.0,False,4
random_4,2026-08-06,7,17,0.0,True,5
random_4,2026-08-07,7,4,-1.0,False,6
random_4,2026-08-08,7,16,-2.0,True,7
random_4,2026-08-09,7,19,-1.0,False,8
random_4,2026-08-10,7,13,2.0,True,9
random_4,2026-08-11,7,6,2.0,False,10
random_4,2026-08-12,7,10,-1.0,True,11
random_4,2026-08-13,7,5,-2.0,False,12
random_4,2026-08-14,7,2,-1.0,False,13
random_4,2026-08-15,7,15,-3.0,True,14
random_4,2026-08-16,7,18,1.0,False,15
random_4,2026-08-17,7,1,0.0,True,16
random_4,2026-08-18,7,0,1.0,True,17
random_4,2026-08-19,7,3,-1.0,False,18
random_4,2026-08-20,7,5,1.0,True,19
random_4,2026-08-21,7,13,-3.0,False,20
random_4,2026-08-22,7,19,-1.0,True,21
random_4,2026-08-23,7,10,-1.0,False,22
random_4,2026-08-24,7,6,0.0,True,23
random_4,2026-08-25,7,3,2.0,True,24
random_4,2026-08-26,7,0,1.0,False,25
random_4,2026-08-27,7,18,1.0,True,26
random_4,2026-08-28,7,1,-1.0,False,27
random_4,2026-08-29,7,9,1.0,True,28
random_4,2026-08-30,7,11,6.0,False,29
random_4,2026-08-31,7,8,-3.0,True,30
random_4,2026-09-01,7,14,-1.0,False,31
random_4,2026-09-02,7,15,-0.0,False,32
random_4,2026-09-03,7,2,1.0,True,33
random_4,2026-09-04,7,17,-1.0,False,34
random_4,2026-09-05,7,4,1.0,True,35
random_4,2026-09-06,7,16,5.0,False,36
random_4,2026-09-07,7,12,1.0,True,37
random_4,2026-08-01,8,7,1.0,True,0
random_4,2026-08-02,8,0,-0.0,False,1
random_4,2026-08-03,8,15,2.0,True,2
random_4,2026-08-04,8,19,2.0,False,3
random_4,2026-08-05,8,11,1.0,True,4
random_4,2026-08-06,8,10,-0.0,False,5
random_4,2026-08-07,8,5,-3.0,True,6
random_4,2026-08-08,8,1,-0.0,False,7
random_4,2026-08-09,8,16,-1.0,False,8
random_4,2026-08-10,8,6,-1.0,True,9
random_4,2026-08-11,8,3,-3.0,False,10
random_4,2026-08-12,8,13,-1.0,True,11
random_4,2026-08-13,8,2,-4.0,False,12
random_4,2026-08-14,8,9,0.0,True,13
random_4,2026-08-15,8,4,3.0,False,14
random_4,2026-08-16,8,17,-1.0,False,15
random_4,2026-08-17,8,18,0.0,True,16
random_4,2026-08-18,8,14,-1.0,True,17
random_4,2026-08-19,8,12,-1.0,False,18
random_4,2026-08-20,8,2,2.0,True,19
random_4,2026-08-21,8,6,4.0,False,20
random_4,2026-08-22,8,3,0.0,True,21
random_4,2026-08-23,8,13,2.0,False,22
random_4,2026-08-24,8,16,-4.0,True,23
random_4,2026-08-25,8,12,0.0,True,24
random_4,2026-08-26,8,18,-1.0,False,25
random_4,2026-08-27,8,17,-1.0,True,26
random_4,2026-08-28,8,14,-3.0,False,27
random_4,2026-08-29,8,15,-1.0,False,28
random_4,2026-08-30,8,19,-2.0,True,29
random_4,2026-08-31,8,7,3.0,False,30
random_4,2026-09-01,8,0,-1.0,True,31
random_4,2026-09-02,8,4,2.0,True,32
random_4,2026-09-03,8,9,-0.0,False,33
random_4,2026-09-04,8,10,-1.0,True,34
random_4,2026-09-05,8,5,-1.0,False,35
random_4,2026-09-06,8,1,-1.0,True,36
random_4,2026-09-07,8,11,3.0,False,37
random_4,2026-08-01,9,5,0.0,True,0
random_4,2026-08-02,9,18,-4.0,False,1
random_4,2026-08-03,9,7,0.0,True,2
random_4,2026-08-04,9,13,-1.0,False,3
random_4,2026-08-05,9,15,-1.0,True,4
random_4,2026-08-06,9,11,-0.0,False,5
random_4,2026-08-07,9,10,1.0,True,6
random_4,2026-08-08,9,6,-3.0,False,7
random_4,2026-08-09,9,2,-2.0,False,8
random_4,2026-08-10,9,16,-3.0,True,9
random_4,2026-08-11,9,14,-0.0,False,10
random_4,2026-08-12,9,0,1.0,True,11
random_4,2026-08-13,9,19,-2.0,False,12
random_4,2026-08-14,9,8,-0.0,False,13
random_4,2026-08-15,9,3,2.0,True,14
random_4,2026-08-16,9,12,-1.0,False,15
random_4,2026-08-17,9,4,2.0,True,16
random_4,2026-08-18,9,1,-2.0,True,17
random_4,2026-08-19,9,17,-0.0,False,18
random_4,2026-08-20,9,19,-1.0,True,19
random_4,2026-08-21,9,16,-1.0,False,20
random_4,2026-08-22,9,2,1.0,True,21
random_4,2026-08-23,9,0,-0.0,False,22
random_4,2026-08-24,9,14,1.0,True,23
random_4,2026-08-25,9,17,-1.0,True,24
random_4,2026-08-26,9,1,-1.0,False,25
random_4,2026-08-27,9,12,-1.0,True,26
random_4,2026-08-28,9,4,1.0,False,27
random_4,2026-08-29,9,7,-1.0,False,28
random_4,2026-08-30,9,13,-1.0,True,29
random_4,2026-08-31,9,5,1.0,False,30
random_4,2026-09-01,9,18,2.0,True,31
random_4,2026-09-02,9,3,1.0,False,32
random_4,2026-09-03,9,8,0.0,True,33
random_4,2026-09-04,9,11,-2.0,True,34
random_4,2026-09-05,9,10,2.0,False,35
random_4,2026-09-06,9,6,-2.0,True,36
random_4,2026-09-07,9,15,3.0,False,37
random_4,2026-08-01,10,15,-1.0,True,0
random_4,2026-08-02,10,6,-0.0,False,1
random_4,2026-08-03,10,2,-2.0,True,2
random_4,2026-08-04,10,5,-2.0,False,3
random_4,2026-08-05,10,16,-1.0,False,4
random_4,2026-08-06,10,8,0.0,True,5
random_4,2026-08-07,10,9,-1.0,False,6
random_4,2026-08-08,10,3,-1.0,True,7
random_4,2026-08-09,10,11,0.0,True,8
random_4,2026-08-10,10,1,2.0,False,9
random_4,2026-08-11,10,4,-1.0,True,10
random_4,2026-08-12,10,7,1.0,False,11
random_4,2026-08-13,10,17,-1.0,True,12
random_4,2026-08-14,10,0,1.0,False,13
random_4,2026-08-15,10,19,2.0,True,14
random_4,2026-08-16,10,14,-5.0,False,15
random_4,2026-08-17,10,13,2.0,True,16
random_4,2026-08-18,10,12,-2.0,True,17
random_4,2026-08-19,10,18,-3.0,False,18
random_4,2026-08-20,10,17,1.0,False,19
random_4,2026-08-21,10,1,-1.0,True,20
random_4,2026-08-22,10,11,1.0,False,21
random_4,2026-08-23,10,7,1.0,True,22
random_4,2026-08-24,10,4,1.0,False,23
random_4,2026-08-25,10,18,4.0,True,24
random_4,2026-08-26,10,13,-2.0,False,25
random_4,2026-08-27,10,14,-1.0,True,26
random_4,2026-08-28,10,12,-2.0,False,27
random_4,2026-08-29,10,2,-1.0,False,28
random_4,2026-08-30,10,5,-2.0,True,29
random_4,2026-08-31,10,15,-3.0,False,30
random_4,2026-09-01,10,6,2.0,True,31
random_4,2026-09-02,10,19,-2.0,False,32
random_4,2026-09-03,10,0,-4.0,True,33
random_4,2026-09-04,10,8,1.0,False,34
random_4,2026-09-05,10,9,-2.0,True,35
random_4,2026-09-06,10,3,-0.0,False,36
random_4,2026-09-07,10,16,-1.0,True,37
random_4,2026-08-01,11,18,0.0,True,0
random_4,2026-08-02,11,15,-0.0,False,1
random_4,2026-08-03,11,13,-3.0,True,2
random_4,2026-08-04,11,7,-0.0,False,3
random_4,2026-08-05,11,8,-1.0,False,4
random_4,2026-08-06,11,9,0.0,True,5
random_4,2026-08-07,11,14,4.0,False,6
random_4,2026-08-08,11,17,1.0,True,7
random_4,2026-08-09,11,10,-0.0,False,8
random_4,2026-08-10,11,0,-1.0,True,9
random_4,2026-08-11,11,19,1.0,False,10
random_4,2026-08-12,11,2,-1.0,True,11
random_4,2026-08-13,11,6,-2.0,False,12
random_4,2026-08-14,11,12,-1.0,False,13
random_4,2026-08-15,11,16,-2.0,True,14
random_4,2026-08-16,11,4,-4.0,False,15
random_4,2026-08-17,11,3,-1.0,True,16
random_4,2026-08-18,11,5,2.0,True,17
random_4,2026-08-19,11,1,-2.0,False,18
random_4,2026-08-20,11,6,0.0,True,19
random_4,2026-08-21,11,0,-1.0,False,20
random_4,2026-08-22,11,10,-1.0,True,21
random_4,2026-08-23,11,2,-1.0,False,22
random_4,2026-08-24,11,19,4.0,True,23
random_4,2026-08-25,11,1,-3.0,True,24
random_4,2026-08-26,11,5,-1.0,False,25
random_4,2026-08-27,11,4,-3.0,True,26
random_4,2026-08-28,11,3,-3.0,False,27
random_4,2026-08-29,11,13,-0.0,False,28
random_4,2026-08-30,11,7,-6.0,True,29
random_4,2026-08-31,11,18,1.0,False,30
random_4,2026-09-01,11,15,0.0,True,31
random_4,2026-09-02,11,16,1.0,False,32
random_4,2026-09-03,11,12,0.0,True,33
random_4,2026-09-04,11,9,2.0,False,34
random_4,2026-09-05,11,14,0.0,True,35
random_4,2026-09-06,11,17,-0.0,False,36
random_4,2026-09-07,11,8,-3.0,True,37
random_4,2026-08-01,12,17,-1.0,False,0
random_4,2026-08-02,12,3,0.0,True,1
random_4,2026-08-03,12,4,-1.0,False,2
random_4,2026-08-04,12,16,-1.0,True,3
random_4,2026-08-05,12,7,0.0,True,4
random_4,2026-08-06,12,1,-2.0,False,5
random_4,2026-08-07,12,15,0.0,True,6
random_4,2026-08-08,12,18,-2.0,False,7
random_4,2026-08-09,12,0,-1.0,False,8
random_4,2026-08-10,12,19,0.0,True,9
random_4,2026-08-11,12,5,-0.0,False,10
random_4,2026-08-12,12,6,-2.0,True,11
random_4,2026-08-13,12,14,1.0,False,12
random_4,2026-08-14,12,11,1.0,True,13
random_4,2026-08-15,12,13,6.0,False,14
random_4,2026-08-16,12,9,1.0,True,15
random_4,2026-08-17,12,2,-1.0,False,16
random_4,2026-08-18,12,10,2.0,False,17
random_4,2026-08-19,12,8,1.0,True,18
random_4,2026-08-20,12,14,2.0,True,19
random_4,2026-08-21,12,19,-2.0,False,20
random_4,2026-08-22,12,5,3.0,True,21
random_4,2026-08-23,12,6,1.0,False,22
random_4,2026-08-24,12,0,-3.0,True,23
random_4,2026-08-25,12,8,-0.0,False,24
random_4,2026-08-26,12,2,-2.0,True,25
random_4,2026-08-27,12,9,1.0,False,26
random_4,2026-08-28,12,10,2.0,True,27
random_4,2026-08-29,12,4,2.0,True,28
random_4,2026-08-30,12,16,1.0,False,29
random_4,2026-08-31,12,17,-4.0,True,30
random_4,2026-09-01,12,3,3.0,False,31
random_4,2026-09-02,12,13,-1.0,True,32
random_4,2026-09-03,12,11,-0.0,False,33
random_4,2026-09-04,12,1,-3.0,True,34
random_4,2026-09-05,12,15,2.0,False,35
random_4,2026-09-06,12,18,4.0,True,36
random_4,2026-09-07,12,7,-1.0,False,37
random_4,2026-08-01,13,16,-1.0,False,0
random_4,2026-08-02,13,17,3.0,True,1
random_4,2026-08-03,13,11,3.0,False,2
random_4,2026-08-04,13,9,1.0,True,3
random_4,2026-08-05,13,0,-0.0,False,4
random_4,2026-08-06,13,14,1.0,True,5
random_4,2026-08-07,13,3,2.0,False,6
random_4,2026-08-08,13,4,3.0,True,7
random_4,2026-08-09,13,1,0.0,True,8
random_4,2026-08-10,13,7,-2.0,False,9
random_4,2026-08-11,13,15,-1.0,True,10
random_4,2026-08-12,13,8,1.0,False,11
random_4,2026-08-13,13,18,0.0,True,12
random_4,2026-08-14,13,5,1.0,False,13
random_4,2026-08-15,13,12,-6.0,True,14
random_4,2026-08-16,13,19,-1.0,True,15
random_4,2026-08-17,13,10,-2.0,False,16
random_4,2026-08-18,13,2,1.0,False,17
random_4,2026-08-19,13,6,1.0,True,18
random_4,2026-08-20,13,18,2.0,False,19
random_4,2026-08-21,13,7,3.0,True,20
random_4,2026-08-22,13,15,2.0,False,21
random_4,2026-08-23,13,8,-2.0,True,22
random_4,2026-08-24,13,1,-0.0,False,23
random_4,2026-08-25,13,6,-0.0,False,24
random_4,2026-08-26,13,10,2.0,True,25
random_4,2026-08-27,13,19,-0.0,False,26
random_4,2026-08-28,13,2,0.0,True,27
random_4,2026-08-29,13,11,0.0,True,28
random_4,2026-08-30,13,9,1.0,False,29
random_4,2026-08-31,13,16,0.0,True,30
random_4,2026-09-01,13,17,1.0,False,31
random_4,2026-09-02,13,12,1.0,False,32
random_4,2026-09-03,13,5,-4.0,True,33
random_4,2026-09-04,13,14,-1.0,False,34
random_4,2026-09-05,13,3,1.0,True,35
random_4,2026-09-06,13,4,-2.0,False,36
random_4,2026-09-07,13,0,0.0,True,37
random_4,2026-08-01,14,0,1.0,True,0
random_4,2026-08-02,14,7,1.0,False,1
random_4,2026-08-03,14,6,-1.0,True,2
random_4,2026-08-04,14,15,-1.0,False,3
random_4,2026-08-05,14,18,1.0,True,4
random_4,2026-08-06,14,13,-1.0,False,5
random_4,2026-08-07,14,11,-4.0,True,6
random_4,2026-08-08,14,2,3.0,False,7
random_4,2026-08-09,14,4,4.0,True,8
random_4,2026-08-10,14,17,-1.0,False,9
random_4,2026-08-11,14,9,0.0,True,10
random_4,2026-08-12,14,1,-1.0,False,11
random_4,2026-08-13,14,12,-1.0,True,12
random_4,2026-08-14,14,3,-1.0,False,13
random_4,2026-08-15,14,5,1.0,True,14
random_4,2026-08-16,14,10,5.0,True,15
random_4,2026-08-17,14,16,1.0,False,16
random_4,2026-08-18,14,8,1.0,False,17
random_4,2026-08-19,14,19,-1.0,True,18
random_4,2026-08-20,14,12,-2.0,False,19
random_4,2026-08-21,14,17,2.0,True,20
random_4,2026-08-22,14,4,-0.0,False,21
random_4,2026-08-23,14,1,2.0,True,22
random_4,2026-08-24,14,9,-1.0,False,23
random_4,2026-08-25,14,19,2.0,False,24
random_4,2026-08-26,14,16,0.0,True,25
random_4,2026-08-27,14,10,1.0,False,26
random_4,2026-08-28,14,8,3.0,True,27
random_4,2026-08-29,14,6,-0.0,False,28
random_4,2026-08-30,14,15,0.0,True,29
random_4,2026-08-31,14,0,-1.0,False,30
random_4,2026-09-01,14,7,1.0,True,31
random_4,2026-09-02,14,5,-0.0,False,32
random_4,2026-09-03,14,3,-2.0,True,33
random_4,2026-09-04,14,13,1.0,True,34
random_4,2026-09-05,14,11,-0.0,False,35
random_4,2026-09-06,14,2,3.0,True,36
random_4,2026-09-07,14,18,-3.0,False,37
random_4,2026-08-01,15,10,1.0,False,0
random_4,2026-08-02,15,11,0.0,True,1
random_4,2026-08-03,15,8,-2.0,False,2
random_4,2026-08-04,15,14,1.0,True,3
random_4,2026-08-05,15,9,1.0,False,4
random_4,2026-08-06,15,19,2.0,True,5
random_4,2026-08-07,15,12,-0.0,False,6
random_4,2026-08-08,15,0,-2.0,True,7
random_4,2026-08-09,15,5,-1.0,False,8
random_4,2026-08-10,15,2,-3.0,True,9
random_4,2026-08-11,15,13,1.0,False,10
random_4,2026-08-12,15,3,-1.0,True,11
random_4,2026-08-13,15,16,-4.0,False,12
random_4,2026-08-14,15,6,0.0,True,13
random_4,2026-08-15,15,7,3.0,False,14
random_4,2026-08-16,15,1,-0.0,False,15
random_4,2026-08-17,15,17,0.0,True,16
random_4,2026-08-18,15,18,-5.0,True,17
random_4,2026-08-19,15,4,1.0,False,18
random_4,2026-08-20,15,16,0.0,True,19
random_4,2026-08-21,15,2,-0.0,False,20
random_4,2026-08-22,15,13,-2.0,True,21
random_4,2026-08-23,15,3,1.0,False,22
random_4,2026-08-24,15,5,3.0,True,23
random_4,2026-08-25,15,4,0.0,True,24
random_4,2026-08-26,15,17,-2.0,False,25
random_4,2026-08-27,15,1,0.0,True,26
random_4,2026-08-28,15,18,-0.0,False,27
random_4,2026-08-29,15,8,1.0,True,28
random_4,2026-08-30,15,14,-0.0,False,29
random_4,2026-08-31,15,10,3.0,True,30
random_4,2026-09-01,15,11,-0.0,False,31
random_4,2026-09-02,15,7,0.0,True,32
random_4,2026-09-03,15,6,-0.0,False,33
random_4,2026-09-04,15,0,2.0,False,34
random_4,2026-09-05,15,12,-2.0,True,35
random_4,2026-09-06,15,19,1.0,False,36
random_4,2026-09-07,15,9,-3.0,True,37
random_4,2026-08-01,16,13,1.0,True,0
random_4,2026-08-02,16,19,3.0,False,1
random_4,2026-08-03,16,0,0.0,True,2
random_4,2026-08-04,16,12,1.0,False,3
random_4,2026-08-05,16,10,1.0,True,4
random_4,2026-08-06,16,6,-1.0,False,5
random_4,2026-08-07,16,2,0.0,True,6
random_4,2026-08-08,16,7,2.0,False,7
random_4,2026-08-09,16,8,1.0,True,8
random_4,2026-08-10,16,9,3.0,False,9
random_4,2026-08-11,16,1,1.0,True,10
random_4,2026-08-12,16,4,2.0,False,11
random_4,2026-08-13,16,15,4.0,True,12
random_4,2026-08-14,16,18,2.0,True,13
random_4,2026-08-15,16,11,2.0,False,14
random_4,2026-08-16,16,3,1.0,False,15
random_4,2026-08-17,16,14,-1.0,True,16
random_4,2026-08-18,16,17,0.0,True,17
random_4,2026-08-19,16,5,-3.0,False,18
random_4,2026-08-20,16,15,-0.0,False,19
random_4,2026-08-21,16,9,1.0,True,20
random_4,2026-08-22,16,1,1.0,False,21
random_4,2026-08-23,16,4,0.0,True,22
random_4,2026-08-24,16,8,4.0,False,23
random_4,2026-08-25,16,5,-1.0,True,24
random_4,2026-08-26,16,14,-0.0,False,25
random_4,2026-08-27,16,3,4.0,True,26
random_4,2026-08-28,16,17,4.0,False,27
random_4,2026-08-29,16,0,-1.0,False,28
random_4,2026-08-30,16,12,-1.0,True,29
random_4,2026-08-31,16,13,-0.0,False,30
random_4,2026-09-01,16,19,1.0,True,31
random_4,2026-09-02,16,11,-1.0,True,32
random_4,2026-09-03,16,18,-1.0,False,33
random_4,2026-09-04,16,6,1.0,True,34
random_4,2026-09-05,16,2,1.0,False,35
random_4,2026-09-06,16,7,-5.0,True,36
random_4,2026-09-07,16,10,1.0,False,37
random_4,2026-08-01,17,12,1.0,True,0
random_4,2026-08-02,17,13,-3.0,False,1
random_4,2026-08-03,17,19,0.0,True,2
random_4,2026-08-04,17,2,-3.0,False,3
random_4,2026-08-05,17,6,-1.0,True,4
random_4,2026-08-06,17,7,-0.0,False,5
random_4,2026-08-07,17,1,2.0,True,6
random_4,2026-08-08,17,11,-1.0,False,7
random_4,2026-08-09,17,3,1.0,False,8
random_4,2026-08-10,17,14,1.0,True,9
random_4,2026-08-11,17,0,-3.0,False,10
random_4,2026-08-12,17,5,1.0,True,11
random_4,2026-08-13,17,10,1.0,False,12
random_4,2026-08-14,17,4,-1.0,True,13
random_4,2026-08-15,17,18,2.0,False,14
random_4,2026-08-16,17,8,1.0,True,15
random_4,2026-08-17,17,15,-0.0,False,16
random_4,2026-08-18,17,16,-0.0,False,17
random_4,2026-08-19,17,9,0.0,True,18
random_4,2026-08-20,17,10,-1.0,True,19
random_4,2026-08-21,17,14,-2.0,False,20
random_4,2026-08-22,17,0,-2.0,True,21
random_4,2026-08-23,17,5,1.0,False,22
random_4,2026-08-24,17,3,0.0,True,23
random_4,2026-08-25,17,9,1.0,False,24
random_4,2026-08-26,17,15,2.0,True,25
random_4,2026-08-27,17,8,1.0,False,26
random_4,2026-08-28,17,16,-4.0,True,27
random_4,2026-08-29,17,19,1.0,False,28
random_4,2026-08-30,17,2,-1.0,True,29
random_4,2026-08-31,17,12,4.0,False,30
random_4,2026-09-01,17,13,-1.0,True,31
random_4,2026-09-02,17,18,0.0,True,32
random_4,2026-09-03,17,4,1.0,False,33
random_4,2026-09-04,17,7,1.0,True,34
random_4,2026-09-05,17,1,-2.0,False,35
random_4,2026-09-06,17,11,0.0,True,36
random_4,2026-09-07,17,6,-1.0,False,37
random_4,2026-08-01,18,11,-0.0,False,0
random_4,2026-08-02,18,9,4.0,True,1
random_4,2026-08-03,18,3,2.0,False,2
random_4,2026-08-04,18,1,0.0,True,3
random_4,2026-08-05,18,14,-1.0,False,4
random_4,2026-08-06,18,4,-1.0,True,5
random_4,2026-08-07,18,0,-2.0,False,6
random_4,2026-08-08,18,12,2.0,True,7
random_4,2026-08-09,18,6,-1.0,False,8
random_4,2026-08-10,18,5,1.0,True,9
random_4,2026-08-11,18,2,-0.0,False,10
random_4,2026-08-12,18,19,3.0,True,11
random_4,2026-08-13,18,13,-0.0,False,12
random_4,2026-08-14,18,16,-2.0,False,13
random_4,2026-08-15,18,17,-2.0,True,14
random_4,2026-08-16,18,7,-1.0,True,15
random_4,2026-08-17,18,8,-0.0,False,16
random_4,2026-08-18,18,15,5.0,False,17
random_4,2026-08-19,18,10,3.0,True,18
random_4,2026-08-20,18,13,-2.0,True,19
random_4,2026-08-21,18,5,3.0,False,20
random_4,2026-08-22,18,6,1.0,True,21
random_4,2026-08-23,18,19,-1.0,False,22
random_4,2026-08-24,18,2,1.0,True,23
random_4,2026-08-25,18,10,-4.0,False,24
random_4,2026-08-26,18,8,1.0,True,25
random_4,2026-08-27,18,7,-1.0,False,26
random_4,2026-08-28,18,15,0.0,True,27
random_4,2026-08-29,18,3,-1.0,True,28
random_4,2026-08-30,18,1,-2.0,False,29
random_4,2026-08-31,18,11,-1.0,True,30
random_4,2026-09-01,18,9,-2.0,False,31
random_4,2026-09-02,18,17,-0.0,False,32
random_4,2026-09-03,18,16,1.0,True,33
random_4,2026-09-04,18,4,-1.0,False,34
random_4,2026-09-05,18,0,1.0,True,35
random_4,2026-09-06,18,12,-4.0,False,36
random_4,2026-09-07,18,14,3.0,True,37
random_4,2026-08-01,19,3,-3.0,False,0
random_4,2026-08-02,19,16,-3.0,True,1
random_4,2026-08-03,19,17,-0.0,False,2
random_4,2026-08-04,19,8,-2.0,True,3
random_4,2026-08-05,19,2,0.0,True,4
random_4,2026-08-06,19,15,-2.0,False,5
random_4,2026-08-07,19,6,-1.0,True,6
random_4,2026-08-08,19,5,2.0,False,7
random_4,2026-08-09,19,7,1.0,True,8
random_4,2026-08-10,19,12,-0.0,False,9
random_4,2026-08-11,19,11,-1.0,True,10
random_4,2026-08-12,19,18,-3.0,False,11
random_4,2026-08-13,19,9,2.0,True,12
random_4,2026-08-14,19,1,-1.0,True,13
random_4,2026-08-15,19,10,-2.0,False,14
random_4,2026-08-16,19,13,1.0,False,15
random_4,2026-08-17,19,0,-2.0,True,16
random_4,2026-08-18,19,4,-1.0,True,17
random_4,2026-08-19,19,14,1.0,False,18
random_4,2026-08-20,19,9,1.0,False,19
random_4,2026-08-21,19,12,2.0,True,20
random_4,2026-08-22,19,7,1.0,False,21
random_4,2026-08-23,19,18,1.0,True,22
random_4,2026-08-24,19,11,-4.0,False,23
random_4,2026-08-25,19,14,-2.0,True,24
random_4,2026-08-26,19,4,-0.0,False,25
random_4,2026-08-27,19,13,0.0,True,26
random_4,2026-08-28,19,0,3.0,False,27
random_4,2026-08-29,19,17,-1.0,True,28
random_4,2026-08-30,19,8,2.0,False,29
random_4,2026-08-31,19,3,-1.0,True,30
random_4,2026-09-01,19,16,-1.0,False,31
random_4,2026-09-02,19,10,2.0,True,32
random_4,2026-09-03,19,1,1.0,False,33
random_4,2026-09-04,19,5,1.0,True,34
random_4,2026-09-05,19,6,3.0,False,35
random_4,2026-09-06,19,15,-1.0,True,36
random_4,2026-09-07,19,2,5.0,False,37
random_5,2026-08-01,0,14,1.0,False,0
random_5,2026-08-02,0,8,2.0,True,1
random_5,2026-08-03,0,16,1.0,False,2
random_5,2026-08-04,0,3,1.0,True,3
random_5,2026-08-05,0,13,1.0,True,4
random_5,2026-08-06,0,5,2.0,False,5
random_5,2026-08-07,0,18,3.0,True,6
random_5,2026-08-08,0,15,-2.0,False,7
random_5,2026-08-09,0,12,1.0,True,8
random_5,2026-08-10,0,11,1.0,False,9
random_5,2026-08-11,0,17,-2.0,True,10
random_5,2026-08-12,0,9,-1.0,False,11
random_5,2026-08-13,0,4,-1.0,True,12
random_5,2026-08-14,0,10,2.0,True,13
random_5,2026-08-15,0,1,-0.0,False,14
random_5,2026-08-16,0,6,-2.0,True,15
random_5,2026-08-17,0,19,1.0,False,16
random_5,2026-08-18,0,7,-3.0,False,17
random_5,2026-08-19,0,2,2.0,True,18
random_5,2026-08-20,0,4,1.0,False,19
random_5,2026-08-21,0,11,-1.0,True,20
random_5,2026-08-22,0,17,2.0,False,21
random_5,2026-08-23,0,9,1.0,True,22
random_5,2026-08-24,0,12,-1.0,False,23
random_5,2026-08-25,0,2,3.0,False,24
random_5,2026-08-26,0,7,1.0,True,25
random_5,2026-08-27,0,6,1.0,False,26
random_5,2026-08-28,0,19,0.0,True,27
random_5,2026-08-29,0,16,0.0,True,28
random_5,2026-08-30,0,3,-4.0,False,29
random_5,2026-08-31,0,14,3.0,True,30
random_5,2026-09-01,0,8,2.0,False,31
random_5,2026-09-02,0,1,-3.0,True,32
random_5,2026-09-03,0,10,5.0,False,33
random_5,2026-09-04,0,15,-2.0,True,34
random_5,2026-09-05,0,18,3.0,False,35
random_5,2026-09-06,0,5,1.0,True,36
random_5,2026-09-07,0,13,-0.0,False,37
random_5,2026-08-01,1,6,-3.0,True,0
random_5,2026-08-02,1,2,-2.0,False,1
random_5,2026-08-03,1,5,1.0,True,2
random_5,2026-08-04,1,18,-2.0,False,3
random_5,2026-08-05,1,4,-1.0,False,4
random_5,2026-08-06,1,12,1.0,True,5
random_5,2026-08-07,1,17,-2.0,False,6
random_5,2026-08-08,1,8,0.0,True,7
random_5,2026-08-09,1,13,1.0,False,8
random_5,2026-08-10,1,10,2.0,True,9
random_5,2026-08-11,1,16,3.0,False,10
random_5,2026-08-12,1,14,-1.0,True,11
random_5,2026-08-13,1,3,-4.0,False,12
random_5,2026-08-14,1,19,-0.0,False,13
random_5,2026-08-15,1,0,0.0,True,14
random_5,2026-08-16,1,15,-1.0,True,15
random_5,2026-08-17,1,7,1.0,False,16
random_5,2026-08-18,1,9,3.0,False,17
random_5,2026-08-19,1,11,-4.0,True,18
random_5,2026-08-20,1,3,-1.0,True,19
random_5,2026-08-21,1,10,-4.0,False,20
random_5,2026-08-22,1,16,1.0,True,21
random_5,2026-08-23,1,14,-1.0,False,22
random_5,2026-08-24,1,13,0.0,True,23
random_5,2026-08-25,1,11,-1.0,False,24
random_5,2026-08-26,1,9,1.0,True,25
random_5,2026-08-27,1,15,-4.0,False,26
random_5,2026-08-28,1,7,2.0,True,27
random_5,2026-08-29,1,5,1.0,False,28
random_5,2026-08-30,1,18,-2.0,True,29
random_5,2026-08-31,1,6,1.0,False,30
random_5,2026-09-01,1,2,-1.0,True,31
random_5,2026-09-02,1,0,3.0,False,32
random_5,2026-09-03,1,19,2.0,True,33
random_5,2026-09-04,1,12,3.0,False,34
random_5,2026-09-05,1,17,-2.0,True,35
random_5,2026-09-06,1,8,2.0,False,36
random_5,2026-09-07,1,4,1.0,True,37
random_5,2026-08-01,2,4,-0.0,False,0
random_5,2026-08-02,2,1,2.0,True,1
random_5,2026-08-03,2,10,-2.0,False,2
random_5,2026-08-04,2,17,0.0,True,3
random_5,2026-08-05,2,19,-0.0,False,4
random_5,2026-08-06,2,3,2.0,True,5
random_5,2026-08-07,2,16,3.0,False,6
random_5,2026-08-08,2,14,3.0,True,7
random_5,2026-08-09,2,9,-2.0,True,8
random_5,2026-08-10,2,15,-0.0,False,9
random_5,2026-08-11,2,18,3.0,True,10
random_5,2026-08-12,2,11,-1.0,False,11
random_5,2026-08-13,2,8,0.0,True,12
random_5,2026-08-14,2,7,-2.0,True,13
random_5,2026-08-15,2,6,3.0,False,14
random_5,2026-08-16,2,5,4.0,False,15
random_5,2026-08-17,2,12,0.0,True,16
random_5,2026-08-18,2,13,2.0,True,17
random_5,2026-08-19,2,0,-2.0,False,18
random_5,2026-08-20,2,8,-0.0,False,19
random_5,2026-08-21,2,15,0.0,True,20
random_5,2026-08-22,2,9,-3.0,False,21
random_5,2026-08-23,2,11,0.0,True,22
random_5,2026-08-24,2,18,1.0,False,23
random_5,2026-08-25,2,0,-3.0,True,24
random_5,2026-08-26,2,12,-2.0,False,25
random_5,2026-08-27,2,5,-2.0,True,26
random_5,2026-08-28,2,13,-1.0,False,27
random_5,2026-08-29,2,10,0.0,True,28
random_5,2026-08-30,2,17,1.0,False,29
random_5,2026-08-31,2,4,2.0,True,30
random_5,2026-09-01,2,1,1.0,False,31
random_5,2026-09-02,2,6,-2.0,True,32
random_5,2026-09-03,2,7,3.0,False,33
random_5,2026-09-04,2,3,-1.0,False,34
random_5,2026-09-05,2,16,0.0,True,35
random_5,2026-09-06,2,14,-3.0,False,36
random_5,2026-09-07,2,19,-2.0,True,37
random_5,2026-08-01,3,19,-3.0,True,0
random_5,2026-08-02,3,12,2.0,False,1
random_5,2026-08-03,3,18,0.0,True,2
random_5,2026-08-04,3,0,-1.0,False,3
random_5,2026-08-05,3,5,-1.0,True,4
random_5,2026-08-06,3,2,-2.0,False,5
random_5,2026-08-07,3,13,-2.0,True,6
random_5,2026-08-08,3,10,-2.0,False,7
random_5,2026-08-09,3,17,2.0,True,8
random_5,2026-08-10,3,4,-1.0,False,9
random_5,2026-08-11,3,8,-3.0,True,10
random_5,2026-08-12,3,15,1.0,False,11
random_5,2026-08-13,3,1,4.0,True,12
random_5,2026-08-14,3,14,-2.0,True,13
random_5,2026-08-15,3,9,-3.0,False,14
random_5,2026-08-16,3,16,-1.0,True,15
random_5,2026-08-17,3,11,-1.0,False,16
random_5,2026-08-18,3,6,-1.0,False,17
random_5,2026-08-19,3,7,-1.0,True,18
random_5,2026-08-20,3,1,1.0,False,19
random_5,2026-08-21,3,4,-1.0,True,20
random_5,2026-08-22,3,8,2.0,False,21
random_5,2026-08-23,3,15,-3.0,True,22
random_5,2026-08-24,3,17,-0.0,False,23
random_5,2026-08-25,3,7,3.0,False,24
random_5,2026-08-26,3,6,-1.0,True,25
random_5,2026-08-27,3,16,1.0,False,26
random_5,2026-08-28,3,11,-5.0,True,27
random_5,2026-08-29,3,18,-1.0,False,28
random_5,2026-08-30,3,0,4.0,True,29
random_5,2026-08-31,3,19,-0.0,False,30
random_5,2026-09-01,3,12,1.0,True,31
random_5,2026-09-02,3,9,-3.0,True,32
random_5,2026-09-03,3,14,1.0,False,33
random_5,2026-09-04,3,2,1.0,True,34
random_5,2026-09-05,3,13,2.0,False,35
random_5,2026-09-06,3,10,0.0,True,36
random_5,2026-09-07,3,5,-2.0,False,37
random_5,2026-08-01,4,2,0.0,True,0
random_5,2026-08-02,4,5,-1.0,False,1
random_5,2026-08-03,4,12,-2.0,True,2
random_5,2026-08-04,4,6,1.0,False,3
random_5,2026-08-05,4,1,1.0,True,4
random_5,2026-08-06,4,18,1.0,False,5
random_5,2026-08-07,4,7,0.0,True,6
random_5,2026-08-08,4,13,-2.0,False,7
random_5,2026-08-09,4,14,-4.0,False,8
random_5,2026-08-10,4,3,1.0,True,9
random_5,2026-08-11,4,10,-1.0,False,10
random_5,2026-08-12,4,16,0.0,True,11
random_5,2026-08-13,4,0,1.0,False,12
random_5,2026-08-14,4,17,-1.0,False,13
random_5,2026-08-15,4,8,1.0,True,14
random_5,2026-08-16,4,11,0.0,True,15
random_5,2026-08-17,4,9,2.0,False,16
random_5,2026-08-18,4,19,-3.0,False,17
random_5,2026-08-19,4,15,0.0,True,18
random_5,2026-08-20,4,0,-1.0,True,19
random_5,2026-08-21,4,3,1.0,False,20
random_5,2026-08-22,4,14,1.0,True,21
random_5,2026-08-23,4,16,-0.0,False,22
random_5,2026-08-24,4,10,2.0,True,23
random_5,2026-08-25,4,15,-0.0,False,24
random_5,2026-08-26,4,19,1.0,True,25
random_5,2026-08-27,4,11,-1.0,False,26
random_5,2026-08-28,4,9,1.0,True,27
random_5,2026-08-29,4,12,1.0,False,28
random_5,2026-08-30,4,6,0.0,True,29
random_5,2026-08-31,4,2,-2.0,False,30
random_5,2026-09-01,4,5,3.0,True,31
random_5,2026-09-02,4,8,-1.0,False,32
random_5,2026-09-03,4,17,0.0,True,33
random_5,2026-09-04,4,18,-1.0,True,34
random_5,2026-09-05,4,7,-4.0,False,35
random_5,2026-09-06,4,13,-3.0,True,36
random_5,2026-09-07,4,1,-1.0,False,37
random_5,2026-08-01,5,9,-1.0,False,0
random_5,2026-08-02,5,4,1.0,True,1
random_5,2026-08-03,5,1,-1.0,False,2
random_5,2026-08-04,5,10,-2.0,True,3
random_5,2026-08-05,5,3,1.0,False,4
random_5,2026-08-06,5,0,-2.0,True,5
random_5,2026-08-07,5,8,-0.0,False,6
random_5,2026-08-08,5,19,-2.0,True,7
random_5,2026-08-09,5,15,-1.0,True,8
random_5,2026-08-10,5,18,-1.0,False,9
random_5,2026-08-11,5,12,2.0,True,10
random_5,2026-08-12,5,17,1.0,False,11
random_5,2026-08-13,5,7,0.0,True,12
random_5,2026-08-14,5,13,-2.0,True,13
random_5,2026-08-15,5,14,-0.0,False,14
random_5,2026-08-16,5,2,-4.0,True,15
random_5,2026-08-17,5,6,-0.0,False,16
random_5,2026-08-18,5,11,-0.0,False,17
random_5,2026-08-19,5,16,2.0,True,18
random_5,2026-08-20,5,7,3.0,False,19
random_5,2026-08-21,5,18,1.0,True,20
random_5,2026-08-22,5,12,-2.0,False,21
random_5,2026-08-23,5,17,0.0,True,22
random_5,2026-08-24,5,15,-0.0,False,23
random_5,2026-08-25,5,16,-0.0,False,24
random_5,2026-08-26,5,11,0.0,True,25
random_5,2026-08-27,5,2,2.0,False,26
random_5,2026-08-28,5,6,-1.0,True,27
random_5,2026-08-29,5,1,-1.0,True,28
random_5,2026-08-30,5,10,1.0,False,29
random_5,2026-08-31,5,9,-2.0,True,30
random_5,2026-09-01,5,4,-3.0,False,31
random_5,2026-09-02,5,14,0.0,True,32
random_5,2026-09-03,5,13,-0.0,False,33
random_5,2026-09-04,5,19,-0.0,False,34
random_5,2026-09-05,5,8,4.0,True,35
random_5,2026-09-06,5,0,-1.0,False,36
random_5,2026-09-07,5,3,2.0,True,37
random_5,2026-08-01,6,1,3.0,False,0
random_5,2026-08-02,6,10,-1.0,True,1
random_5,2026-08-03,6,14,-0.0,False,2
random_5,2026-08-04,6,4,-1.0,True,3
random_5,2026-08-05,6,17,2.0,False,4
random_5,2026-08-06,6,16,-6.0,True,5
random_5,2026-08-07,6,19,2.0,False,6
random_5,2026-08-08,6,9,0.0,True,7
random_5,2026-08-09,6,18,0.0,True,8
random_5,2026-08-10,6,8,-1.0,False,9
random_5,2026-08-11,6,7,3.0,True,10
random_5,2026-08-12,6,12,4.0,False,11
random_5,2026-08-13,6,11,-1.0,True,12
random_5,2026-08-14,6,15,-1.0,False,13
random_5,2026-08-15,6,2,-3.0,True,14
random_5,2026-08-16,6,0,2.0,False,15
random_5,2026-08-17,6,5,0.0,True,16
random_5,2026-08-18,6,3,1.0,True,17
random_5,2026-08-19,6,13,1.0,False,18
random_5,2026-08-20,6,11,-0.0,False,19
random_5,2026-08-21,6,8,1.0,True,20
random_5,2026-08-22,6,18,-0.0,False,21
random_5,2026-08-23,6,12,1.0,True,22
random_5,2026-08-24,6,7,-2.0,False,23
random_5,2026-08-25,6,13,3.0,True,24
random_5,2026-08-26,6,3,1.0,False,25
random_5,2026-08-27,6,0,-1.0,True,26
random_5,2026-08-28,6,5,1.0,False,27
random_5,2026-08-29,6,14,-1.0,True,28
random_5,2026-08-30,6,4,-0.0,False,29
random_5,2026-08-31,6,1,-1.0,True,30
random_5,2026-09-01,6,10,-1.0,False,31
random_5,2026-09-02,6,2,2.0,False,32
random_5,2026-09-03,6,15,0.0,True,33
random_5,2026-09-04,6,16,-5.0,False,34
random_5,2026-09-05,6,19,-2.0,True,35
random_5,2026-09-06,6,9,2.0,False,36
random_5,2026-09-07,6,17,-2.0,True,37
random_5,2026-08-01,7,8,2.0,False,0
random_5,2026-08-02,7,14,3.0,True,1
random_5,2026-08-03,7,9,-0.0,False,2
random_5,2026-08-04,7,11,-4.0,True,3
random_5,2026-08-05,7,12,-2.0,False,4
random_5,2026-08-06,7,17,1.0,True,5
random_5,2026-08-07,7,4,-0.0,False,6
random_5,2026-08-08,7,16,-1.0,True,7
random_5,2026-08-09,7,19,-0.0,False,8
random_5,2026-08-10,7,13,4.0,True,9
random_5,2026-08-11,7,6,-3.0,False,10
random_5,2026-08-12,7,10,0.0,True,11
random_5,2026-08-13,7,5,-0.0,False,12
random_5,2026-08-14,7,2,2.0,False,13
random_5,2026-08-15,7,15,1.0,True,14
random_5,2026-08-16,7,18,-0.0,False,15
random_5,2026-08-17,7,1,-1.0,True,16
random_5,2026-08-18,7,0,3.0,True,17
random_5,2026-08-19,7,3,1.0,False,18
random_5,2026-08-20,7,5,-3.0,True,19
random_5,2026-08-21,7,13,1.0,False,20
random_5,2026-08-22,7,19,0.0,True,21
random_5,2026-08-23,7,10,1.0,False,22
random_5,2026-08-24,7,6,2.0,True,23
random_5,2026-08-25,7,3,-3.0,True,24
random_5,2026-08-26,7,0,-1.0,False,25
random_5,2026-08-27,7,18,1.0,True,26
random_5,2026-08-28,7,1,-2.0,False,27
random_5,2026-08-29,7,9,-2.0,True,28
random_5,2026-08-30,7,11,-1.0,False,29
random_5,2026-08-31,7,8,0.0,True,30
random_5,2026-09-01,7,14,2.0,False,31
random_5,2026-09-02,7,15,-1.0,False,32
random_5,2026-09-03,7,2,-3.0,True,33
random_5,2026-09-04,7,17,-0.0,False,34
random_5,2026-09-05,7,4,4.0,True,35
random_5,2026-09-06,7,16,1.0,False,36
random_5,2026-09-07,7,12,0.0,True,37
random_5,2026-08-01,8,7,-2.0,True,0
random_5,2026-08-02,8,0,-2.0,False,1
random_5,2026-08-03,8,15,-2.0,True,2
random_5,2026-08-04,8,19,-0.0,False,3
random_5,2026-08-05,8,11,0.0,True,4
random_5,2026-08-06,8,10,3.0,False,5
random_5,2026-08-07,8,5,0.0,True,6
random_5,2026-08-08,8,1,-0.0,False,7
random_5,2026-08-09,8,16,-1.0,False,8
random_5,2026-08-10,8,6,1.0,True,9
random_5,2026-08-11,8,3,3.0,False,10
random_5,2026-08-12,8,13,-3.0,True,11
random_5,2026-08-13,8,2,-0.0,False,12
random_5,2026-08-14,8,9,1.0,True,13
random_5,2026-08-15,8,4,-1.0,False,14
random_5,2026-08-16,8,17,2.0,False,15
random_5,2026-08-17,8,18,1.0,True,16
random_5,2026-08-18,8,14,-3.0,True,17
random_5,2026-08-19,8,12,-3.0,False,18
random_5,2026-08-20,8,2,0.0,True,19
random_5,2026-08-21,8,6,-1.0,False,20
random_5,2026-08-22,8,3,-2.0,True,21
random_5,2026-08-23,8,13,-0.0,False,22
random_5,2026-08-24,8,16,-2.0,True,23
random_5,2026-08-25,8,12,0.0,True,24
random_5,2026-08-26,8,18,-1.0,False,25
random_5,2026-08-27,8,17,1.0,True,26
random_5,2026-08-28,8,14,-0.0,False,27
random_5,2026-08-29,8,15,-1.0,False,28
random_5,2026-08-30,8,19,-4.0,True,29
random_5,2026-08-31,8,7,-0.0,False,30
random_5,2026-09-01,8,0,-2.0,True,31
random_5,2026-09-02,8,4,1.0,True,32
random_5,2026-09-03,8,9,-0.0,False,33
random_5,2026-09-04,8,10,-1.0,True,34
random_5,2026-09-05,8,5,-4.0,False,35
random_5,2026-09-06,8,1,-2.0,True,36
random_5,2026-09-07,8,11,1.0,False,37
random_5,2026-08-01,9,5,1.0,True,0
random_5,2026-08-02,9,18,-1.0,False,1
random_5,2026-08-03,9,7,0.0,True,2
random_5,2026-08-04,9,13,1.0,False,3
random_5,2026-08-05,9,15,-3.0,True,4
random_5,2026-08-06,9,11,-0.0,False,5
random_5,2026-08-07,9,10,1.0,True,6
random_5,2026-08-08,9,6,-0.0,False,7
random_5,2026-08-09,9,2,2.0,False,8
random_5,2026-08-10,9,16,3.0,True,9
random_5,2026-08-11,9,14,-5.0,False,10
random_5,2026-08-12,9,0,1.0,True,11
random_5,2026-08-13,9,19,2.0,False,12
random_5,2026-08-14,9,8,-1.0,False,13
random_5,2026-08-15,9,3,3.0,True,14
random_5,2026-08-16,9,12,-1.0,False,15
random_5,2026-08-17,9,4,-2.0,True,16
random_5,2026-08-18,9,1,-3.0,True,17
random_5,2026-08-19,9,17,-0.0,False,18
random_5,2026-08-20,9,19,2.0,True,19
random_5,2026-08-21,9,16,4.0,False,20
random_5,2026-08-22,9,2,3.0,True,21
random_5,2026-08-23,9,0,-1.0,False,22
random_5,2026-08-24,9,14,-4.0,True,23
random_5,2026-08-25,9,17,-1.0,True,24
random_5,2026-08-26,9,1,-1.0,False,25
random_5,2026-08-27,9,12,2.0,True,26
random_5,2026-08-28,9,4,-1.0,False,27
random_5,2026-08-29,9,7,2.0,False,28
random_5,2026-08-30,9,13,-1.0,True,29
random_5,2026-08-31,9,5,2.0,False,30
random_5,2026-09-01,9,18,2.0,True,31
random_5,2026-09-02,9,3,3.0,False,32
random_5,2026-09-03,9,8,0.0,True,33
random_5,2026-09-04,9,11,1.0,True,34
random_5,2026-09-05,9,10,2.0,False,35
random_5,2026-09-06,9,6,-2.0,True,36
random_5,2026-09-07,9,15,-0.0,False,37
random_5,2026-08-01,10,15,1.0,True,0
random_5,2026-08-02,10,6,1.0,False,1
random_5,2026-08-03,10,2,2.0,True,2
random_5,2026-08-04,10,5,2.0,False,3
random_5,2026-08-05,10,16,1.0,False,4
random_5,2026-08-06,10,8,-3.0,True,5
random_5,2026-08-07,10,9,-1.0,False,6
random_5,2026-08-08,10,3,2.0,True,7
random_5,2026-08-09,10,11,-1.0,True,8
random_5,2026-08-10,10,1,-2.0,False,9
random_5,2026-08-11,10,4,1.0,True,10
random_5,2026-08-12,10,7,-0.0,False,11
random_5,2026-08-13,10,17,-2.0,True,12
random_5,2026-08-14,10,0,-2.0,False,13
random_5,2026-08-15,10,19,2.0,True,14
random_5,2026-08-16,10,14,-0.0,False,15
random_5,2026-08-17,10,13,-3.0,True,16
random_5,2026-08-18,10,12,-2.0,True,17
random_5,2026-08-19,10,18,1.0,False,18
random_5,2026-08-20,10,17,-0.0,False,19
random_5,2026-08-21,10,1,4.0,True,20
random_5,2026-08-22,10,11,-1.0,False,21
random_5,2026-08-23,10,7,-1.0,True,22
random_5,2026-08-24,10,4,-2.0,False,23
random_5,2026-08-25,10,18,5.0,True,24
random_5,2026-08-26,10,13,-2.0,False,25
random_5,2026-08-27,10,14,0.0,True,26
random_5,2026-08-28,10,12,4.0,False,27
random_5,2026-08-29,10,2,-0.0,False,28
random_5,2026-08-30,10,5,-1.0,True,29
random_5,2026-08-31,10,15,-2.0,False,30
random_5,2026-09-01,10,6,1.0,True,31
random_5,2026-09-02,10,19,1.0,False,32
random_5,2026-09-03,10,0,-5.0,True,33
random_5,2026-09-04,10,8,1.0,False,34
random_5,2026-09-05,10,9,-2.0,True,35
random_5,2026-09-06,10,3,-0.0,False,36
random_5,2026-09-07,10,16,1.0,True,37
random_5,2026-08-01,11,18,0.0,True,0
random_5,2026-08-02,11,15,-2.0,False,1
random_5,2026-08-03,11,13,-1.0,True,2
random_5,2026-08-04,11,7,4.0,False,3
random_5,2026-08-05,11,8,-0.0,False,4
random_5,2026-08-06,11,9,0.0,True,5
random_5,2026-08-07,11,14,1.0,False,6
random_5,2026-08-08,11,17,-2.0,True,7
random_5,2026-08-09,11,10,1.0,False,8
random_5,2026-08-10,11,0,-1.0,True,9
random_5,2026-08-11,11,19,1.0,False,10
random_5,2026-08-12,11,2,1.0,True,11
random_5,2026-08-13,11,6,1.0,False,12
random_5,2026-08-14,11,12,2.0,False,13
random_5,2026-08-15,11,16,-1.0,True,14
random_5,2026-08-16,11,4,-0.0,False,15
random_5,2026-08-17,11,3,1.0,True,16
random_5,2026-08-18,11,5,0.0,True,17
random_5,2026-08-19,11,1,4.0,False,18
random_5,2026-08-20,11,6,0.0,True,19
random_5,2026-08-21,11,0,1.0,False,20
random_5,2026-08-22,11,10,1.0,True,21
random_5,2026-08-23,11,2,-0.0,False,22
random_5,2026-08-24,11,19,1.0,True,23
random_5,2026-08-25,11,1,1.0,True,24
random_5,2026-08-26,11,5,-0.0,False,25
random_5,2026-08-27,11,4,1.0,True,26
random_5,2026-08-28,11,3,5.0,False,27
random_5,2026-08-29,11,13,-2.0,False,28
random_5,2026-08-30,11,7,1.0,True,29
random_5,2026-08-31,11,18,-0.0,False,30
random_5,2026-09-01,11,15,-5.0,True,31
random_5,2026-09-02,11,16,-0.0,False,32
random_5,2026-09-03,11,12,0.0,True,33
random_5,2026-09-04,11,9,-1.0,False,34
random_5,2026-09-05,11,14,-1.0,True,35
random_5,2026-09-06,11,17,-0.0,False,36
random_5,2026-09-07,11,8,-1.0,True,37
random_5,2026-08-01,12,17,-1.0,False,0
random_5,2026-08-02,12,3,-2.0,True,1
random_5,2026-08-03,12,4,2.0,False,2
random_5,2026-08-04,12,16,-2.0,True,3
random_5,2026-08-05,12,7,2.0,True,4
random_5,2026-08-06,12,1,-1.0,False,5
random_5,2026-08-07,12,15,1.0,True,6
random_5,2026-08-08,12,18,-0.0,False,7
random_5,2026-08-09,12,0,-1.0,False,8
random_5,2026-08-10,12,19,1.0,True,9
random_5,2026-08-11,12,5,-2.0,False,10
random_5,2026-08-12,12,6,-4.0,True,11
random_5,2026-08-13,12,14,-2.0,False,12
random_5,2026-08-14,12,11,-2.0,True,13
random_5,2026-08-15,12,13,-2.0,False,14
random_5,2026-08-16,12,9,1.0,True,15
random_5,2026-08-17,12,2,-0.0,False,16
random_5,2026-08-18,12,10,2.0,False,17
random_5,2026-08-19,12,8,3.0,True,18
random_5,2026-08-20,12,14,-5.0,True,19
random_5,2026-08-21,12,19,-1.0,False,20
random_5,2026-08-22,12,5,2.0,True,21
random_5,2026-08-23,12,6,-1.0,False,22
random_5,2026-08-24,12,0,1.0,True,23
random_5,2026-08-25,12,8,-0.0,False,24
random_5,2026-08-26,12,2,2.0,True,25
random_5,2026-08-27,12,9,-2.0,False,26
random_5,2026-08-28,12,10,-4.0,True,27
random_5,2026-08-29,12,4,-1.0,True,28
random_5,2026-08-30,12,16,-3.0,False,29
random_5,2026-08-31,12,17,1.0,True,30
random_5,2026-09-01,12,3,-1.0,False,31
random_5,2026-09-02,12,13,1.0,True,32
random_5,2026-09-03,12,11,-0.0,False,33
random_5,2026-09-04,12,1,-3.0,True,34
random_5,2026-09-05,12,15,1.0,False,35
random_5,2026-09-06,12,18,-2.0,True,36
random_5,2026-09-07,12,7,-0.0,False,37
random_5,2026-08-01,13,16,-1.0,False,0
random_5,2026-08-02,13,17,0.0,True,1
random_5,2026-08-03,13,11,1.0,False,2
random_5,2026-08-04,13,9,-1.0,True,3
random_5,2026-08-05,13,0,-1.0,False,4
random_5,2026-08-06,13,14,0.0,True,5
random_5,2026-08-07,13,3,2.0,False,6
random_5,2026-08-08,13,4,2.0,True,7
random_5,2026-08-09,13,1,-1.0,True,8
random_5,2026-08-10,13,7,-4.0,False,9
random_5,2026-08-11,13,15,1.0,True,10
random_5,2026-08-12,13,8,3.0,False,11
random_5,2026-08-13,13,18,-1.0,True,12
random_5,2026-08-14,13,5,2.0,False,13
random_5,2026-08-15,13,12,2.0,True,14
random_5,2026-08-16,13,19,1.0,True,15
random_5,2026-08-17,13,10,3.0,False,16
random_5,2026-08-18,13,2,-2.0,False,17
random_5,2026-08-19,13,6,-1.0,True,18
random_5,2026-08-20,13,18,1.0,False,19
random_5,2026-08-21,13,7,-1.0,True,20
random_5,2026-08-22,13,15,2.0,False,21
random_5,2026-08-23,13,8,0.0,True,22
random_5,2026-08-24,13,1,-0.0,False,23
random_5,2026-08-25,13,6,-3.0,False,24
random_5,2026-08-26,13,10,2.0,True,25
random_5,2026-08-27,13,19,-0.0,False,26
random_5,2026-08-28,13,2,1.0,True,27
random_5,2026-08-29,13,11,2.0,True,28
random_5,2026-08-30,13,9,1.0,False,29
random_5,2026-08-31,13,16,1.0,True,30
random_5,2026-09-01,13,17,-1.0,False,31
random_5,2026-09-02,13,12,-1.0,False,32
random_5,2026-09-03,13,5,0.0,True,33
random_5,2026-09-04,13,14,-2.0,False,34
random_5,2026-09-05,13,3,-2.0,True,35
random_5,2026-09-06,13,4,3.0,False,36
random_5,2026-09-07,13,0,0.0,True,37
random_5,2026-08-01,14,0,-1.0,True,0
random_5,2026-08-02,14,7,-3.0,False,1
random_5,2026-08-03,14,6,0.0,True,2
random_5,2026-08-04,14,15,-1.0,False,3
random_5,2026-08-05,14,18,0.0,True,4
random_5,2026-08-06,14,13,-0.0,False,5
random_5,2026-08-07,14,11,-1.0,True,6
random_5,2026-08-08,14,2,-3.0,False,7
random_5,2026-08-09,14,4,4.0,True,8
random_5,2026-08-10,14,17,-0.0,False,9
random_5,2026-08-11,14,9,5.0,True,10
random_5,2026-08-12,14,1,1.0,False,11
random_5,2026-08-13,14,12,2.0,True,12
random_5,2026-08-14,14,3,2.0,False,13
random_5,2026-08-15,14,5,0.0,True,14
random_5,2026-08-16,14,10,0.0,True,15
random_5,2026-08-17,14,16,-0.0,False,16
random_5,2026-08-18,14,8,3.0,False,17
random_5,2026-08-19,14,19,0.0,True,18
random_5,2026-08-20,14,12,5.0,False,19
random_5,2026-08-21,14,17,-2.0,True,20
random_5,2026-08-22,14,4,-1.0,False,21
random_5,2026-08-23,14,1,1.0,True,22
random_5,2026-08-24,14,9,4.0,False,23
random_5,2026-08-25,14,19,-1.0,False,24
random_5,2026-08-26,14,16,1.0,True,25
random_5,2026-08-27,14,10,-0.0,False,26
random_5,2026-08-28,14,8,0.0,True,27
random_5,2026-08-29,14,6,1.0,False,28
random_5,2026-08-30,14,15,-4.0,True,29
random_5,2026-08-31,14,0,-3.0,False,30
random_5,2026-09-01,14,7,-2.0,True,31
random_5,2026-09-02,14,5,-0.0,False,32
random_5,2026-09-03,14,3,-1.0,True,33
random_5,2026-09-04,14,13,2.0,True,34
random_5,2026-09-05,14,11,1.0,False,35
random_5,2026-09-06,14,2,3.0,True,36
random_5,2026-09-07,14,18,-0.0,False,37
random_5,2026-08-01,15,10,-1.0,False,0
random_5,2026-08-02,15,11,2.0,True,1
random_5,2026-08-03,15,8,2.0,False,2
random_5,2026-08-04,15,14,1.0,True,3
random_5,2026-08-05,15,9,3.0,False,4
random_5,2026-08-06,15,19,-1.0,True,5
random_5,2026-08-07,15,12,-1.0,False,6
random_5,2026-08-08,15,0,2.0,True,7
random_5,2026-08-09,15,5,1.0,False,8
random_5,2026-08-10,15,2,0.0,True,9
random_5,2026-08-11,15,13,-1.0,False,10
random_5,2026-08-12,15,3,-1.0,True,11
random_5,2026-08-13,15,16,3.0,False,12
random_5,2026-08-14,15,6,1.0,True,13
random_5,2026-08-15,15,7,-1.0,False,14
random_5,2026-08-16,15,1,1.0,False,15
random_5,2026-08-17,15,17,0.0,True,16
random_5,2026-08-18,15,18,0.0,True,17
random_5,2026-08-19,15,4,-0.0,False,18
random_5,2026-08-20,15,16,-5.0,True,19
random_5,2026-08-21,15,2,-0.0,False,20
random_5,2026-08-22,15,13,-2.0,True,21
random_5,2026-08-23,15,3,3.0,False,22
random_5,2026-08-24,15,5,0.0,True,23
random_5,2026-08-25,15,4,0.0,True,24
random_5,2026-08-26,15,17,3.0,False,25
random_5,2026-08-27,15,1,4.0,True,26
random_5,2026-08-28,15,18,-2.0,False,27
random_5,2026-08-29,15,8,1.0,True,28
random_5,2026-08-30,15,14,4.0,False,29
random_5,2026-08-31,15,10,2.0,True,30
random_5,2026-09-01,15,11,5.0,False,31
random_5,2026-09-02,15,7,1.0,True,32
random_5,2026-09-03,15,6,-0.0,False,33
random_5,2026-09-04,15,0,2.0,False,34
random_5,2026-09-05,15,12,-1.0,True,35
random_5,2026-09-06,15,19,-1.0,False,36
random_5,2026-09-07,15,9,0.0,True,37
random_5,2026-08-01,16,13,1.0,True,0
random_5,2026-08-02,16,19,1.0,False,1
random_5,2026-08-03,16,0,-1.0,True,2
random_5,2026-08-04,16,12,2.0,False,3
random_5,2026-08-05,16,10,-1.0,True,4
random_5,2026-08-06,16,6,6.0,False,5
random_5,2026-08-07,16,2,-3.0,True,6
random_5,2026-08-08,16,7,1.0,False,7
random_5,2026-08-09,16,8,1.0,True,8
random_5,2026-08-10,16,9,-3.0,False,9
random_5,2026-08-11,16,1,-3.0,True,10
random_5,2026-08-12,16,4,-0.0,False,11
random_5,2026-08-13,16,15,-3.0,True,12
random_5,2026-08-14,16,18,3.0,True,13
random_5,2026-08-15,16,11,1.0,False,14
random_5,2026-08-16,16,3,1.0,False,15
random_5,2026-08-17,16,14,0.0,True,16
random_5,2026-08-18,16,17,-2.0,True,17
random_5,2026-08-19,16,5,-2.0,False,18
random_5,2026-08-20,16,15,5.0,False,19
random_5,2026-08-21,16,9,-4.0,True,20
random_5,2026-08-22,16,1,-1.0,False,21
random_5,2026-08-23,16,4,0.0,True,22
random_5,2026-08-24,16,8,2.0,False,23
random_5,2026-08-25,16,5,0.0,True,24
random_5,2026-08-26,16,14,-1.0,False,25
random_5,2026-08-27,16,3,-1.0,True,26
random_5,2026-08-28,16,17,-5.0,False,27
random_5,2026-08-29,16,0,-0.0,False,28
random_5,2026-08-30,16,12,3.0,True,29
random_5,2026-08-31,16,13,-1.0,False,30
random_5,2026-09-01,16,19,1.0,True,31
random_5,2026-09-02,16,11,0.0,True,32
random_5,2026-09-03,16,18,-0.0,False,33
random_5,2026-09-04,16,6,5.0,True,34
random_5,2026-09-05,16,2,-0.0,False,35
random_5,2026-09-06,16,7,-1.0,True,36
random_5,2026-09-07,16,10,-1.0,False,37
random_5,2026-08-01,17,12,1.0,True,0
random_5,2026-08-02,17,13,-0.0,False,1
random_5,2026-08-03,17,19,-1.0,True,2
random_5,2026-08-04,17,2,-0.0,False,3
random_5,2026-08-05,17,6,-2.0,True,4
random_5,2026-08-06,17,7,-1.0,False,5
random_5,2026-08-07,17,1,2.0,True,6
random_5,2026-08-08,17,11,2.0,False,7
random_5,2026-08-09,17,3,-2.0,False,8
random_5,2026-08-10,17,14,0.0,True,9
random_5,2026-08-11,17,0,2.0,False,10
random_5,2026-08-12,17,5,-1.0,True,11
random_5,2026-08-13,17,10,2.0,False,12
random_5,2026-08-14,17,4,1.0,True,13
random_5,2026-08-15,17,18,1.0,False,14
random_5,2026-08-16,17,8,-2.0,True,15
random_5,2026-08-17,17,15,-0.0,False,16
random_5,2026-08-18,17,16,2.0,False,17
random_5,2026-08-19,17,9,0.0,True,18
random_5,2026-08-20,17,10,0.0,True,19
random_5,2026-08-21,17,14,2.0,False,20
random_5,2026-08-22,17,0,-2.0,True,21
random_5,2026-08-23,17,5,-0.0,False,22
random_5,2026-08-24,17,3,0.0,True,23
random_5,2026-08-25,17,9,1.0,False,24
random_5,2026-08-26,17,15,-3.0,True,25
random_5,2026-08-27,17,8,-1.0,False,26
random_5,2026-08-28,17,16,5.0,True,27
random_5,2026-08-29,17,19,-0.0,False,28
random_5,2026-08-30,17,2,-1.0,True,29
random_5,2026-08-31,17,12,-1.0,False,30
random_5,2026-09-01,17,13,1.0,True,31
random_5,2026-09-02,17,18,-4.0,True,32
random_5,2026-09-03,17,4,-0.0,False,33
random_5,2026-09-04,17,7,0.0,True,34
random_5,2026-09-05,17,1,2.0,False,35
random_5,2026-09-06,17,11,0.0,True,36
random_5,2026-09-07,17,6,2.0,False,37
random_5,2026-08-01,18,11,-0.0,False,0
random_5,2026-08-02,18,9,1.0,True,1
random_5,2026-08-03,18,3,-0.0,False,2
random_5,2026-08-04,18,1,2.0,True,3
random_5,2026-08-05,18,14,-0.0,False,4
random_5,2026-08-06,18,4,-1.0,True,5
random_5,2026-08-07,18,0,-3.0,False,6
random_5,2026-08-08,18,12,0.0,True,7
random_5,2026-08-09,18,6,-0.0,False,8
random_5,2026-08-10,18,5,1.0,True,9
random_5,2026-08-11,18,2,-3.0,False,10
random_5,2026-08-12,18,19,-1.0,True,11
random_5,2026-08-13,18,13,1.0,False,12
random_5,2026-08-14,18,16,-3.0,False,13
random_5,2026-08-15,18,17,-1.0,True,14
random_5,2026-08-16,18,7,0.0,True,15
random_5,2026-08-17,18,8,-1.0,False,16
random_5,2026-08-18,18,15,-0.0,False,17
random_5,2026-08-19,18,10,-1.0,True,18
random_5,2026-08-20,18,13,-1.0,True,19
random_5,2026-08-21,18,5,-1.0,False,20
random_5,2026-08-22,18,6,0.0,True,21
random_5,2026-08-23,18,19,-0.0,False,22
random_5,2026-08-24,18,2,-1.0,True,23
random_5,2026-08-25,18,10,-5.0,False,24
random_5,2026-08-26,18,8,1.0,True,25
random_5,2026-08-27,18,7,-1.0,False,26
random_5,2026-08-28,18,15,2.0,True,27
random_5,2026-08-29,18,3,1.0,True,28
random_5,2026-08-30,18,1,2.0,False,29
random_5,2026-08-31,18,11,0.0,True,30
random_5,2026-09-01,18,9,-2.0,False,31
random_5,2026-09-02,18,17,4.0,False,32
random_5,2026-09-03,18,16,0.0,True,33
random_5,2026-09-04,18,4,1.0,False,34
random_5,2026-09-05,18,0,-3.0,True,35
random_5,2026-09-06,18,12,2.0,False,36
random_5,2026-09-07,18,14,0.0,True,37
random_5,2026-08-01,19,3,3.0,False,0
random_5,2026-08-02,19,16,-1.0,True,1
random_5,2026-08-03,19,17,1.0,False,2
random_5,2026-08-04,19,8,0.0,True,3
random_5,2026-08-05,19,2,0.0,True,4
random_5,2026-08-06,19,15,1.0,False,5
random_5,2026-08-07,19,6,-2.0,True,6
random_5,2026-08-08,19,5,2.0,False,7
random_5,2026-08-09,19,7,0.0,True,8
random_5,2026-08-10,19,12,-1.0,False,9
random_5,2026-08-11,19,11,-1.0,True,10
random_5,2026-08-12,19,18,1.0,False,11
random_5,2026-08-13,19,9,-2.0,True,12
random_5,2026-08-14,19,1,0.0,True,13
random_5,2026-08-15,19,10,-2.0,False,14
random_5,2026-08-16,19,13,-1.0,False,15
random_5,2026-08-17,19,0,-1.0,True,16
random_5,2026-08-18,19,4,3.0,True,17
random_5,2026-08-19,19,14,-0.0,False,18
random_5,2026-08-20,19,9,-2.0,False,19
random_5,2026-08-21,19,12,1.0,True,20
random_5,2026-08-22,19,7,-0.0,False,21
random_5,2026-08-23,19,18,0.0,True,22
random_5,2026-08-24,19,11,-1.0,False,23
random_5,2026-08-25,19,14,1.0,True,24
random_5,2026-08-26,19,4,-1.0,False,25
random_5,2026-08-27,19,13,0.0,True,26
random_5,2026-08-28,19,0,-0.0,False,27
random_5,2026-08-29,19,17,0.0,True,28
random_5,2026-08-30,19,8,4.0,False,29
random_5,2026-08-31,19,3,0.0,True,30
random_5,2026-09-01,19,16,-1.0,False,31
random_5,2026-09-02,19,10,-1.0,True,32
random_5,2026-09-03,19,1,-2.0,False,33
random_5,2026-09-04,19,5,0.0,True,34
random_5,2026-09-05,19,6,2.0,False,35
random_5,2026-09-06,19,15,1.0,True,36
random_5,2026-09-07,19,2,2.0,False,37
random_6,2026-08-01,0,14,1.0,False,0
random_6,2026-08-02,0,8,-4.0,True,1
random_6,2026-08-03,0,16,-0.0,False,2
random_6,2026-08-04,0,3,0.0,True,3
random_6,2026-08-05,0,13,3.0,True,4
random_6,2026-08-06,0,5,2.0,False,5
random_6,2026-08-07,0,18,1.0,True,6
random_6,2026-08-08,0,15,3.0,False,7
random_6,2026-08-09,0,12,-2.0,True,8
random_6,2026-08-10,0,11,-0.0,False,9
random_6,2026-08-11,0,17,0.0,True,10
random_6,2026-08-12,0,9,-0.0,False,11
random_6,2026-08-13,0,4,0.0,True,12
random_6,2026-08-14,0,10,2.0,True,13
random_6,2026-08-15,0,1,1.0,False,14
random_6,2026-08-16,0,6,-1.0,True,15
random_6,2026-08-17,0,19,-1.0,False,16
random_6,2026-08-18,0,7,-1.0,False,17
random_6,2026-08-19,0,2,-1.0,True,18
random_6,2026-08-20,0,4,4.0,False,19
random_6,2026-08-21,0,11,1.0,True,20
random_6,2026-08-22,0,17,-5.0,False,21
random_6,2026-08-23,0,9,1.0,True,22
random_6,2026-08-24,0,12,1.0,False,23
random_6,2026-08-25,0,2,-2.0,False,24
random_6,2026-08-26,0,7,-4.0,True,25
random_6,2026-08-27,0,6,-0.0,False,26
random_6,2026-08-28,0,19,2.0,True,27
random_6,2026-08-29,0,16,3.0,True,28
random_6,2026-08-30,0,3,3.0,False,29
random_6,2026-08-31,0,14,2.0,True,30
random_6,2026-09-01,0,8,-0.0,False,31
random_6,2026-09-02,0,1,-2.0,True,32
random_6,2026-09-03,0,10,-0.0,False,33
random_6,2026-09-04,0,15,-1.0,True,34
random_6,2026-09-05,0,18,2.0,False,35
random_6,2026-09-06,0,5,-2.0,True,36
random_6,2026-09-07,0,13,-3.0,False,37
random_6,2026-08-01,1,6,0.0,True,0
random_6,2026-08-02,1,2,2.0,False,1
random_6,2026-08-03,1,5,-1.0,True,2
random_6,2026-08-04,1,18,-0.0,False,3
random_6,2026-08-05,1,4,1.0,False,4
random_6,2026-08-06,1,12,1.0,True,5
random_6,2026-08-07,1,17,-1.0,False,6
random_6,2026-08-08,1,8,1.0,True,7
random_6,2026-08-09,1,13,-1.0,False,8
random_6,2026-08-10,1,10,3.0,True,9
random_6,2026-08-11,1,16,2.0,False,10
random_6,2026-08-12,1,14,0.0,True,11
random_6,2026-08-13,1,3,2.0,False,12
random_6,2026-08-14,1,19,-1.0,False,13
random_6,2026-08-15,1,0,-1.0,True,14
random_6,2026-08-16,1,15,-1.0,True,15
random_6,2026-08-17,1,7,-0.0,False,16
random_6,2026-08-18,1,9,-3.0,False,17
random_6,2026-08-19,1,11,-1.0,True,18
random_6,2026-08-20,1,3,-1.0,True,19
random_6,2026-08-21,1,10,1.0,False,20
random_6,2026-08-22,1,16,-1.0,True,21
random_6,2026-08-23,1,14,-0.0,False,22
random_6,2026-08-24,1,13,1.0,True,23
random_6,2026-08-25,1,11,-2.0,False,24
random_6,2026-08-26,1,9,0.0,True,25
random_6,2026-08-27,1,15,-0.0,False,26
random_6,2026-08-28,1,7,5.0,True,27
random_6,2026-08-29,1,5,-0.0,False,28
random_6,2026-08-30,1,18,-1.0,True,29
random_6,2026-08-31,1,6,-0.0,False,30
random_6,2026-09-01,1,2,3.0,True,31
random_6,2026-09-02,1,0,2.0,False,32
random_6,2026-09-03,1,19,0.0,True,33
random_6,2026-09-04,1,12,1.0,False,34
random_6,2026-09-05,1,17,0.0,True,35
random_6,2026-09-06,1,8,-2.0,False,36
random_6,2026-09-07,1,4,-2.0,True,37
random_6,2026-08-01,2,4,1.0,False,0
random_6,2026-08-02,2,1,-2.0,True,1
random_6,2026-08-03,2,10,3.0,False,2
random_6,2026-08-04,2,17,-1.0,True,3
random_6,2026-08-05,2,19,-1.0,False,4
random_6,2026-08-06,2,3,3.0,True,5
random_6,2026-08-07,2,16,-0.0,False,6
random_6,2026-08-08,2,14,-1.0,True,7
random_6,2026-08-09,2,9,-3.0,True,8
random_6,2026-08-10,2,15,-1.0,False,9
random_6,2026-08-11,2,18,0.0,True,10
random_6,2026-08-12,2,11,2.0,False,11
random_6,2026-08-13,2,8,-1.0,True,12
random_6,2026-08-14,2,7,-1.0,True,13
random_6,2026-08-15,2,6,-1.0,False,14
random_6,2026-08-16,2,5,-3.0,False,15
random_6,2026-08-17,2,12,-1.0,True,16
random_6,2026-08-18,2,13,1.0,True,17
random_6,2026-08-19,2,0,1.0,False,18
random_6,2026-08-20,2,8,2.0,False,19
random_6,2026-08-21,2,15,-2.0,True,20
random_6,2026-08-22,2,9,1.0,False,21
random_6,2026-08-23,2,11,1.0,True,22
random_6,2026-08-24,2,18,-1.0,False,23
random_6,2026-08-25,2,0,2.0,True,24
random_6,2026-08-26,2,12,2.0,False,25
random_6,2026-08-27,2,5,1.0,True,26
random_6,2026-08-28,2,13,1.0,False,27
random_6,2026-08-29,2,10,0.0,True,28
random_6,2026-08-30,2,17,-1.0,False,29
random_6,2026-08-31,2,4,-2.0,True,30
random_6,2026-09-01,2,1,-3.0,False,31
random_6,2026-09-02,2,6,-4.0,True,32
random_6,2026-09-03,2,7,-0.0,False,33
random_6,2026-09-04,2,3,-0.0,False,34
random_6,2026-09-05,2,16,3.0,True,35
random_6,2026-09-06,2,14,1.0,False,36
random_6,2026-09-07,2,19,1.0,True,37
random_6,2026-08-01,3,19,0.0,True,0
random_6,2026-08-02,3,12,-1.0,False,1
random_6,2026-08-03,3,18,1.0,True,2
random_6,2026-08-04,3,0,-0.0,False,3
random_6,2026-08-05,3,5,4.0,True,4
random_6,2026-08-06,3,2,-3.0,False,5
random_6,2026-08-07,3,13,-1.0,True,6
random_6,2026-08-08,3,10,1.0,False,7
random_6,2026-08-09,3,17,1.0,True,8
random_6,2026-08-10,3,4,4.0,False,9
random_6,2026-08-11,3,8,-1.0,True,10
random_6,2026-08-12,3,15,-2.0,False,11
random_6,2026-08-13,3,1,-2.0,True,12
random_6,2026-08-14,3,14,-1.0,True,13
random_6,2026-08-15,3,9,-0.0,False,14
random_6,2026-08-16,3,16,-2.0,True,15
random_6,2026-08-17,3,11,-0.0,False,16
random_6,2026-08-18,3,6,-0.0,False,17
random_6,2026-08-19,3,7,1.0,True,18
random_6,2026-08-20,3,1,1.0,False,19
random_6,2026-08-21,3,4,1.0,True,20
random_6,2026-08-22,3,8,-1.0,False,21
random_6,2026-08-23,3,15,-2.0,True,22
random_6,2026-08-24,3,17,-2.0,False,23
random_6,2026-08-25,3,7,-2.0,False,24
random_6,2026-08-26,3,6,-2.0,True,25
random_6,2026-08-27,3,16,-3.0,False,26
random_6,2026-08-28,3,11,2.0,True,27
random_6,2026-08-29,3,18,1.0,False,28
random_6,2026-08-30,3,0,-3.0,True,29
random_6,2026-08-31,3,19,-2.0,False,30
random_6,2026-09-01,3,12,1.0,True,31
random_6,2026-09-02,3,9,1.0,True,32
random_6,2026-09-03,3,14,-1.0,False,33
random_6,2026-09-04,3,2,0.0,True,34
random_6,2026-09-05,3,13,1.0,False,35
random_6,2026-09-06,3,10,1.0,True,36
random_6,2026-09-07,3,5,-2.0,False,37
random_6,2026-08-01,4,2,-1.0,True,0
random_6,2026-08-02,4,5,1.0,False,1
random_6,2026-08-03,4,12,2.0,True,2
random_6,2026-08-04,4,6,2.0,False,3
random_6,2026-08-05,4,1,-1.0,True,4
random_6,2026-08-06,4,18,2.0,False,5
random_6,2026-08-07,4,7,-4.0,True,6
random_6,2026-08-08,4,13,-2.0,False,7
random_6,2026-08-09,4,14,-0.0,False,8
random_6,2026-08-10,4,3,-4.0,True,9
random_6,2026-08-11,4,10,4.0,False,10
random_6,2026-08-12,4,16,-1.0,True,11
random_6,2026-08-13,4,0,-0.0,False,12
random_6,2026-08-14,4,17,2.0,False,13
random_6,2026-08-15,4,8,-2.0,True,14
random_6,2026-08-16,4,11,4.0,True,15
random_6,2026-08-17,4,9,3.0,False,16
random_6,2026-08-18,4,19,-1.0,False,17
random_6,2026-08-19,4,15,-4.0,True,18
random_6,2026-08-20,4,0,-4.0,True,19
random_6,2026-08-21,4,3,-1.0,False,20
random_6,2026-08-22,4,14,-1.0,True,21
random_6,2026-08-23,4,16,-0.0,False,22
random_6,2026-08-24,4,10,-2.0,True,23
random_6,2026-08-25,4,15,1.0,False,24
random_6,2026-08-26,4,19,-3.0,True,25
random_6,2026-08-27,4,11,1.0,False,26
random_6,2026-08-28,4,9,1.0,True,27
random_6,2026-08-29,4,12,-0.0,False,28
random_6,2026-08-30,4,6,-3.0,True,29
random_6,2026-08-31,4,2,2.0,False,30
random_6,2026-09-01,4,5,1.0,True,31
random_6,2026-09-02,4,8,4.0,False,32
random_6,2026-09-03,4,17,0.0,True,33
random_6,2026-09-04,4,18,1.0,True,34
random_6,2026-09-05,4,7,2.0,False,35
random_6,2026-09-06,4,13,-2.0,True,36
random_6,2026-09-07,4,1,2.0,False,37
random_6,2026-08-01,5,9,2.0,False,0
random_6,2026-08-02,5,4,-1.0,True,1
random_6,2026-08-03,5,1,1.0,False,2
random_6,2026-08-04,5,10,-1.0,True,3
random_6,2026-08-05,5,3,-4.0,False,4
random_6,2026-08-06,5,0,-2.0,True,5
random_6,2026-08-07,5,8,-2.0,False,6
random_6,2026-08-08,5,19,1.0,True,7
random_6,2026-08-09,5,15,3.0,True,8
random_6,2026-08-10,5,18,1.0,False,9
random_6,2026-08-11,5,12,2.0,True,10
random_6,2026-08-12,5,17,8.0,False,11
random_6,2026-08-13,5,7,1.0,True,12
random_6,2026-08-14,5,13,-3.0,True,13
random_6,2026-08-15,5,14,-3.0,False,14
random_6,2026-08-16,5,2,3.0,True,15
random_6,2026-08-17,5,6,-0.0,False,16
random_6,2026-08-18,5,11,-0.0,False,17
random_6,2026-08-19,5,16,-2.0,True,18
random_6,2026-08-20,5,7,-2.0,False,19
random_6,2026-08-21,5,18,2.0,True,20
random_6,2026-08-22,5,12,-0.0,False,21
random_6,2026-08-23,5,17,1.0,True,22
random_6,2026-08-24,5,15,-0.0,False,23
random_6,2026-08-25,5,16,-3.0,False,24
random_6,2026-08-26,5,11,0.0,True,25
random_6,2026-08-27,5,2,-1.0,False,26
random_6,2026-08-28,5,6,-4.0,True,27
random_6,2026-08-29,5,1,0.0,True,28
random_6,2026-08-30,5,10,-1.0,False,29
random_6,2026-08-31,5,9,3.0,True,30
random_6,2026-09-01,5,4,-1.0,False,31
random_6,2026-09-02,5,14,1.0,True,32
random_6,2026-09-03,5,13,-0.0,False,33
random_6,2026-09-04,5,19,1.0,False,34
random_6,2026-09-05,5,8,0.0,True,35
random_6,2026-09-06,5,0,2.0,False,36
random_6,2026-09-07,5,3,2.0,True,37
random_6,2026-08-01,6,1,-0.0,False,0
random_6,2026-08-02,6,10,0.0,True,1
random_6,2026-08-03,6,14,-1.0,False,2
random_6,2026-08-04,6,4,-2.0,True,3
random_6,2026-08-05,6,17,-0.0,False,4
random_6,2026-08-06,6,16,3.0,True,5
random_6,2026-08-07,6,19,-2.0,False,6
random_6,2026-08-08,6,9,1.0,True,7
random_6,2026-08-09,6,18,-1.0,True,8
random_6,2026-08-10,6,8,-0.0,False,9
random_6,2026-08-11,6,7,-1.0,True,10
random_6,2026-08-12,6,12,-0.0,False,11
random_6,2026-08-13,6,11,-2.0,True,12
random_6,2026-08-14,6,15,1.0,False,13
random_6,2026-08-15,6,2,1.0,True,14
random_6,2026-08-16,6,0,1.0,False,15
random_6,2026-08-17,6,5,0.0,True,16
random_6,2026-08-18,6,3,0.0,True,17
random_6,2026-08-19,6,13,-0.0,False,18
random_6,2026-08-20,6,11,-0.0,False,19
random_6,2026-08-21,6,8,-1.0,True,20
random_6,2026-08-22,6,18,2.0,False,21
random_6,2026-08-23,6,12,-2.0,True,22
random_6,2026-08-24,6,7,-1.0,False,23
random_6,2026-08-25,6,13,2.0,True,24
random_6,2026-08-26,6,3,2.0,False,25
random_6,2026-08-27,6,0,0.0,True,26
random_6,2026-08-28,6,5,4.0,False,27
random_6,2026-08-29,6,14,-1.0,True,28
random_6,2026-08-30,6,4,3.0,False,29
random_6,2026-08-31,6,1,0.0,True,30
random_6,2026-09-01,6,10,-0.0,False,31
random_6,2026-09-02,6,2,4.0,False,32
random_6,2026-09-03,6,15,0.0,True,33
random_6,2026-09-04,6,16,-1.0,False,34
random_6,2026-09-05,6,19,0.0,True,35
random_6,2026-09-06,6,9,1.0,False,36
random_6,2026-09-07,6,17,1.0,True,37
random_6,2026-08-01,7,8,-2.0,False,0
random_6,2026-08-02,7,14,2.0,True,1
random_6,2026-08-03,7,9,-0.0,False,2
random_6,2026-08-04,7,11,1.0,True,3
random_6,2026-08-05,7,12,1.0,False,4
random_6,2026-08-06,7,17,0.0,True,5
random_6,2026-08-07,7,4,4.0,False,6
random_6,2026-08-08,7,16,0.0,True,7
random_6,2026-08-09,7,19,-0.0,False,8
random_6,2026-08-10,7,13,-1.0,True,9
random_6,2026-08-11,7,6,1.0,False,10
random_6,2026-08-12,7,10,0.0,True,11
random_6,2026-08-13,7,5,-1.0,False,12
random_6,2026-08-14,7,2,1.0,False,13
random_6,2026-08-15,7,15,1.0,True,14
random_6,2026-08-16,7,18,-1.0,False,15
random_6,2026-08-17,7,1,0.0,True,16
random_6,2026-08-18,7,0,1.0,True,17
random_6,2026-08-19,7,3,-1.0,False,18
random_6,2026-08-20,7,5,2.0,True,19
random_6,2026-08-21,7,13,-2.0,False,20
random_6,2026-08-22,7,19,-1.0,True,21
random_6,2026-08-23,7,10,1.0,False,22
random_6,2026-08-24,7,6,1.0,True,23
random_6,2026-08-25,7,3,2.0,True,24
random_6,2026-08-26,7,0,4.0,False,25
random_6,2026-08-27,7,18,3.0,True,26
random_6,2026-08-28,7,1,-5.0,False,27
random_6,2026-08-29,7,9,1.0,True,28
random_6,2026-08-30,7,11,1.0,False,29
random_6,2026-08-31,7,8,2.0,True,30
random_6,2026-09-01,7,14,2.0,False,31
random_6,2026-09-02,7,15,2.0,False,32
random_6,2026-09-03,7,2,0.0,True,33
random_6,2026-09-04,7,17,2.0,False,34
random_6,2026-09-05,7,4,-2.0,True,35
random_6,2026-09-06,7,16,3.0,False,36
random_6,2026-09-07,7,12,1.0,True,37
random_6,2026-08-01,8,7,2.0,True,0
random_6,2026-08-02,8,0,4.0,False,1
random_6,2026-08-03,8,15,-1.0,True,2
random_6,2026-08-04,8,19,-0.0,False,3
random_6,2026-08-05,8,11,-2.0,True,4
random_6,2026-08-06,8,10,-1.0,False,5
random_6,2026-08-07,8,5,2.0,True,6
random_6,2026-08-08,8,1,-1.0,False,7
random_6,2026-08-09,8,16,2.0,False,8
random_6,2026-08-10,8,6,0.0,True,9
random_6,2026-08-11,8,3,1.0,False,10
random_6,2026-08-12,8,13,-1.0,True,11
random_6,2026-08-13,8,2,1.0,False,12
random_6,2026-08-14,8,9,-1.0,True,13
random_6,2026-08-15,8,4,2.0,False,14
random_6,2026-08-16,8,17,3.0,False,15
random_6,2026-08-17,8,18,0.0,True,16
random_6,2026-08-18,8,14,1.0,True,17
random_6,2026-08-19,8,12,1.0,False,18
random_6,2026-08-20,8,2,-2.0,True,19
random_6,2026-08-21,8,6,1.0,False,20
random_6,2026-08-22,8,3,1.0,True,21
random_6,2026-08-23,8,13,5.0,False,22
random_6,2026-08-24,8,16,0.0,True,23
random_6,2026-08-25,8,12,-2.0,True,24
random_6,2026-08-26,8,18,3.0,False,25
random_6,2026-08-27,8,17,-3.0,True,26
random_6,2026-08-28,8,14,-2.0,False,27
random_6,2026-08-29,8,15,-0.0,False,28
random_6,2026-08-30,8,19,2.0,True,29
random_6,2026-08-31,8,7,-2.0,False,30
random_6,2026-09-01,8,0,0.0,True,31
random_6,2026-09-02,8,4,-4.0,True,32
random_6,2026-09-03,8,9,-0.0,False,33
random_6,2026-09-04,8,10,2.0,True,34
random_6,2026-09-05,8,5,-0.0,False,35
random_6,2026-09-06,8,1,2.0,True,36
random_6,2026-09-07,8,11,1.0,False,37
random_6,2026-08-01,9,5,-2.0,True,0
random_6,2026-08-02,9,18,-1.0,False,1
random_6,2026-08-03,9,7,0.0,True,2
random_6,2026-08-04,9,13,-3.0,False,3
random_6,2026-08-05,9,15,2.0,True,4
random_6,2026-08-06,9,11,1.0,False,5
random_6,2026-08-07,9,10,0.0,True,6
random_6,2026-08-08,9,6,-1.0,False,7
random_6,2026-08-09,9,2,3.0,False,8
random_6,2026-08-10,9,16,1.0,True,9
random_6,2026-08-11,9,14,2.0,False,10
random_6,2026-08-12,9,0,0.0,True,11
random_6,2026-08-13,9,19,-0.0,False,12
random_6,2026-08-14,9,8,1.0,False,13
random_6,2026-08-15,9,3,0.0,True,14
random_6,2026-08-16,9,12,-2.0,False,15
random_6,2026-08-17,9,4,-3.0,True,16
random_6,2026-08-18,9,1,3.0,True,17
random_6,2026-08-19,9,17,5.0,False,18
random_6,2026-08-20,9,19,0.0,True,19
random_6,2026-08-21,9,16,2.0,False,20
random_6,2026-08-22,9,2,-1.0,True,21
random_6,2026-08-23,9,0,-1.0,False,22
random_6,2026-08-24,9,14,-1.0,True,23
random_6,2026-08-25,9,17,3.0,True,24
random_6,2026-08-26,9,1,-0.0,False,25
random_6,2026-08-27,9,12,-2.0,True,26
random_6,2026-08-28,9,4,-1.0,False,27
random_6,2026-08-29,9,7,-1.0,False,28
random_6,2026-08-30,9,13,0.0,True,29
random_6,2026-08-31,9,5,-3.0,False,30
random_6,2026-09-01,9,18,-1.0,True,31
random_6,2026-09-02,9,3,-1.0,False,32
random_6,2026-09-03,9,8,0.0,True,33
random_6,2026-09-04,9,11,3.0,True,34
random_6,2026-09-05,9,10,1.0,False,35
random_6,2026-09-06,9,6,-1.0,True,36
random_6,2026-09-07,9,15,-0.0,False,37
random_6,2026-08-01,10,15,2.0,True,0
random_6,2026-08-02,10,6,-0.0,False,1
random_6,2026-08-03,10,2,-3.0,True,2
random_6,2026-08-04,10,5,1.0,False,3
random_6,2026-08-05,10,16,2.0,False,4
random_6,2026-08-06,10,8,1.0,True,5
random_6,2026-08-07,10,9,-0.0,False,6
random_6,2026-08-08,10,3,-1.0,True,7
random_6,2026-08-09,10,11,0.0,True,8
random_6,2026-08-10,10,1,-3.0,False,9
random_6,2026-08-11,10,4,-4.0,True,10
random_6,2026-08-12,10,7,-0.0,False,11
random_6,2026-08-13,10,17,1.0,True,12
random_6,2026-08-14,10,0,-2.0,False,13
random_6,2026-08-15,10,19,-1.0,True,14
random_6,2026-08-16,10,14,-1.0,False,15
random_6,2026-08-17,10,13,-4.0,True,16
random_6,2026-08-18,10,12,1.0,True,17
random_6,2026-08-19,10,18,-3.0,False,18
random_6,2026-08-20,10,17,-1.0,False,19
random_6,2026-08-21,10,1,-1.0,True,20
random_6,2026-08-22,10,11,-1.0,False,21
random_6,2026-08-23,10,7,-1.0,True,22
random_6,2026-08-24,10,4,2.0,False,23
random_6,2026-08-25,10,18,-3.0,True,24
random_6,2026-08-26,10,13,1.0,False,25
random_6,2026-08-27,10,14,1.0,True,26
random_6,2026-08-28,10,12,-3.0,False,27
random_6,2026-08-29,10,2,-0.0,False,28
random_6,2026-08-30,10,5,1.0,True,29
random_6,2026-08-31,10,15,1.0,False,30
random_6,2026-09-01,10,6,0.0,True,31
random_6,2026-09-02,10,19,-1.0,False,32
random_6,2026-09-03,10,0,0.0,True,33
random_6,2026-09-04,10,8,-2.0,False,34
random_6,2026-09-05,10,9,-1.0,True,35
random_6,2026-09-06,10,3,-1.0,False,36
random_6,2026-09-07,10,16,0.0,True,37
random_6,2026-08-01,11,18,-2.0,True,0
random_6,2026-08-02,11,15,-1.0,False,1
random_6,2026-08-03,11,13,-1.0,True,2
random_6,2026-08-04,11,7,-1.0,False,3
random_6,2026-08-05,11,8,2.0,False,4
random_6,2026-08-06,11,9,-1.0,True,5
random_6,2026-08-07,11,14,-3.0,False,6
random_6,2026-08-08,11,17,-4.0,True,7
random_6,2026-08-09,11,10,-0.0,False,8
random_6,2026-08-10,11,0,0.0,True,9
random_6,2026-08-11,11,19,5.0,False,10
random_6,2026-08-12,11,2,-2.0,True,11
random_6,2026-08-13,11,6,2.0,False,12
random_6,2026-08-14,11,12,4.0,False,13
random_6,2026-08-15,11,16,-1.0,True,14
random_6,2026-08-16,11,4,-4.0,False,15
random_6,2026-08-17,11,3,0.0,True,16
random_6,2026-08-18,11,5,0.0,True,17
random_6,2026-08-19,11,1,1.0,False,18
random_6,2026-08-20,11,6,0.0,True,19
random_6,2026-08-21,11,0,-1.0,False,20
random_6,2026-08-22,11,10,1.0,True,21
random_6,2026-08-23,11,2,-1.0,False,22
random_6,2026-08-24,11,19,3.0,True,23
random_6,2026-08-25,11,1,2.0,True,24
random_6,2026-08-26,11,5,-0.0,False,25
random_6,2026-08-27,11,4,-1.0,True,26
random_6,2026-08-28,11,3,-2.0,False,27
random_6,2026-08-29,11,13,-0.0,False,28
random_6,2026-08-30,11,7,-1.0,True,29
random_6,2026-08-31,11,18,1.0,False,30
random_6,2026-09-01,11,15,2.0,True,31
random_6,2026-09-02,11,16,-0.0,False,32
random_6,2026-09-03,11,12,-2.0,True,33
random_6,2026-09-04,11,9,-3.0,False,34
random_6,2026-09-05,11,14,3.0,True,35
random_6,2026-09-06,11,17,-0.0,False,36
random_6,2026-09-07,11,8,-1.0,True,37
random_6,2026-08-01,12,17,1.0,False,0
random_6,2026-08-02,12,3,1.0,True,1
random_6,2026-08-03,12,4,-2.0,False,2
random_6,2026-08-04,12,16,-1.0,True,3
random_6,2026-08-05,12,7,-1.0,True,4
random_6,2026-08-06,12,1,-1.0,False,5
random_6,2026-08-07,12,15,0.0,True,6
random_6,2026-08-08,12,18,-1.0,False,7
random_6,2026-08-09,12,0,2.0,False,8
random_6,2026-08-10,12,19,-1.0,True,9
random_6,2026-08-11,12,5,-2.0,False,10
random_6,2026-08-12,12,6,0.0,True,11
random_6,2026-08-13,12,14,-1.0,False,12
random_6,2026-08-14,12,11,-4.0,True,13
random_6,2026-08-15,12,13,-0.0,False,14
random_6,2026-08-16,12,9,2.0,True,15
random_6,2026-08-17,12,2,1.0,False,16
random_6,2026-08-18,12,10,-1.0,False,17
random_6,2026-08-19,12,8,-1.0,True,18
random_6,2026-08-20,12,14,3.0,True,19
random_6,2026-08-21,12,19,-0.0,False,20
random_6,2026-08-22,12,5,0.0,True,21
random_6,2026-08-23,12,6,2.0,False,22
random_6,2026-08-24,12,0,-1.0,True,23
random_6,2026-08-25,12,8,2.0,False,24
random_6,2026-08-26,12,2,-2.0,True,25
random_6,2026-08-27,12,9,2.0,False,26
random_6,2026-08-28,12,10,3.0,True,27
random_6,2026-08-29,12,4,0.0,True,28
random_6,2026-08-30,12,16,-0.0,False,29
random_6,2026-08-31,12,17,-1.0,True,30
random_6,2026-09-01,12,3,-1.0,False,31
random_6,2026-09-02,12,13,1.0,True,32
random_6,2026-09-03,12,11,2.0,False,33
random_6,2026-09-04,12,1,-1.0,True,34
random_6,2026-09-05,12,15,2.0,False,35
random_6,2026-09-06,12,18,-1.0,True,36
random_6,2026-09-07,12,7,-1.0,False,37
random_6,2026-08-01,13,16,-2.0,False,0
random_6,2026-08-02,13,17,2.0,True,1
random_6,2026-08-03,13,11,1.0,False,2
random_6,2026-08-04,13,9,3.0,True,3
random_6,2026-08-05,13,0,-3.0,False,4
random_6,2026-08-06,13,14,0.0,True,5
random_6,2026-08-07,13,3,1.0,False,6
random_6,2026-08-08,13,4,2.0,True,7
random_6,2026-08-09,13,1,1.0,True,8
random_6,2026-08-10,13,7,1.0,False,9
random_6,2026-08-11,13,15,-1.0,True,10
random_6,2026-08-12,13,8,1.0,False,11
random_6,2026-08-13,13,18,-1.0,True,12
random_6,2026-08-14,13,5,3.0,False,13
random_6,2026-08-15,13,12,0.0,True,14
random_6,2026-08-16,13,19,-2.0,True,15
random_6,2026-08-17,13,10,4.0,False,16
random_6,2026-08-18,13,2,-1.0,False,17
random_6,2026-08-19,13,6,0.0,True,18
random_6,2026-08-20,13,18,-0.0,False,19
random_6,2026-08-21,13,7,2.0,True,20
random_6,2026-08-22,13,15,-2.0,False,21
random_6,2026-08-23,13,8,-5.0,True,22
random_6,2026-08-24,13,1,-1.0,False,23
random_6,2026-08-25,13,6,-2.0,False,24
random_6,2026-08-26,13,10,-1.0,True,25
random_6,2026-08-27,13,19,2.0,False,26
random_6,2026-08-28,13,2,-1.0,True,27
random_6,2026-08-29,13,11,0.0,True,28
random_6,2026-08-30,13,9,-0.0,False,29
random_6,2026-08-31,13,16,-1.0,True,30
random_6,2026-09-01,13,17,3.0,False,31
random_6,2026-09-02,13,12,-1.0,False,32
random_6,2026-09-03,13,5,0.0,True,33
random_6,2026-09-04,13,14,-0.0,False,34
random_6,2026-09-05,13,3,-1.0,True,35
random_6,2026-09-06,13,4,2.0,False,36
random_6,2026-09-07,13,0,3.0,True,37
random_6,2026-08-01,14,0,-1.0,True,0
random_6,2026-08-02,14,7,-2.0,False,1
random_6,2026-08-03,14,6,1.0,True,2
random_6,2026-08-04,14,15,-1.0,False,3
random_6,2026-08-05,14,18,2.0,True,4
random_6,2026-08-06,14,13,-0.0,False,5
random_6,2026-08-07,14,11,3.0,True,6
random_6,2026-08-08,14,2,1.0,False,7
random_6,2026-08-09,14,4,0.0,True,8
random_6,2026-08-10,14,17,2.0,False,9
random_6,2026-08-11,14,9,-2.0,True,10
random_6,2026-08-12,14,1,-0.0,False,11
random_6,2026-08-13,14,12,1.0,True,12
random_6,2026-08-14,14,3,1.0,False,13
random_6,2026-08-15,14,5,3.0,True,14
random_6,2026-08-16,14,10,1.0,True,15
random_6,2026-08-17,14,16,-0.0,False,16
random_6,2026-08-18,14,8,-1.0,False,17
random_6,2026-08-19,14,19,0.0,True,18
random_6,2026-08-20,14,12,-3.0,False,19
random_6,2026-08-21,14,17,1.0,True,20
random_6,2026-08-22,14,4,1.0,False,21
random_6,2026-08-23,14,1,0.0,True,22
random_6,2026-08-24,14,9,1.0,False,23
random_6,2026-08-25,14,19,-0.0,False,24
random_6,2026-08-26,14,16,0.0,True,25
random_6,2026-08-27,14,10,-1.0,False,26
random_6,2026-08-28,14,8,2.0,True,27
random_6,2026-08-29,14,6,1.0,False,28
random_6,2026-08-30,14,15,-5.0,True,29
random_6,2026-08-31,14,0,-2.0,False,30
random_6,2026-09-01,14,7,-2.0,True,31
random_6,2026-09-02,14,5,-1.0,False,32
random_6,2026-09-03,14,3,1.0,True,33
random_6,2026-09-04,14,13,0.0,True,34
random_6,2026-09-05,14,11,-3.0,False,35
random_6,2026-09-06,14,2,-1.0,True,36
random_6,2026-09-07,14,18,-3.0,False,37
random_6,2026-08-01,15,10,-2.0,False,0
random_6,2026-08-02,15,11,1.0,True,1
random_6,2026-08-03,15,8,1.0,False,2
random_6,2026-08-04,15,14,1.0,True,3
random_6,2026-08-05,15,9,-2.0,False,4
random_6,2026-08-06,15,19,0.0,True,5
random_6,2026-08-07,15,12,-0.0,False,6
random_6,2026-08-08,15,0,-3.0,True,7
random_6,2026-08-09,15,5,-3.0,False,8
random_6,2026-08-10,15,2,1.0,True,9
random_6,2026-08-11,15,13,1.0,False,10
random_6,2026-08-12,15,3,2.0,True,11
random_6,2026-08-13,15,16,1.0,False,12
random_6,2026-08-14,15,6,-1.0,True,13
random_6,2026-08-15,15,7,-1.0,False,14
random_6,2026-08-16,15,1,1.0,False,15
random_6,2026-08-17,15,17,-4.0,True,16
random_6,2026-08-18,15,18,3.0,True,17
random_6,2026-08-19,15,4,4.0,False,18
random_6,2026-08-20,15,16,2.0,True,19
random_6,2026-08-21,15,2,2.0,False,20
random_6,2026-08-22,15,13,2.0,True,21
random_6,2026-08-23,15,3,2.0,False,22
random_6,2026-08-24,15,5,0.0,True,23
random_6,2026-08-25,15,4,-1.0,True,24
random_6,2026-08-26,15,17,-2.0,False,25
random_6,2026-08-27,15,1,0.0,True,26
random_6,2026-08-28,15,18,1.0,False,27
random_6,2026-08-29,15,8,0.0,True,28
random_6,2026-08-30,15,14,5.0,False,29
random_6,2026-08-31,15,10,-1.0,True,30
random_6,2026-09-01,15,11,-2.0,False,31
random_6,2026-09-02,15,7,-2.0,True,32
random_6,2026-09-03,15,6,-0.0,False,33
random_6,2026-09-04,15,0,1.0,False,34
random_6,2026-09-05,15,12,-2.0,True,35
random_6,2026-09-06,15,19,1.0,False,36
random_6,2026-09-07,15,9,0.0,True,37
random_6,2026-08-01,16,13,2.0,True,0
random_6,2026-08-02,16,19,-1.0,False,1
random_6,2026-08-03,16,0,0.0,True,2
random_6,2026-08-04,16,12,1.0,False,3
random_6,2026-08-05,16,10,-2.0,True,4
random_6,2026-08-06,16,6,-3.0,False,5
random_6,2026-08-07,16,2,0.0,True,6
random_6,2026-08-08,16,7,-0.0,False,7
random_6,2026-08-09,16,8,-2.0,True,8
random_6,2026-08-10,16,9,-1.0,False,9
random_6,2026-08-11,16,1,-2.0,True,10
random_6,2026-08-12,16,4,1.0,False,11
random_6,2026-08-13,16,15,-1.0,True,12
random_6,2026-08-14,16,18,5.0,True,13
random_6,2026-08-15,16,11,1.0,False,14
random_6,2026-08-16,16,3,2.0,False,15
random_6,2026-08-17,16,14,0.0,True,16
random_6,2026-08-18,16,17,1.0,True,17
random_6,2026-08-19,16,5,2.0,False,18
random_6,2026-08-20,16,15,-2.0,False,19
random_6,2026-08-21,16,9,-2.0,True,20
random_6,2026-08-22,16,1,1.0,False,21
random_6,2026-08-23,16,4,0.0,True,22
random_6,2026-08-24,16,8,-0.0,False,23
random_6,2026-08-25,16,5,3.0,True,24
random_6,2026-08-26,16,14,-0.0,False,25
random_6,2026-08-27,16,3,3.0,True,26
random_6,2026-08-28,16,17,1.0,False,27
random_6,2026-08-29,16,0,-3.0,False,28
random_6,2026-08-30,16,12,0.0,True,29
random_6,2026-08-31,16,13,1.0,False,30
random_6,2026-09-01,16,19,-3.0,True,31
random_6,2026-09-02,16,11,0.0,True,32
random_6,2026-09-03,16,18,-0.0,False,33
random_6,2026-09-04,16,6,1.0,True,34
random_6,2026-09-05,16,2,-3.0,False,35
random_6,2026-09-06,16,7,-3.0,True,36
random_6,2026-09-07,16,10,-0.0,False,37
random_6,2026-08-01,17,12,-1.0,True,0
random_6,2026-08-02,17,13,-2.0,False,1
random_6,2026-08-03,17,19,-2.0,True,2
random_6,2026-08-04,17,2,1.0,False,3
random_6,2026-08-05,17,6,0.0,True,4
random_6,2026-08-06,17,7,-0.0,False,5
random_6,2026-08-07,17,1,1.0,True,6
random_6,2026-08-08,17,11,4.0,False,7
random_6,2026-08-09,17,3,-1.0,False,8
random_6,2026-08-10,17,14,-2.0,True,9
random_6,2026-08-11,17,0,-0.0,False,10
random_6,2026-08-12,17,5,-8.0,True,11
random_6,2026-08-13,17,10,-1.0,False,12
random_6,2026-08-14,17,4,-2.0,True,13
random_6,2026-08-15,17,18,-0.0,False,14
random_6,2026-08-16,17,8,-3.0,True,15
random_6,2026-08-17,17,15,4.0,False,16
random_6,2026-08-18,17,16,-1.0,False,17
random_6,2026-08-19,17,9,-5.0,True,18
random_6,2026-08-20,17,10,1.0,True,19
random_6,2026-08-21,17,14,-1.0,False,20
random_6,2026-08-22,17,0,5.0,True,21
random_6,2026-08-23,17,5,-1.0,False,22
random_6,2026-08-24,17,3,2.0,True,23
random_6,2026-08-25,17,9,-3.0,False,24
random_6,2026-08-26,17,15,2.0,True,25
random_6,2026-08-27,17,8,3.0,False,26
random_6,2026-08-28,17,16,-1.0,True,27
random_6,2026-08-29,17,19,-2.0,False,28
random_6,2026-08-30,17,2,1.0,True,29
random_6,2026-08-31,17,12,1.0,False,30
random_6,2026-09-01,17,13,-3.0,True,31
random_6,2026-09-02,17,18,-1.0,True,32
random_6,2026-09-03,17,4,-0.0,False,33
random_6,2026-09-04,17,7,-2.0,True,34
random_6,2026-09-05,17,1,-0.0,False,35
random_6,2026-09-06,17,11,0.0,True,36
random_6,2026-09-07,17,6,-1.0,False,37
random_6,2026-08-01,18,11,2.0,False,0
random_6,2026-08-02,18,9,1.0,True,1
random_6,2026-08-03,18,3,-1.0,False,2
random_6,2026-08-04,18,1,0.0,True,3
random_6,2026-08-05,18,14,-2.0,False,4
random_6,2026-08-06,18,4,-2.0,True,5
random_6,2026-08-07,18,0,-1.0,False,6
random_6,2026-08-08,18,12,1.0,True,7
random_6,2026-08-09,18,6,1.0,False,8
random_6,2026-08-10,18,5,-1.0,True,9
random_6,2026-08-11,18,2,-0.0,False,10
random_6,2026-08-12,18,19,0.0,True,11
random_6,2026-08-13,18,13,1.0,False,12
random_6,2026-08-14,18,16,-5.0,False,13
random_6,2026-08-15,18,17,0.0,True,14
random_6,2026-08-16,18,7,1.0,True,15
random_6,2026-08-17,18,8,-0.0,False,16
random_6,2026-08-18,18,15,-3.0,False,17
random_6,2026-08-19,18,10,3.0,True,18
random_6,2026-08-20,18,13,0.0,True,19
random_6,2026-08-21,18,5,-2.0,False,20
random_6,2026-08-22,18,6,-2.0,True,21
random_6,2026-08-23,18,19,-1.0,False,22
random_6,2026-08-24,18,2,1.0,True,23
random_6,2026-08-25,18,10,3.0,False,24
random_6,2026-08-26,18,8,-3.0,True,25
random_6,2026-08-27,18,7,-3.0,False,26
random_6,2026-08-28,18,15,-1.0,True,27
random_6,2026-08-29,18,3,-1.0,True,28
random_6,2026-08-30,18,1,1.0,False,29
random_6,2026-08-31,18,11,-1.0,True,30
random_6,2026-09-01,18,9,1.0,False,31
random_6,2026-09-02,18,17,1.0,False,32
random_6,2026-09-03,18,16,0.0,True,33
random_6,2026-09-04,18,4,-1.0,False,34
random_6,2026-09-05,18,0,-2.0,True,35
random_6,2026-09-06,18,12,1.0,False,36
random_6,2026-09-07,18,14,3.0,True,37
random_6,2026-08-01,19,3,-0.0,False,0
random_6,2026-08-02,19,16,1.0,True,1
random_6,2026-08-03,19,17,2.0,False,2
random_6,2026-08-04,19,8,0.0,True,3
random_6,2026-08-05,19,2,1.0,True,4
random_6,2026-08-06,19,15,-0.0,False,5
random_6,2026-08-07,19,6,2.0,True,6
random_6,2026-08-08,19,5,-1.0,False,7
random_6,2026-08-09,19,7,0.0,True,8
random_6,2026-08-10,19,12,1.0,False,9
random_6,2026-08-11,19,11,-5.0,True,10
random_6,2026-08-12,19,18,-0.0,False,11
random_6,2026-08-13,19,9,0.0,True,12
random_6,2026-08-14,19,1,1.0,True,13
random_6,2026-08-15,19,10,1.0,False,14
random_6,2026-08-16,19,13,2.0,False,15
random_6,2026-08-17,19,0,1.0,True,16
random_6,2026-08-18,19,4,1.0,True,17
random_6,2026-08-19,19,14,-0.0,False,18
random_6,2026-08-20,19,9,-0.0,False,19
random_6,2026-08-21,19,12,0.0,True,20
random_6,2026-08-22,19,7,1.0,False,21
random_6,2026-08-23,19,18,1.0,True,22
random_6,2026-08-24,19,11,-3.0,False,23
random_6,2026-08-25,19,14,0.0,True,24
random_6,2026-08-26,19,4,3.0,False,25
random_6,2026-08-27,19,13,-2.0,True,26
random_6,2026-08-28,19,0,-2.0,False,27
random_6,2026-08-29,19,17,2.0,True,28
random_6,2026-08-30,19,8,-2.0,False,29
random_6,2026-08-31,19,3,2.0,True,30
random_6,2026-09-01,19,16,3.0,False,31
random_6,2026-09-02,19,10,1.0,True,32
random_6,2026-09-03,19,1,-0.0,False,33
random_6,2026-09-04,19,5,-1.0,True,34
random_6,2026-09-05,19,6,-0.0,False,35
random_6,2026-09-06,19,15,-1.0,True,36
random_6,2026-09-07,19,2,-1.0,False,37
random_7,2026-08-01,0,14,1.0,False,0
random_7,2026-08-02,0,8,-2.0,True,1
random_7,2026-08-03,0,16,2.0,False,2
random_7,2026-08-04,0,3,1.0,True,3
random_7,2026-08-05,0,13,-3.0,True,4
random_7,2026-08-06,0,5,1.0,False,5
random_7,2026-08-07,0,18,0.0,True,6
random_7,2026-08-08,0,15,1.0,False,7
random_7,2026-08-09,0,12,0.0,True,8
random_7,2026-08-10,0,11,2.0,False,9
random_7,2026-08-11,0,17,1.0,True,10
random_7,2026-08-12,0,9,1.0,False,11
random_7,2026-08-13,0,4,0.0,True,12
random_7,2026-08-14,0,10,-2.0,True,13
random_7,2026-08-15,0,1,2.0,False,14
random_7,2026-08-16,0,6,-1.0,True,15
random_7,2026-08-17,0,19,1.0,False,16
random_7,2026-08-18,0,7,-0.0,False,17
random_7,2026-08-19,0,2,1.0,True,18
random_7,2026-08-20,0,4,-0.0,False,19
random_7,2026-08-21,0,11,-1.0,True,20
random_7,2026-08-22,0,17,-0.0,False,21
random_7,2026-08-23,0,9,0.0,True,22
random_7,2026-08-24,0,12,1.0,False,23
random_7,2026-08-25,0,2,1.0,False,24
random_7,2026-08-26,0,7,3.0,True,25
random_7,2026-08-27,0,6,7.0,False,26
random_7,2026-08-28,0,19,-1.0,True,27
random_7,2026-08-29,0,16,-3.0,True,28
random_7,2026-08-30,0,3,-3.0,False,29
random_7,2026-08-31,0,14,-2.0,True,30
random_7,2026-09-01,0,8,-0.0,False,31
random_7,2026-09-02,0,1,2.0,True,32
random_7,2026-09-03,0,10,-0.0,False,33
random_7,2026-09-04,0,15,2.0,True,34
random_7,2026-09-05,0,18,-3.0,False,35
random_7,2026-09-06,0,5,2.0,True,36
random_7,2026-09-07,0,13,-0.0,False,37
random_7,2026-08-01,1,6,3.0,True,0
random_7,2026-08-02,1,2,3.0,False,1
random_7,2026-08-03,1,5,-1.0,True,2
random_7,2026-08-04,1,18,2.0,False,3
random_7,2026-08-05,1,4,2.0,False,4
random_7,2026-08-06,1,12,-1.0,True,5
random_7,2026-08-07,1,17,-1.0,False,6
random_7,2026-08-08,1,8,3.0,True,7
random_7,2026-08-09,1,13,-2.0,False,8
random_7,2026-08-10,1,10,-1.0,True,9
random_7,2026-08-11,1,16,-0.0,False,10
random_7,2026-08-12,1,14,2.0,True,11
random_7,2026-08-13,1,3,-0.0,False,12
random_7,2026-08-14,1,19,2.0,False,13
random_7,2026-08-15,1,0,-2.0,True,14
random_7,2026-08-16,1,15,-4.0,True,15
random_7,2026-08-17,1,7,-0.0,False,16
random_7,2026-08-18,1,9,1.0,False,17
random_7,2026-08-19,1,11,-1.0,True,18
random_7,2026-08-20,1,3,2.0,True,19
random_7,2026-08-21,1,10,2.0,False,20
random_7,2026-08-22,1,16,3.0,True,21
random_7,2026-08-23,1,14,2.0,False,22
random_7,2026-08-24,1,13,-2.0,True,23
random_7,2026-08-25,1,11,-0.0,False,24
random_7,2026-08-26,1,9,-1.0,True,25
random_7,2026-08-27,1,15,3.0,False,26
random_7,2026-08-28,1,7,0.0,True,27
random_7,2026-08-29,1,5,2.0,False,28
random_7,2026-08-30,1,18,1.0,True,29
random_7,2026-08-31,1,6,-0.0,False,30
random_7,2026-09-01,1,2,-2.0,True,31
random_7,2026-09-02,1,0,-2.0,False,32
random_7,2026-09-03,1,19,4.0,True,33
random_7,2026-09-04,1,12,1.0,False,34
random_7,2026-09-05,1,17,0.0,True,35
random_7,2026-09-06,1,8,-1.0,False,36
random_7,2026-09-07,1,4,2.0,True,37
random_7,2026-08-01,2,4,3.0,False,0
random_7,2026-08-02,2,1,-3.0,True,1
random_7,2026-08-03,2,10,3.0,False,2
random_7,2026-08-04,2,17,3.0,True,3
random_7,2026-08-05,2,19,-0.0,False,4
random_7,2026-08-06,2,3,-1.0,True,5
random_7,2026-08-07,2,16,-1.0,False,6
random_7,2026-08-08,2,14,2.0,True,7
random_7,2026-08-09,2,9,-1.0,True,8
random_7,2026-08-10,2,15,1.0,False,9
random_7,2026-08-11,2,18,-1.0,True,10
random_7,2026-08-12,2,11,1.0,False,11
random_7,2026-08-13,2,8,0.0,True,12
random_7,2026-08-14,2,7,2.0,True,13
random_7,2026-08-15,2,6,1.0,False,14
random_7,2026-08-16,2,5,-1.0,False,15
random_7,2026-08-17,2,12,1.0,True,16
random_7,2026-08-18,2,13,-1.0,True,17
random_7,2026-08-19,2,0,-1.0,False,18
random_7,2026-08-20,2,8,1.0,False,19
random_7,2026-08-21,2,15,1.0,True,20
random_7,2026-08-22,2,9,-1.0,False,21
random_7,2026-08-23,2,11,0.0,True,22
random_7,2026-08-24,2,18,2.0,False,23
random_7,2026-08-25,2,0,-1.0,True,24
random_7,2026-08-26,2,12,4.0,False,25
random_7,2026-08-27,2,5,2.0,True,26
random_7,2026-08-28,2,13,-1.0,False,27
random_7,2026-08-29,2,10,0.0,True,28
random_7,2026-08-30,2,17,-1.0,False,29
random_7,2026-08-31,2,4,0.0,True,30
random_7,2026-09-01,2,1,2.0,False,31
random_7,2026-09-02,2,6,0.0,True,32
random_7,2026-09-03,2,7,-2.0,False,33
random_7,2026-09-04,2,3,1.0,False,34
random_7,2026-09-05,2,16,-1.0,True,35
random_7,2026-09-06,2,14,1.0,False,36
random_7,2026-09-07,2,19,1.0,True,37
random_7,2026-08-01,3,19,1.0,True,0
random_7,2026-08-02,3,12,-0.0,False,1
random_7,2026-08-03,3,18,0.0,True,2
random_7,2026-08-04,3,0,-1.0,False,3
random_7,2026-08-05,3,5,-1.0,True,4
random_7,2026-08-06,3,2,1.0,False,5
random_7,2026-08-07,3,13,-1.0,True,6
random_7,2026-08-08,3,10,-0.0,False,7
random_7,2026-08-09,3,17,-2.0,True,8
random_7,2026-08-10,3,4,2.0,False,9
random_7,2026-08-11,3,8,2.0,True,10
random_7,2026-08-12,3,15,-0.0,False,11
random_7,2026-08-13,3,1,0.0,True,12
random_7,2026-08-14,3,14,0.0,True,13
random_7,2026-08-15,3,9,7.0,False,14
random_7,2026-08-16,3,16,0.0,True,15
random_7,2026-08-17,3,11,-0.0,False,16
random_7,2026-08-18,3,6,-1.0,False,17
random_7,2026-08-19,3,7,-5.0,True,18
random_7,2026-08-20,3,1,-2.0,False,19
random_7,2026-08-21,3,4,3.0,True,20
random_7,2026-08-22,3,8,-5.0,False,21
random_7,2026-08-23,3,15,3.0,True,22
random_7,2026-08-24,3,17,3.0,False,23
random_7,2026-08-25,3,7,-2.0,False,24
random_7,2026-08-26,3,6,1.0,True,25
random_7,2026-08-27,3,16,1.0,False,26
random_7,2026-08-28,3,11,2.0,True,27
random_7,2026-08-29,3,18,-1.0,False,28
random_7,2026-08-30,3,0,3.0,True,29
random_7,2026-08-31,3,19,2.0,False,30
random_7,2026-09-01,3,12,0.0,True,31
random_7,2026-09-02,3,9,-2.0,True,32
random_7,2026-09-03,3,14,4.0,False,33
random_7,2026-09-04,3,2,-1.0,True,34
random_7,2026-09-05,3,13,-0.0,False,35
random_7,2026-09-06,3,10,1.0,True,36
random_7,2026-09-07,3,5,1.0,False,37
random_7,2026-08-01,4,2,-3.0,True,0
random_7,2026-08-02,4,5,2.0,False,1
random_7,2026-08-03,4,12,-3.0,True,2
random_7,2026-08-04,4,6,-0.0,False,3
random_7,2026-08-05,4,1,-2.0,True,4
random_7,2026-08-06,4,18,2.0,False,5
random_7,2026-08-07,4,7,0.0,True,6
random_7,2026-08-08,4,13,2.0,False,7
random_7,2026-08-09,4,14,-3.0,False,8
random_7,2026-08-10,4,3,-2.0,True,9
random_7,2026-08-11,4,10,1.0,False,10
random_7,2026-08-12,4,16,-2.0,True,11
random_7,2026-08-13,4,0,-0.0,False,12
random_7,2026-08-14,4,17,2.0,False,13
random_7,2026-08-15,4,8,-1.0,True,14
random_7,2026-08-16,4,11,-4.0,True,15
random_7,2026-08-17,4,9,-3.0,False,16
random_7,2026-08-18,4,19,-4.0,False,17
random_7,2026-08-19,4,15,-1.0,True,18
random_7,2026-08-20,4,0,0.0,True,19
random_7,2026-08-21,4,3,-3.0,False,20
random_7,2026-08-22,4,14,-1.0,True,21
random_7,2026-08-23,4,16,2.0,False,22
random_7,2026-08-24,4,10,0.0,True,23
random_7,2026-08-25,4,15,1.0,False,24
random_7,2026-08-26,4,19,0.0,True,25
random_7,2026-08-27,4,11,-2.0,False,26
random_7,2026-08-28,4,9,3.0,True,27
random_7,2026-08-29,4,12,-0.0,False,28
random_7,2026-08-30,4,6,1.0,True,29
random_7,2026-08-31,4,2,-0.0,False,30
random_7,2026-09-01,4,5,-1.0,True,31
random_7,2026-09-02,4,8,-1.0,False,32
random_7,2026-09-03,4,17,0.0,True,33
random_7,2026-09-04,4,18,2.0,True,34
random_7,2026-09-05,4,7,-1.0,False,35
random_7,2026-09-06,4,13,1.0,True,36
random_7,2026-09-07,4,1,-2.0,False,37
random_7,2026-08-01,5,9,-4.0,False,0
random_7,2026-08-02,5,4,-2.0,True,1
random_7,2026-08-03,5,1,1.0,False,2
random_7,2026-08-04,5,10,3.0,True,3
random_7,2026-08-05,5,3,1.0,False,4
random_7,2026-08-06,5,0,-1.0,True,5
random_7,2026-08-07,5,8,-0.0,False,6
random_7,2026-08-08,5,19,-1.0,True,7
random_7,2026-08-09,5,15,2.0,True,8
random_7,2026-08-10,5,18,-1.0,False,9
random_7,2026-08-11,5,12,2.0,True,10
random_7,2026-08-12,5,17,-7.0,False,11
random_7,2026-08-13,5,7,0.0,True,12
random_7,2026-08-14,5,13,-1.0,True,13
random_7,2026-08-15,5,14,2.0,False,14
random_7,2026-08-16,5,2,1.0,True,15
random_7,2026-08-17,5,6,-2.0,False,16
random_7,2026-08-18,5,11,5.0,False,17
random_7,2026-08-19,5,16,0.0,True,18
random_7,2026-08-20,5,7,-0.0,False,19
random_7,2026-08-21,5,18,2.0,True,20
random_7,2026-08-22,5,12,-0.0,False,21
random_7,2026-08-23,5,17,0.0,True,22
random_7,2026-08-24,5,15,2.0,False,23
random_7,2026-08-25,5,16,-0.0,False,24
random_7,2026-08-26,5,11,0.0,True,25
random_7,2026-08-27,5,2,-2.0,False,26
random_7,2026-08-28,5,6,-3.0,True,27
random_7,2026-08-29,5,1,-2.0,True,28
random_7,2026-08-30,5,10,-1.0,False,29
random_7,2026-08-31,5,9,-3.0,True,30
random_7,2026-09-01,5,4,1.0,False,31
random_7,2026-09-02,5,14,0.0,True,32
random_7,2026-09-03,5,13,2.0,False,33
random_7,2026-09-04,5,19,-0.0,False,34
random_7,2026-09-05,5,8,1.0,True,35
random_7,2026-09-06,5,0,-2.0,False,36
random_7,2026-09-07,5,3,-1.0,True,37
random_7,2026-08-01,6,1,-3.0,False,0
random_7,2026-08-02,6,10,2.0,True,1
random_7,2026-08-03,6,14,-1.0,False,2
random_7,2026-08-04,6,4,0.0,True,3
random_7,2026-08-05,6,17,2.0,False,4
random_7,2026-08-06,6,16,3.0,True,5
random_7,2026-08-07,6,19,-5.0,False,6
random_7,2026-08-08,6,9,-1.0,True,7
random_7,2026-08-09,6,18,4.0,True,8
random_7,2026-08-10,6,8,-1.0,False,9
random_7,2026-08-11,6,7,-3.0,True,10
random_7,2026-08-12,6,12,-3.0,False,11
random_7,2026-08-13,6,11,0.0,True,12
random_7,2026-08-14,6,15,2.0,False,13
random_7,2026-08-15,6,2,-1.0,True,14
random_7,2026-08-16,6,0,1.0,False,15
random_7,2026-08-17,6,5,2.0,True,16
random_7,2026-08-18,6,3,1.0,True,17
random_7,2026-08-19,6,13,-2.0,False,18
random_7,2026-08-20,6,11,1.0,False,19
random_7,2026-08-21,6,8,-4.0,True,20
random_7,2026-08-22,6,18,1.0,False,21
random_7,2026-08-23,6,12,1.0,True,22
random_7,2026-08-24,6,7,-0.0,False,23
random_7,2026-08-25,6,13,3.0,True,24
random_7,2026-08-26,6,3,-1.0,False,25
random_7,2026-08-27,6,0,-7.0,True,26
random_7,2026-08-28,6,5,3.0,False,27
random_7,2026-08-29,6,14,1.0,True,28
random_7,2026-08-30,6,4,-1.0,False,29
random_7,2026-08-31,6,1,0.0,True,30
random_7,2026-09-01,6,10,-3.0,False,31
random_7,2026-09-02,6,2,-0.0,False,32
random_7,2026-09-03,6,15,0.0,True,33
random_7,2026-09-04,6,16,2.0,False,34
random_7,2026-09-05,6,19,-3.0,True,35
random_7,2026-09-06,6,9,-1.0,False,36
random_7,2026-09-07,6,17,1.0,True,37
random_7,2026-08-01,7,8,-0.0,False,0
random_7,2026-08-02,7,14,-2.0,True,1
random_7,2026-08-03,7,9,-0.0,False,2
random_7,2026-08-04,7,11,2.0,True,3
random_7,2026-08-05,7,12,1.0,False,4
random_7,2026-08-06,7,17,1.0,True,5
random_7,2026-08-07,7,4,-0.0,False,6
random_7,2026-08-08,7,16,0.0,True,7
random_7,2026-08-09,7,19,-1.0,False,8
random_7,2026-08-10,7,13,-2.0,True,9
random_7,2026-08-11,7,6,3.0,False,10
random_7,2026-08-12,7,10,1.0,True,11
random_7,2026-08-13,7,5,-0.0,False,12
random_7,2026-08-14,7,2,-2.0,False,13
random_7,2026-08-15,7,15,0.0,True,14
random_7,2026-08-16,7,18,-4.0,False,15
random_7,2026-08-17,7,1,0.0,True,16
random_7,2026-08-18,7,0,0.0,True,17
random_7,2026-08-19,7,3,5.0,False,18
random_7,2026-08-20,7,5,0.0,True,19
random_7,2026-08-21,7,13,-5.0,False,20
random_7,2026-08-22,7,19,0.0,True,21
random_7,2026-08-23,7,10,-0.0,False,22
random_7,2026-08-24,7,6,0.0,True,23
random_7,2026-08-25,7,3,2.0,True,24
random_7,2026-08-26,7,0,-3.0,False,25
random_7,2026-08-27,7,18,0.0,True,26
random_7,2026-08-28,7,1,-0.0,False,27
random_7,2026-08-29,7,9,-2.0,True,28
random_7,2026-08-30,7,11,1.0,False,29
random_7,2026-08-31,7,8,1.0,True,30
random_7,2026-09-01,7,14,-0.0,False,31
random_7,2026-09-02,7,15,1.0,False,32
random_7,2026-09-03,7,2,2.0,True,33
random_7,2026-09-04,7,17,1.0,False,34
random_7,2026-09-05,7,4,1.0,True,35
random_7,2026-09-06,7,16,-1.0,False,36
random_7,2026-09-07,7,12,1.0,True,37
random_7,2026-08-01,8,7,0.0,True,0
random_7,2026-08-02,8,0,2.0,False,1
random_7,2026-08-03,8,15,-1.0,True,2
random_7,2026-08-04,8,19,2.0,False,3
random_7,2026-08-05,8,11,-1.0,True,4
random_7,2026-08-06,8,10,-0.0,False,5
random_7,2026-08-07,8,5,0.0,True,6
random_7,2026-08-08,8,1,-3.0,False,7
random_7,2026-08-09,8,16,-0.0,False,8
random_7,2026-08-10,8,6,1.0,True,9
random_7,2026-08-11,8,3,-2.0,False,10
random_7,2026-08-12,8,13,-3.0,True,11
random_7,2026-08-13,8,2,-0.0,False,12
random_7,2026-08-14,8,9,-1.0,True,13
random_7,2026-08-15,8,4,1.0,False,14
random_7,2026-08-16,8,17,-1.0,False,15
random_7,2026-08-17,8,18,0.0,True,16
random_7,2026-08-18,8,14,0.0,True,17
random_7,2026-08-19,8,12,-0.0,False,18
random_7,2026-08-20,8,2,-1.0,True,19
random_7,2026-08-21,8,6,4.0,False,20
random_7,2026-08-22,8,3,5.0,True,21
random_7,2026-08-23,8,13,-0.0,False,22
random_7,2026-08-24,8,16,0.0,True,23
random_7,2026-08-25,8,12,0.0,True,24
random_7,2026-08-26,8,18,-0.0,False,25
random_7,2026-08-27,8,17,0.0,True,26
random_7,2026-08-28,8,14,1.0,False,27
random_7,2026-08-29,8,15,-0.0,False,28
random_7,2026-08-30,8,19,1.0,True,29
random_7,2026-08-31,8,7,-1.0,False,30
random_7,2026-09-01,8,0,0.0,True,31
random_7,2026-09-02,8,4,1.0,True,32
random_7,2026-09-03,8,9,-0.0,False,33
random_7,2026-09-04,8,10,-2.0,True,34
random_7,2026-09-05,8,5,-1.0,False,35
random_7,2026-09-06,8,1,1.0,True,36
random_7,2026-09-07,8,11,2.0,False,37
random_7,2026-08-01,9,5,4.0,True,0
random_7,2026-08-02,9,18,1.0,False,1
random_7,2026-08-03,9,7,0.0,True,2
random_7,2026-08-04,9,13,1.0,False,3
random_7,2026-08-05,9,15,1.0,True,4
random_7,2026-08-06,9,11,4.0,False,5
random_7,2026-08-07,9,10,1.0,True,6
random_7,2026-08-08,9,6,1.0,False,7
random_7,2026-08-09,9,2,1.0,False,8
random_7,2026-08-10,9,16,3.0,True,9
random_7,2026-08-11,9,14,-0.0,False,10
random_7,2026-08-12,9,0,-1.0,True,11
random_7,2026-08-13,9,19,-0.0,False,12
random_7,2026-08-14,9,8,1.0,False,13
random_7,2026-08-15,9,3,-7.0,True,14
random_7,2026-08-16,9,12,2.0,False,15
random_7,2026-08-17,9,4,3.0,True,16
random_7,2026-08-18,9,1,-1.0,True,17
random_7,2026-08-19,9,17,-0.0,False,18
random_7,2026-08-20,9,19,-1.0,True,19
random_7,2026-08-21,9,16,-0.0,False,20
random_7,2026-08-22,9,2,1.0,True,21
random_7,2026-08-23,9,0,-0.0,False,22
random_7,2026-08-24,9,14,1.0,True,23
random_7,2026-08-25,9,17,1.0,True,24
random_7,2026-08-26,9,1,1.0,False,25
random_7,2026-08-27,9,12,-1.0,True,26
random_7,2026-08-28,9,4,-3.0,False,27
random_7,2026-08-29,9,7,2.0,False,28
random_7,2026-08-30,9,13,1.0,True,29
random_7,2026-08-31,9,5,3.0,False,30
random_7,2026-09-01,9,18,-1.0,True,31
random_7,2026-09-02,9,3,2.0,False,32
random_7,2026-09-03,9,8,0.0,True,33
random_7,2026-09-04,9,11,-2.0,True,34
random_7,2026-09-05,9,10,2.0,False,35
random_7,2026-09-06,9,6,1.0,True,36
random_7,2026-09-07,9,15,3.0,False,37
random_7,2026-08-01,10,15,-3.0,True,0
random_7,2026-08-02,10,6,-2.0,False,1
random_7,2026-08-03,10,2,-3.0,True,2
random_7,2026-08-04,10,5,-3.0,False,3
random_7,2026-08-05,10,16,2.0,False,4
random_7,2026-08-06,10,8,0.0,True,5
random_7,2026-08-07,10,9,-1.0,False,6
random_7,2026-08-08,10,3,0.0,True,7
random_7,2026-08-09,10,11,0.0,True,8
random_7,2026-08-10,10,1,1.0,False,9
random_7,2026-08-11,10,4,-1.0,True,10
random_7,2026-08-12,10,7,-1.0,False,11
random_7,2026-08-13,10,17,-1.0,True,12
random_7,2026-08-14,10,0,2.0,False,13
random_7,2026-08-15,10,19,-4.0,True,14
random_7,2026-08-16,10,14,1.0,False,15
random_7,2026-08-17,10,13,-3.0,True,16
random_7,2026-08-18,10,12,0.0,True,17
random_7,2026-08-19,10,18,1.0,False,18
random_7,2026-08-20,10,17,1.0,False,19
random_7,2026-08-21,10,1,-2.0,True,20
random_7,2026-08-22,10,11,-1.0,False,21
random_7,2026-08-23,10,7,0.0,True,22
random_7,2026-08-24,10,4,-0.0,False,23
random_7,2026-08-25,10,18,3.0,True,24
random_7,2026-08-26,10,13,-1.0,False,25
random_7,2026-08-27,10,14,3.0,True,26
random_7,2026-08-28,10,12,-0.0,False,27
random_7,2026-08-29,10,2,-0.0,False,28
random_7,2026-08-30,10,5,1.0,True,29
random_7,2026-08-31,10,15,-4.0,False,30
random_7,2026-09-01,10,6,3.0,True,31
random_7,2026-09-02,10,19,1.0,False,32
random_7,2026-09-03,10,0,0.0,True,33
random_7,2026-09-04,10,8,2.0,False,34
random_7,2026-09-05,10,9,-2.0,True,35
random_7,2026-09-06,10,3,-1.0,False,36
random_7,2026-09-07,10,16,-1.0,True,37
random_7,2026-08-01,11,18,0.0,True,0
random_7,2026-08-02,11,15,1.0,False,1
random_7,2026-08-03,11,13,0.0,True,2
random_7,2026-08-04,11,7,-2.0,False,3
random_7,2026-08-05,11,8,1.0,False,4
random_7,2026-08-06,11,9,-4.0,True,5
random_7,2026-08-07,11,14,-1.0,False,6
random_7,2026-08-08,11,17,2.0,True,7
random_7,2026-08-09,11,10,-0.0,False,8
random_7,2026-08-10,11,0,-2.0,True,9
random_7,2026-08-11,11,19,2.0,False,10
random_7,2026-08-12,11,2,-1.0,True,11
random_7,2026-08-13,11,6,-0.0,False,12
random_7,2026-08-14,11,12,1.0,False,13
random_7,2026-08-15,11,16,2.0,True,14
random_7,2026-08-16,11,4,4.0,False,15
random_7,2026-08-17,11,3,0.0,True,16
random_7,2026-08-18,11,5,-5.0,True,17
random_7,2026-08-19,11,1,1.0,False,18
random_7,2026-08-20,11,6,-1.0,True,19
random_7,2026-08-21,11,0,1.0,False,20
random_7,2026-08-22,11,10,1.0,True,21
random_7,2026-08-23,11,2,-0.0,False,22
random_7,2026-08-24,11,19,-1.0,True,23
random_7,2026-08-25,11,1,0.0,True,24
random_7,2026-08-26,11,5,-0.0,False,25
random_7,2026-08-27,11,4,2.0,True,26
random_7,2026-08-28,11,3,-2.0,False,27
random_7,2026-08-29,11,13,-1.0,False,28
random_7,2026-08-30,11,7,-1.0,True,29
random_7,2026-08-31,11,18,-1.0,False,30
random_7,2026-09-01,11,15,0.0,True,31
random_7,2026-09-02,11,16,-1.0,False,32
random_7,2026-09-03,11,12,-1.0,True,33
random_7,2026-09-04,11,9,2.0,False,34
random_7,2026-09-05,11,14,1.0,True,35
random_7,2026-09-06,11,17,-0.0,False,36
random_7,2026-09-07,11,8,-2.0,True,37
random_7,2026-08-01,12,17,2.0,False,0
random_7,2026-08-02,12,3,0.0,True,1
random_7,2026-08-03,12,4,3.0,False,2
random_7,2026-08-04,12,16,2.0,True,3
random_7,2026-08-05,12,7,-1.0,True,4
random_7,2026-08-06,12,1,1.0,False,5
random_7,2026-08-07,12,15,1.0,True,6
random_7,2026-08-08,12,18,-3.0,False,7
random_7,2026-08-09,12,0,-0.0,False,8
random_7,2026-08-10,12,19,-2.0,True,9
random_7,2026-08-11,12,5,-2.0,False,10
random_7,2026-08-12,12,6,3.0,True,11
random_7,2026-08-13,12,14,-1.0,False,12
random_7,2026-08-14,12,11,-1.0,True,13
random_7,2026-08-15,12,13,2.0,False,14
random_7,2026-08-16,12,9,-2.0,True,15
random_7,2026-08-17,12,2,-1.0,False,16
random_7,2026-08-18,12,10,-0.0,False,17
random_7,2026-08-19,12,8,0.0,True,18
random_7,2026-08-20,12,14,0.0,True,19
random_7,2026-08-21,12,19,2.0,False,20
random_7,2026-08-22,12,5,0.0,True,21
random_7,2026-08-23,12,6,-1.0,False,22
random_7,2026-08-24,12,0,-1.0,True,23
random_7,2026-08-25,12,8,-0.0,False,24
random_7,2026-08-26,12,2,-4.0,True,25
random_7,2026-08-27,12,9,1.0,False,26
random_7,2026-08-28,12,10,0.0,True,27
random_7,2026-08-29,12,4,0.0,True,28
random_7,2026-08-30,12,16,-1.0,False,29
random_7,2026-08-31,12,17,1.0,True,30
random_7,2026-09-01,12,3,-0.0,False,31
random_7,2026-09-02,12,13,1.0,True,32
random_7,2026-09-03,12,11,1.0,False,33
random_7,2026-09-04,12,1,-1.0,True,34
random_7,2026-09-05,12,15,1.0,False,35
random_7,2026-09-06,12,18,0.0,True,36
random_7,2026-09-07,12,7,-1.0,False,37
random_7,2026-08-01,13,16,-4.0,False,0
random_7,2026-08-02,13,17,-1.0,True,1
random_7,2026-08-03,13,11,-0.0,False,2
random_7,2026-08-04,13,9,-1.0,True,3
random_7,2026-08-05,13,0,3.0,False,4
random_7,2026-08-06,13,14,-2.0,True,5
random_7,2026-08-07,13,3,1.0,False,6
random_7,2026-08-08,13,4,-2.0,True,7
random_7,2026-08-09,13,1,2.0,True,8
random_7,2026-08-10,13,7,2.0,False,9
random_7,2026-08-11,13,15,0.0,True,10
random_7,2026-08-12,13,8,3.0,False,11
random_7,2026-08-13,13,18,-3.0,True,12
random_7,2026-08-14,13,5,1.0,False,13
random_7,2026-08-15,13,12,-2.0,True,14
random_7,2026-08-16,13,19,0.0,True,15
random_7,2026-08-17,13,10,3.0,False,16
random_7,2026-08-18,13,2,1.0,False,17
random_7,2026-08-19,13,6,2.0,True,18
random_7,2026-08-20,13,18,4.0,False,19
random_7,2026-08-21,13,7,5.0,True,20
random_7,2026-08-22,13,15,2.0,False,21
random_7,2026-08-23,13,8,0.0,True,22
random_7,2026-08-24,13,1,2.0,False,23
random_7,2026-08-25,13,6,-3.0,False,24
random_7,2026-08-26,13,10,1.0,True,25
random_7,2026-08-27,13,19,-1.0,False,26
random_7,2026-08-28,13,2,1.0,True,27
random_7,2026-08-29,13,11,1.0,True,28
random_7,2026-08-30,13,9,-1.0,False,29
random_7,2026-08-31,13,16,0.0,True,30
random_7,2026-09-01,13,17,2.0,False,31
random_7,2026-09-02,13,12,-1.0,False,32
random_7,2026-09-03,13,5,-2.0,True,33
random_7,2026-09-04,13,14,-3.0,False,34
random_7,2026-09-05,13,3,0.0,True,35
random_7,2026-09-06,13,4,-1.0,False,36
random_7,2026-09-07,13,0,0.0,True,37
random_7,2026-08-01,14,0,-1.0,True,0
random_7,2026-08-02,14,7,2.0,False,1
random_7,2026-08-03,14,6,1.0,True,2
random_7,2026-08-04,14,15,-1.0,False,3
random_7,2026-08-05,14,18,-1.0,True,4
random_7,2026-08-06,14,13,2.0,False,5
random_7,2026-08-07,14,11,1.0,True,6
random_7,2026-08-08,14,2,-2.0,False,7
random_7,2026-08-09,14,4,3.0,True,8
random_7,2026-08-10,14,17,-1.0,False,9
random_7,2026-08-11,14,9,0.0,True,10
random_7,2026-08-12,14,1,-2.0,False,11
random_7,2026-08-13,14,12,1.0,True,12
random_7,2026-08-14,14,3,-0.0,False,13
random_7,2026-08-15,14,5,-2.0,True,14
random_7,2026-08-16,14,10,-1.0,True,15
random_7,2026-08-17,14,16,2.0,False,16
random_7,2026-08-18,14,8,-0.0,False,17
random_7,2026-08-19,14,19,-1.0,True,18
random_7,2026-08-20,14,12,-0.0,False,19
random_7,2026-08-21,14,17,0.0,True,20
random_7,2026-08-22,14,4,1.0,False,21
random_7,2026-08-23,14,1,-2.0,True,22
random_7,2026-08-24,14,9,-1.0,False,23
random_7,2026-08-25,14,19,-1.0,False,24
random_7,2026-08-26,14,16,-3.0,True,25
random_7,2026-08-27,14,10,-3.0,False,26
random_7,2026-08-28,14,8,-1.0,True,27
random_7,2026-08-29,14,6,-1.0,False,28
random_7,2026-08-30,14,15,1.0,True,29
random_7,2026-08-31,14,0,2.0,False,30
random_7,2026-09-01,14,7,0.0,True,31
random_7,2026-09-02,14,5,-0.0,False,32
random_7,2026-09-03,14,3,-4.0,True,33
random_7,2026-09-04,14,13,3.0,True,34
random_7,2026-09-05,14,11,-1.0,False,35
random_7,2026-09-06,14,2,-1.0,True,36
random_7,2026-09-07,14,18,-1.0,False,37
random_7,2026-08-01,15,10,3.0,False,0
random_7,2026-08-02,15,11,-1.0,True,1
random_7,2026-08-03,15,8,1.0,False,2
random_7,2026-08-04,15,14,1.0,True,3
random_7,2026-08-05,15,9,-1.0,False,4
random_7,2026-08-06,15,19,2.0,True,5
random_7,2026-08-07,15,12,-1.0,False,6
random_7,2026-08-08,15,0,-1.0,True,7
random_7,2026-08-09,15,5,-2.0,False,8
random_7,2026-08-10,15,2,-1.0,True,9
random_7,2026-08-11,15,13,-0.0,False,10
random_7,2026-08-12,15,3,0.0,True,11
random_7,2026-08-13,15,16,1.0,False,12
random_7,2026-08-14,15,6,-2.0,True,13
random_7,2026-08-15,15,7,-0.0,False,14
random_7,2026-08-16,15,1,4.0,False,15
random_7,2026-08-17,15,17,1.0,True,16
random_7,2026-08-18,15,18,2.0,True,17
random_7,2026-08-19,15,4,1.0,False,18
random_7,2026-08-20,15,16,0.0,True,19
random_7,2026-08-21,15,2,-1.0,False,20
random_7,2026-08-22,15,13,-2.0,True,21
random_7,2026-08-23,15,3,-3.0,False,22
random_7,2026-08-24,15,5,-2.0,True,23
random_7,2026-08-25,15,4,-1.0,True,24
random_7,2026-08-26,15,17,-2.0,False,25
random_7,2026-08-27,15,1,-3.0,True,26
random_7,2026-08-28,15,18,4.0,False,27
random_7,2026-08-29,15,8,0.0,True,28
random_7,2026-08-30,15,14,-1.0,False,29
random_7,2026-08-31,15,10,4.0,True,30
random_7,2026-09-01,15,11,-0.0,False,31
random_7,2026-09-02,15,7,-1.0,True,32
random_7,2026-09-03,15,6,-0.0,False,33
random_7,2026-09-04,15,0,-2.0,False,34
random_7,2026-09-05,15,12,-1.0,True,35
random_7,2026-09-06,15,19,-4.0,False,36
random_7,2026-09-07,15,9,-3.0,True,37
random_7,2026-08-01,16,13,4.0,True,0
random_7,2026-08-02,16,19,-4.0,False,1
random_7,2026-08-03,16,0,-2.0,True,2
random_7,2026-08-04,16,12,-2.0,False,3
random_7,2026-08-05,16,10,-2.0,True,4
random_7,2026-08-06,16,6,-3.0,False,5
random_7,2026-08-07,16,2,1.0,True,6
random_7,2026-08-08,16,7,-0.0,False,7
random_7,2026-08-09,16,8,0.0,True,8
random_7,2026-08-10,16,9,-3.0,False,9
random_7,2026-08-11,16,1,0.0,True,10
random_7,2026-08-12,16,4,2.0,False,11
random_7,2026-08-13,16,15,-1.0,True,12
random_7,2026-08-14,16,18,-2.0,True,13
random_7,2026-08-15,16,11,-2.0,False,14
random_7,2026-08-16,16,3,-0.0,False,15
random_7,2026-08-17,16,14,-2.0,True,16
random_7,2026-08-18,16,17,-2.0,True,17
random_7,2026-08-19,16,5,-0.0,False,18
random_7,2026-08-20,16,15,-0.0,False,19
random_7,2026-08-21,16,9,0.0,True,20
random_7,2026-08-22,16,1,-3.0,False,21
random_7,2026-08-23,16,4,-2.0,True,22
random_7,2026-08-24,16,8,-0.0,False,23
random_7,2026-08-25,16,5,0.0,True,24
random_7,2026-08-26,16,14,3.0,False,25
random_7,2026-08-27,16,3,-1.0,True,26
random_7,2026-08-28,16,17,1.0,False,27
random_7,2026-08-29,16,0,3.0,False,28
random_7,2026-08-30,16,12,1.0,True,29
random_7,2026-08-31,16,13,-0.0,False,30
random_7,2026-09-01,16,19,2.0,True,31
random_7,2026-09-02,16,11,1.0,True,32
random_7,2026-09-03,16,18,-1.0,False,33
random_7,2026-09-04,16,6,-2.0,True,34
random_7,2026-09-05,16,2,1.0,False,35
random_7,2026-09-06,16,7,1.0,True,36
random_7,2026-09-07,16,10,1.0,False,37
random_7,2026-08-01,17,12,-2.0,True,0
random_7,2026-08-02,17,13,1.0,False,1
random_7,2026-08-03,17,19,-2.0,True,2
random_7,2026-08-04,17,2,-3.0,False,3
random_7,2026-08-05,17,6,-2.0,True,4
random_7,2026-08-06,17,7,-1.0,False,5
random_7,2026-08-07,17,1,1.0,True,6
random_7,2026-08-08,17,11,-2.0,False,7
random_7,2026-08-09,17,3,2.0,False,8
random_7,2026-08-10,17,14,1.0,True,9
random_7,2026-08-11,17,0,-1.0,False,10
random_7,2026-08-12,17,5,7.0,True,11
random_7,2026-08-13,17,10,1.0,False,12
random_7,2026-08-14,17,4,-2.0,True,13
random_7,2026-08-15,17,18,3.0,False,14
random_7,2026-08-16,17,8,1.0,True,15
random_7,2026-08-17,17,15,-1.0,False,16
random_7,2026-08-18,17,16,2.0,False,17
random_7,2026-08-19,17,9,0.0,True,18
random_7,2026-08-20,17,10,-1.0,True,19
random_7,2026-08-21,17,14,-0.0,False,20
random_7,2026-08-22,17,0,0.0,True,21
random_7,2026-08-23,17,5,-0.0,False,22
random_7,2026-08-24,17,3,-3.0,True,23
random_7,2026-08-25,17,9,-1.0,False,24
random_7,2026-08-26,17,15,2.0,True,25
random_7,2026-08-27,17,8,-0.0,False,26
random_7,2026-08-28,17,16,-1.0,True,27
random_7,2026-08-29,17,19,-3.0,False,28
random_7,2026-08-30,17,2,1.0,True,29
random_7,2026-08-31,17,12,-1.0,False,30
random_7,2026-09-01,17,13,-2.0,True,31
random_7,2026-09-02,17,18,-1.0,True,32
random_7,2026-09-03,17,4,-0.0,False,33
random_7,2026-09-04,17,7,-1.0,True,34
random_7,2026-09-05,17,1,-0.0,False,35
random_7,2026-09-06,17,11,0.0,True,36
random_7,2026-09-07,17,6,-1.0,False,37
random_7,2026-08-01,18,11,-0.0,False,0
random_7,2026-08-02,18,9,-1.0,True,1
random_7,2026-08-03,18,3,-0.0,False,2
random_7,2026-08-04,18,1,-2.0,True,3
random_7,2026-08-05,18,14,1.0,False,4
random_7,2026-08-06,18,4,-2.0,True,5
random_7,2026-08-07,18,0,-0.0,False,6
random_7,2026-08-08,18,12,3.0,True,7
random_7,2026-08-09,18,6,-4.0,False,8
random_7,2026-08-10,18,5,1.0,True,9
random_7,2026-08-11,18,2,1.0,False,10
random_7,2026-08-12,18,19,0.0,True,11
random_7,2026-08-13,18,13,3.0,False,12
random_7,2026-08-14,18,16,2.0,False,13
random_7,2026-08-15,18,17,-3.0,True,14
random_7,2026-08-16,18,7,4.0,True,15
random_7,2026-08-17,18,8,-0.0,False,16
random_7,2026-08-18,18,15,-2.0,False,17
random_7,2026-08-19,18,10,-1.0,True,18
random_7,2026-08-20,18,13,-4.0,True,19
random_7,2026-08-21,18,5,-2.0,False,20
random_7,2026-08-22,18,6,-1.0,True,21
random_7,2026-08-23,18,19,2.0,False,22
random_7,2026-08-24,18,2,-2.0,True,23
random_7,2026-08-25,18,10,-3.0,False,24
random_7,2026-08-26,18,8,0.0,True,25
random_7,2026-08-27,18,7,-0.0,False,26
random_7,2026-08-28,18,15,-4.0,True,27
random_7,2026-08-29,18,3,1.0,True,28
random_7,2026-08-30,18,1,-1.0,False,29
random_7,2026-08-31,18,11,1.0,True,30
random_7,2026-09-01,18,9,1.0,False,31
random_7,2026-09-02,18,17,1.0,False,32
random_7,2026-09-03,18,16,1.0,True,33
random_7,2026-09-04,18,4,-2.0,False,34
random_7,2026-09-05,18,0,3.0,True,35
random_7,2026-09-06,18,12,-0.0,False,36
random_7,2026-09-07,18,14,1.0,True,37
random_7,2026-08-01,19,3,-1.0,False,0
random_7,2026-08-02,19,16,4.0,True,1
random_7,2026-08-03,19,17,2.0,False,2
random_7,2026-08-04,19,8,-2.0,True,3
random_7,2026-08-05,19,2,0.0,True,4
random_7,2026-08-06,19,15,-2.0,False,5
random_7,2026-08-07,19,6,5.0,True,6
random_7,2026-08-08,19,5,1.0,False,7
random_7,2026-08-09,19,7,1.0,True,8
random_7,2026-08-10,19,12,2.0,False,9
random_7,2026-08-11,19,11,-2.0,True,10
random_7,2026-08-12,19,18,-0.0,False,11
random_7,2026-08-13,19,9,0.0,True,12
random_7,2026-08-14,19,1,-2.0,True,13
random_7,2026-08-15,19,10,4.0,False,14
random_7,2026-08-16,19,13,-0.0,False,15
random_7,2026-08-17,19,0,-1.0,True,16
random_7,2026-08-18,19,4,4.0,True,17
random_7,2026-08-19,19,14,1.0,False,18
random_7,2026-08-20,19,9,1.0,False,19
random_7,2026-08-21,19,12,-2.0,True,20
random_7,2026-08-22,19,7,-0.0,False,21
random_7,2026-08-23,19,18,-2.0,True,22
random_7,2026-08-24,19,11,1.0,False,23
random_7,2026-08-25,19,14,1.0,True,24
random_7,2026-08-26,19,4,-0.0,False,25
random_7,2026-08-27,19,13,1.0,True,26
random_7,2026-08-28,19,0,1.0,False,27
random_7,2026-08-29,19,17,3.0,True,28
random_7,2026-08-30,19,8,-1.0,False,29
random_7,2026-08-31,19,3,-2.0,True,30
random_7,2026-09-01,19,16,-2.0,False,31
random_7,2026-09-02,19,10,-1.0,True,32
random_7,2026-09-03,19,1,-4.0,False,33
random_7,2026-09-04,19,5,0.0,True,34
random_7,2026-09-05,19,6,3.0,False,35
random_7,2026-09-06,19,15,4.0,True,36
random_7,2026-09-07,19,2,-1.0,False,37
random_8,2026-08-01,0,14,-1.0,False,0
random_8,2026-08-02,0,8,0.0,True,1
random_8,2026-08-03,0,16,2.0,False,2
random_8,2026-08-04,0,3,0.0,True,3
random_8,2026-08-05,0,13,1.0,True,4
random_8,2026-08-06,0,5,-0.0,False,5
random_8,2026-08-07,0,18,-2.0,True,6
random_8,2026-08-08,0,15,-0.0,False,7
random_8,2026-08-09,0,12,0.0,True,8
random_8,2026-08-10,0,11,2.0,False,9
random_8,2026-08-11,0,17,-2.0,True,10
random_8,2026-08-12,0,9,5.0,False,11
random_8,2026-08-13,0,4,1.0,True,12
random_8,2026-08-14,0,10,-1.0,True,13
random_8,2026-08-15,0,1,-1.0,False,14
random_8,2026-08-16,0,6,-4.0,True,15
random_8,2026-08-17,0,19,4.0,False,16
random_8,2026-08-18,0,7,-2.0,False,17
random_8,2026-08-19,0,2,0.0,True,18
random_8,2026-08-20,0,4,-1.0,False,19
random_8,2026-08-21,0,11,-2.0,True,20
random_8,2026-08-22,0,17,-0.0,False,21
random_8,2026-08-23,0,9,-1.0,True,22
random_8,2026-08-24,0,12,1.0,False,23
random_8,2026-08-25,0,2,-2.0,False,24
random_8,2026-08-26,0,7,-1.0,True,25
random_8,2026-08-27,0,6,-0.0,False,26
random_8,2026-08-28,0,19,1.0,True,27
random_8,2026-08-29,0,16,-1.0,True,28
random_8,2026-08-30,0,3,-0.0,False,29
random_8,2026-08-31,0,14,1.0,True,30
random_8,2026-09-01,0,8,-1.0,False,31
random_8,2026-09-02,0,1,0.0,True,32
random_8,2026-09-03,0,10,-2.0,False,33
random_8,2026-09-04,0,15,-5.0,True,34
random_8,2026-09-05,0,18,5.0,False,35
random_8,2026-09-06,0,5,0.0,True,36
random_8,2026-09-07,0,13,1.0,False,37
random_8,2026-08-01,1,6,1.0,True,0
random_8,2026-08-02,1,2,-0.0,False,1
random_8,2026-08-03,1,5,-2.0,True,2
random_8,2026-08-04,1,18,-1.0,False,3
random_8,2026-08-05,1,4,1.0,False,4
random_8,2026-08-06,1,12,0.0,True,5
random_8,2026-08-07,1,17,-1.0,False,6
random_8,2026-08-08,1,8,0.0,True,7
random_8,2026-08-09,1,13,1.0,False,8
random_8,2026-08-10,1,10,1.0,True,9
random_8,2026-08-11,1,16,-2.0,False,10
random_8,2026-08-12,1,14,-3.0,True,11
random_8,2026-08-13,1,3,-0.0,False,12
random_8,2026-08-14,1,19,-1.0,False,13
random_8,2026-08-15,1,0,1.0,True,14
random_8,2026-08-16,1,15,1.0,True,15
random_8,2026-08-17,1,7,4.0,False,16
random_8,2026-08-18,1,9,-1.0,False,17
random_8,2026-08-19,1,11,-1.0,True,18
random_8,2026-08-20,1,3,2.0,True,19
random_8,2026-08-21,1,10,1.0,False,20
random_8,2026-08-22,1,16,-2.0,True,21
random_8,2026-08-23,1,14,-1.0,False,22
random_8,2026-08-24,1,13,-1.0,True,23
random_8,2026-08-25,1,11,-0.0,False,24
random_8,2026-08-26,1,9,0.0,True,25
random_8,2026-08-27,1,15,-0.0,False,26
random_8,2026-08-28,1,7,-1.0,True,27
random_8,2026-08-29,1,5,1.0,False,28
random_8,2026-08-30,1,18,0.0,True,29
random_8,2026-08-31,1,6,-0.0,False,30
random_8,2026-09-01,1,2,0.0,True,31
random_8,2026-09-02,1,0,-0.0,False,32
random_8,2026-09-03,1,19,-2.0,True,33
random_8,2026-09-04,1,12,-2.0,False,34
random_8,2026-09-05,1,17,4.0,True,35
random_8,2026-09-06,1,8,-1.0,False,36
random_8,2026-09-07,1,4,1.0,True,37
random_8,2026-08-01,2,4,1.0,False,0
random_8,2026-08-02,2,1,0.0,True,1
random_8,2026-08-03,2,10,-0.0,False,2
random_8,2026-08-04,2,17,0.0,True,3
random_8,2026-08-05,2,19,-2.0,False,4
random_8,2026-08-06,2,3,0.0,True,5
random_8,2026-08-07,2,16,2.0,False,6
random_8,2026-08-08,2,14,0.0,True,7
random_8,2026-08-09,2,9,-2.0,True,8
random_8,2026-08-10,2,15,3.0,False,9
random_8,2026-08-11,2,18,1.0,True,10
random_8,2026-08-12,2,11,-0.0,False,11
random_8,2026-08-13,2,8,-1.0,True,12
random_8,2026-08-14,2,7,-1.0,True,13
random_8,2026-08-15,2,6,-2.0,False,14
random_8,2026-08-16,2,5,-4.0,False,15
random_8,2026-08-17,2,12,-2.0,True,16
random_8,2026-08-18,2,13,0.0,True,17
random_8,2026-08-19,2,0,-0.0,False,18
random_8,2026-08-20,2,8,1.0,False,19
random_8,2026-08-21,2,15,1.0,True,20
random_8,2026-08-22,2,9,-0.0,False,21
random_8,2026-08-23,2,11,-3.0,True,22
random_8,2026-08-24,2,18,2.0,False,23
random_8,2026-08-25,2,0,2.0,True,24
random_8,2026-08-26,2,12,1.0,False,25
random_8,2026-08-27,2,5,-2.0,True,26
random_8,2026-08-28,2,13,1.0,False,27
random_8,2026-08-29,2,10,2.0,True,28
random_8,2026-08-30,2,17,1.0,False,29
random_8,2026-08-31,2,4,1.0,True,30
random_8,2026-09-01,2,1,-0.0,False,31
random_8,2026-09-02,2,6,0.0,True,32
random_8,2026-09-03,2,7,-2.0,False,33
random_8,2026-09-04,2,3,2.0,False,34
random_8,2026-09-05,2,16,3.0,True,35
random_8,2026-09-06,2,14,-5.0,False,36
random_8,2026-09-07,2,19,0.0,True,37
random_8,2026-08-01,3,19,-1.0,True,0
random_8,2026-08-02,3,12,1.0,False,1
random_8,2026-08-03,3,18,0.0,True,2
random_8,2026-08-04,3,0,-0.0,False,3
random_8,2026-08-05,3,5,1.0,True,4
random_8,2026-08-06,3,2,-0.0,False,5
random_8,2026-08-07,3,13,1.0,True,6
random_8,2026-08-08,3,10,4.0,False,7
random_8,2026-08-09,3,17,2.0,True,8
random_8,2026-08-10,3,4,-0.0,False,9
random_8,2026-08-11,3,8,0.0,True,10
random_8,2026-08-12,3,15,-1.0,False,11
random_8,2026-08-13,3,1,0.0,True,12
random_8,2026-08-14,3,14,0.0,True,13
random_8,2026-08-15,3,9,-0.0,False,14
random_8,2026-08-16,3,16,-1.0,True,15
random_8,2026-08-17,3,11,-0.0,False,16
random_8,2026-08-18,3,6,2.0,False,17
random_8,2026-08-19,3,7,1.0,True,18
random_8,2026-08-20,3,1,-2.0,False,19
random_8,2026-08-21,3,4,1.0,True,20
random_8,2026-08-22,3,8,2.0,False,21
random_8,2026-08-23,3,15,-5.0,True,22
random_8,2026-08-24,3,17,-3.0,False,23
random_8,2026-08-25,3,7,-0.0,False,24
random_8,2026-08-26,3,6,2.0,True,25
random_8,2026-08-27,3,16,-0.0,False,26
random_8,2026-08-28,3,11,-5.0,True,27
random_8,2026-08-29,3,18,-0.0,False,28
random_8,2026-08-30,3,0,0.0,True,29
random_8,2026-08-31,3,19,-3.0,False,30
random_8,2026-09-01,3,12,0.0,True,31
random_8,2026-09-02,3,9,-1.0,True,32
random_8,2026-09-03,3,14,-0.0,False,33
random_8,2026-09-04,3,2,-2.0,True,34
random_8,2026-09-05,3,13,-3.0,False,35
random_8,2026-09-06,3,10,0.0,True,36
random_8,2026-09-07,3,5,1.0,False,37
random_8,2026-08-01,4,2,-1.0,True,0
random_8,2026-08-02,4,5,-1.0,False,1
random_8,2026-08-03,4,12,2.0,True,2
random_8,2026-08-04,4,6,-1.0,False,3
random_8,2026-08-05,4,1,-1.0,True,4
random_8,2026-08-06,4,18,-0.0,False,5
random_8,2026-08-07,4,7,0.0,True,6
random_8,2026-08-08,4,13,-3.0,False,7
random_8,2026-08-09,4,14,2.0,False,8
random_8,2026-08-10,4,3,0.0,True,9
random_8,2026-08-11,4,10,1.0,False,10
random_8,2026-08-12,4,16,-2.0,True,11
random_8,2026-08-13,4,0,-1.0,False,12
random_8,2026-08-14,4,17,-0.0,False,13
random_8,2026-08-15,4,8,0.0,True,14
random_8,2026-08-16,4,11,2.0,True,15
random_8,2026-08-17,4,9,-1.0,False,16
random_8,2026-08-18,4,19,-0.0,False,17
random_8,2026-08-19,4,15,2.0,True,18
random_8,2026-08-20,4,0,1.0,True,19
random_8,2026-08-21,4,3,-1.0,False,20
random_8,2026-08-22,4,14,-2.0,True,21
random_8,2026-08-23,4,16,-0.0,False,22
random_8,2026-08-24,4,10,0.0,True,23
random_8,2026-08-25,4,15,-0.0,False,24
random_8,2026-08-26,4,19,-2.0,True,25
random_8,2026-08-27,4,11,-0.0,False,26
random_8,2026-08-28,4,9,4.0,True,27
random_8,2026-08-29,4,12,2.0,False,28
random_8,2026-08-30,4,6,2.0,True,29
random_8,2026-08-31,4,2,-1.0,False,30
random_8,2026-09-01,4,5,-2.0,True,31
random_8,2026-09-02,4,8,1.0,False,32
random_8,2026-09-03,4,17,-2.0,True,33
random_8,2026-09-04,4,18,-2.0,True,34
random_8,2026-09-05,4,7,-0.0,False,35
random_8,2026-09-06,4,13,0.0,True,36
random_8,2026-09-07,4,1,-1.0,False,37
random_8,2026-08-01,5,9,-1.0,False,0
random_8,2026-08-02,5,4,1.0,True,1
random_8,2026-08-03,5,1,2.0,False,2
random_8,2026-08-04,5,10,3.0,True,3
random_8,2026-08-05,5,3,-1.0,False,4
random_8,2026-08-06,5,0,0.0,True,5
random_8,2026-08-07,5,8,1.0,False,6
random_8,2026-08-08,5,19,-1.0,True,7
random_8,2026-08-09,5,15,0.0,True,8
random_8,2026-08-10,5,18,2.0,False,9
random_8,2026-08-11,5,12,2.0,True,10
random_8,2026-08-12,5,17,-2.0,False,11
random_8,2026-08-13,5,7,-2.0,True,12
random_8,2026-08-14,5,13,2.0,True,13
random_8,2026-08-15,5,14,-5.0,False,14
random_8,2026-08-16,5,2,4.0,True,15
random_8,2026-08-17,5,6,-2.0,False,16
random_8,2026-08-18,5,11,-1.0,False,17
random_8,2026-08-19,5,16,2.0,True,18
random_8,2026-08-20,5,7,-1.0,False,19
random_8,2026-08-21,5,18,1.0,True,20
random_8,2026-08-22,5,12,-1.0,False,21
random_8,2026-08-23,5,17,-3.0,True,22
random_8,2026-08-24,5,15,-2.0,False,23
random_8,2026-08-25,5,16,1.0,False,24
random_8,2026-08-26,5,11,3.0,True,25
random_8,2026-08-27,5,2,2.0,False,26
random_8,2026-08-28,5,6,1.0,True,27
random_8,2026-08-29,5,1,-1.0,True,28
random_8,2026-08-30,5,10,-2.0,False,29
random_8,2026-08-31,5,9,-2.0,True,30
random_8,2026-09-01,5,4,2.0,False,31
random_8,2026-09-02,5,14,-1.0,True,32
random_8,2026-09-03,5,13,-6.0,False,33
random_8,2026-09-04,5,19,-1.0,False,34
random_8,2026-09-05,5,8,0.0,True,35
random_8,2026-09-06,5,0,-0.0,False,36
random_8,2026-09-07,5,3,-1.0,True,37
random_8,2026-08-01,6,1,-1.0,False,0
random_8,2026-08-02,6,10,2.0,True,1
random_8,2026-08-03,6,14,-1.0,False,2
random_8,2026-08-04,6,4,1.0,True,3
random_8,2026-08-05,6,17,-0.0,False,4
random_8,2026-08-06,6,16,1.0,True,5
random_8,2026-08-07,6,19,-0.0,False,6
random_8,2026-08-08,6,9,-1.0,True,7
random_8,2026-08-09,6,18,2.0,True,8
random_8,2026-08-10,6,8,-1.0,False,9
random_8,2026-08-11,6,7,-5.0,True,10
random_8,2026-08-12,6,12,2.0,False,11
random_8,2026-08-13,6,11,2.0,True,12
random_8,2026-08-14,6,15,2.0,False,13
random_8,2026-08-15,6,2,2.0,True,14
random_8,2026-08-16,6,0,4.0,False,15
random_8,2026-08-17,6,5,2.0,True,16
random_8,2026-08-18,6,3,-2.0,True,17
random_8,2026-08-19,6,13,-2.0,False,18
random_8,2026-08-20,6,11,3.0,False,19
random_8,2026-08-21,6,8,2.0,True,20
random_8,2026-08-22,6,18,-2.0,False,21
random_8,2026-08-23,6,12,0.0,True,22
random_8,2026-08-24,6,7,1.0,False,23
random_8,2026-08-25,6,13,0.0,True,24
random_8,2026-08-26,6,3,-2.0,False,25
random_8,2026-08-27,6,0,0.0,True,26
random_8,2026-08-28,6,5,-1.0,False,27
random_8,2026-08-29,6,14,-2.0,True,28
random_8,2026-08-30,6,4,-2.0,False,29
random_8,2026-08-31,6,1,0.0,True,30
random_8,2026-09-01,6,10,-3.0,False,31
random_8,2026-09-02,6,2,-0.0,False,32
random_8,2026-09-03,6,15,2.0,True,33
random_8,2026-09-04,6,16,1.0,False,34
random_8,2026-09-05,6,19,1.0,True,35
random_8,2026-09-06,6,9,-0.0,False,36
random_8,2026-09-07,6,17,-2.0,True,37
random_8,2026-08-01,7,8,-1.0,False,0
random_8,2026-08-02,7,14,4.0,True,1
random_8,2026-08-03,7,9,-2.0,False,2
random_8,2026-08-04,7,11,-1.0,True,3
random_8,2026-08-05,7,12,2.0,False,4
random_8,2026-08-06,7,17,0.0,True,5
random_8,2026-08-07,7,4,-0.0,False,6
random_8,2026-08-08,7,16,3.0,True,7
random_8,2026-08-09,7,19,3.0,False,8
random_8,2026-08-10,7,13,-2.0,True,9
random_8,2026-08-11,7,6,5.0,False,10
random_8,2026-08-12,7,10,3.0,True,11
random_8,2026-08-13,7,5,2.0,False,12
random_8,2026-08-14,7,2,1.0,False,13
random_8,2026-08-15,7,15,0.0,True,14
random_8,2026-08-16,7,18,2.0,False,15
random_8,2026-08-17,7,1,-4.0,True,16
random_8,2026-08-18,7,0,2.0,True,17
random_8,2026-08-19,7,3,-1.0,False,18
random_8,2026-08-20,7,5,1.0,True,19
random_8,2026-08-21,7,13,-1.0,False,20
random_8,2026-08-22,7,19,0.0,True,21
random_8,2026-08-23,7,10,2.0,False,22
random_8,2026-08-24,7,6,-1.0,True,23
random_8,2026-08-25,7,3,0.0,True,24
random_8,2026-08-26,7,0,1.0,False,25
random_8,2026-08-27,7,18,2.0,True,26
random_8,2026-08-28,7,1,1.0,False,27
random_8,2026-08-29,7,9,-1.0,True,28
random_8,2026-08-30,7,11,-0.0,False,29
random_8,2026-08-31,7,8,-2.0,True,30
random_8,2026-09-01,7,14,2.0,False,31
random_8,2026-09-02,7,15,2.0,False,32
random_8,2026-09-03,7,2,2.0,True,33
random_8,2026-09-04,7,17,-0.0,False,34
random_8,2026-09-05,7,4,0.0,True,35
random_8,2026-09-06,7,16,-5.0,False,36
random_8,2026-09-07,7,12,1.0,True,37
random_8,2026-08-01,8,7,1.0,True,0
random_8,2026-08-02,8,0,-0.0,False,1
random_8,2026-08-03,8,15,1.0,True,2
random_8,2026-08-04,8,19,-1.0,False,3
random_8,2026-08-05,8,11,-2.0,True,4
random_8,2026-08-06,8,10,-1.0,False,5
random_8,2026-08-07,8,5,-1.0,True,6
random_8,2026-08-08,8,1,-0.0,False,7
random_8,2026-08-09,8,16,1.0,False,8
random_8,2026-08-10,8,6,1.0,True,9
random_8,2026-08-11,8,3,-0.0,False,10
random_8,2026-08-12,8,13,-2.0,True,11
random_8,2026-08-13,8,2,1.0,False,12
random_8,2026-08-14,8,9,3.0,True,13
random_8,2026-08-15,8,4,-0.0,False,14
random_8,2026-08-16,8,17,-2.0,False,15
random_8,2026-08-17,8,18,-1.0,True,16
random_8,2026-08-18,8,14,1.0,True,17
random_8,2026-08-19,8,12,2.0,False,18
random_8,2026-08-20,8,2,-1.0,True,19
random_8,2026-08-21,8,6,-2.0,False,20
random_8,2026-08-22,8,3,-2.0,True,21
random_8,2026-08-23,8,13,-0.0,False,22
random_8,2026-08-24,8,16,-1.0,True,23
random_8,2026-08-25,8,12,0.0,True,24
random_8,2026-08-26,8,18,-0.0,False,25
random_8,2026-08-27,8,17,-3.0,True,26
random_8,2026-08-28,8,14,-1.0,False,27
random_8,2026-08-29,8,15,1.0,False,28
random_8,2026-08-30,8,19,-4.0,True,29
random_8,2026-08-31,8,7,2.0,False,30
random_8,2026-09-01,8,0,1.0,True,31
random_8,2026-09-02,8,4,-1.0,True,32
random_8,2026-09-03,8,9,1.0,False,33
random_8,2026-09-04,8,10,1.0,True,34
random_8,2026-09-05,8,5,-0.0,False,35
random_8,2026-09-06,8,1,1.0,True,36
random_8,2026-09-07,8,11,-2.0,False,37
random_8,2026-08-01,9,5,1.0,True,0
random_8,2026-08-02,9,18,-2.0,False,1
random_8,2026-08-03,9,7,2.0,True,2
random_8,2026-08-04,9,13,1.0,False,3
random_8,2026-08-05,9,15,-3.0,True,4
random_8,2026-08-06,9,11,1.0,False,5
random_8,2026-08-07,9,10,-4.0,True,6
random_8,2026-08-08,9,6,1.0,False,7
random_8,2026-08-09,9,2,2.0,False,8
random_8,2026-08-10,9,16,1.0,True,9
random_8,2026-08-11,9,14,2.0,False,10
random_8,2026-08-12,9,0,-5.0,True,11
random_8,2026-08-13,9,19,-1.0,False,12
random_8,2026-08-14,9,8,-3.0,False,13
random_8,2026-08-15,9,3,0.0,True,14
random_8,2026-08-16,9,12,5.0,False,15
random_8,2026-08-17,9,4,1.0,True,16
random_8,2026-08-18,9,1,1.0,True,17
random_8,2026-08-19,9,17,3.0,False,18
random_8,2026-08-20,9,19,-1.0,True,19
random_8,2026-08-21,9,16,-0.0,False,20
random_8,2026-08-22,9,2,0.0,True,21
random_8,2026-08-23,9,0,1.0,False,22
random_8,2026-08-24,9,14,-3.0,True,23
random_8,2026-08-25,9,17,3.0,True,24
random_8,2026-08-26,9,1,-0.0,False,25
random_8,2026-08-27,9,12,1.0,True,26
random_8,2026-08-28,9,4,-4.0,False,27
random_8,2026-08-29,9,7,1.0,False,28
random_8,2026-08-30,9,13,-1.0,True,29
random_8,2026-08-31,9,5,2.0,False,30
random_8,2026-09-01,9,18,0.0,True,31
random_8,2026-09-02,9,3,1.0,False,32
random_8,2026-09-03,9,8,-1.0,True,33
random_8,2026-09-04,9,11,2.0,True,34
random_8,2026-09-05,9,10,-2.0,False,35
random_8,2026-09-06,9,6,0.0,True,36
random_8,2026-09-07,9,15,-0.0,False,37
random_8,2026-08-01,10,15,3.0,True,0
random_8,2026-08-02,10,6,-2.0,False,1
random_8,2026-08-03,10,2,0.0,True,2
random_8,2026-08-04,10,5,-3.0,False,3
random_8,2026-08-05,10,16,1.0,False,4
random_8,2026-08-06,10,8,1.0,True,5
random_8,2026-08-07,10,9,4.0,False,6
random_8,2026-08-08,10,3,-4.0,True,7
random_8,2026-08-09,10,11,1.0,True,8
random_8,2026-08-10,10,1,-1.0,False,9
random_8,2026-08-11,10,4,-1.0,True,10
random_8,2026-08-12,10,7,-3.0,False,11
random_8,2026-08-13,10,17,-1.0,True,12
random_8,2026-08-14,10,0,1.0,False,13
random_8,2026-08-15,10,19,1.0,True,14
random_8,2026-08-16,10,14,-0.0,False,15
random_8,2026-08-17,10,13,-1.0,True,16
random_8,2026-08-18,10,12,1.0,True,17
random_8,2026-08-19,10,18,-5.0,False,18
random_8,2026-08-20,10,17,-3.0,False,19
random_8,2026-08-21,10,1,-1.0,True,20
random_8,2026-08-22,10,11,-1.0,False,21
random_8,2026-08-23,10,7,-2.0,True,22
random_8,2026-08-24,10,4,-0.0,False,23
random_8,2026-08-25,10,18,0.0,True,24
random_8,2026-08-26,10,13,1.0,False,25
random_8,2026-08-27,10,14,0.0,True,26
random_8,2026-08-28,10,12,-4.0,False,27
random_8,2026-08-29,10,2,-2.0,False,28
random_8,2026-08-30,10,5,2.0,True,29
random_8,2026-08-31,10,15,1.0,False,30
random_8,2026-09-01,10,6,3.0,True,31
random_8,2026-09-02,10,19,2.0,False,32
random_8,2026-09-03,10,0,2.0,True,33
random_8,2026-09-04,10,8,-1.0,False,34
random_8,2026-09-05,10,9,2.0,True,35
random_8,2026-09-06,10,3,-0.0,False,36
random_8,2026-09-07,10,16,-1.0,True,37
random_8,2026-08-01,11,18,1.0,True,0
random_8,2026-08-02,11,15,-0.0,False,1
random_8,2026-08-03,11,13,0.0,True,2
random_8,2026-08-04,11,7,1.0,False,3
random_8,2026-08-05,11,8,2.0,False,4
random_8,2026-08-06,11,9,-1.0,True,5
random_8,2026-08-07,11,14,1.0,False,6
random_8,2026-08-08,11,17,2.0,True,7
random_8,2026-08-09,11,10,-1.0,False,8
random_8,2026-08-10,11,0,-2.0,True,9
random_8,2026-08-11,11,19,1.0,False,10
random_8,2026-08-12,11,2,0.0,True,11
random_8,2026-08-13,11,6,-2.0,False,12
random_8,2026-08-14,11,12,-8.0,False,13
random_8,2026-08-15,11,16,0.0,True,14
random_8,2026-08-16,11,4,-2.0,False,15
random_8,2026-08-17,11,3,0.0,True,16
random_8,2026-08-18,11,5,1.0,True,17
random_8,2026-08-19,11,1,1.0,False,18
random_8,2026-08-20,11,6,-3.0,True,19
random_8,2026-08-21,11,0,2.0,False,20
random_8,2026-08-22,11,10,1.0,True,21
random_8,2026-08-23,11,2,3.0,False,22
random_8,2026-08-24,11,19,0.0,True,23
random_8,2026-08-25,11,1,0.0,True,24
random_8,2026-08-26,11,5,-3.0,False,25
random_8,2026-08-27,11,4,0.0,True,26
random_8,2026-08-28,11,3,5.0,False,27
random_8,2026-08-29,11,13,3.0,False,28
random_8,2026-08-30,11,7,0.0,True,29
random_8,2026-08-31,11,18,2.0,False,30
random_8,2026-09-01,11,15,-1.0,True,31
random_8,2026-09-02,11,16,2.0,False,32
random_8,2026-09-03,11,12,4.0,True,33
random_8,2026-09-04,11,9,-2.0,False,34
random_8,2026-09-05,11,14,-1.0,True,35
random_8,2026-09-06,11,17,1.0,False,36
random_8,2026-09-07,11,8,2.0,True,37
random_8,2026-08-01,12,17,-0.0,False,0
random_8,2026-08-02,12,3,-1.0,True,1
random_8,2026-08-03,12,4,-2.0,False,2
random_8,2026-08-04,12,16,1.0,True,3
random_8,2026-08-05,12,7,-2.0,True,4
random_8,2026-08-06,12,1,-0.0,False,5
random_8,2026-08-07,12,15,0.0,True,6
random_8,2026-08-08,12,18,2.0,False,7
random_8,2026-08-09,12,0,-0.0,False,8
random_8,2026-08-10,12,19,2.0,True,9
random_8,2026-08-11,12,5,-2.0,False,10
random_8,2026-08-12,12,6,-2.0,True,11
random_8,2026-08-13,12,14,-0.0,False,12
random_8,2026-08-14,12,11,8.0,True,13
random_8,2026-08-15,12,13,-2.0,False,14
random_8,2026-08-16,12,9,-5.0,True,15
random_8,2026-08-17,12,2,2.0,False,16
random_8,2026-08-18,12,10,-1.0,False,17
random_8,2026-08-19,12,8,-2.0,True,18
random_8,2026-08-20,12,14,-1.0,True,19
random_8,2026-08-21,12,19,-4.0,False,20
random_8,2026-08-22,12,5,1.0,True,21
random_8,2026-08-23,12,6,-0.0,False,22
random_8,2026-08-24,12,0,-1.0,True,23
random_8,2026-08-25,12,8,-0.0,False,24
random_8,2026-08-26,12,2,-1.0,True,25
random_8,2026-08-27,12,9,-1.0,False,26
random_8,2026-08-28,12,10,4.0,True,27
random_8,2026-08-29,12,4,-2.0,True,28
random_8,2026-08-30,12,16,-0.0,False,29
random_8,2026-08-31,12,17,-2.0,True,30
random_8,2026-09-01,12,3,-0.0,False,31
random_8,2026-09-02,12,13,1.0,True,32
random_8,2026-09-03,12,11,-4.0,False,33
random_8,2026-09-04,12,1,2.0,True,34
random_8,2026-09-05,12,15,-2.0,False,35
random_8,2026-09-06,12,18,0.0,True,36
random_8,2026-09-07,12,7,-1.0,False,37
random_8,2026-08-01,13,16,-2.0,False,0
random_8,2026-08-02,13,17,1.0,True,1
random_8,2026-08-03,13,11,-0.0,False,2
random_8,2026-08-04,13,9,-1.0,True,3
random_8,2026-08-05,13,0,-1.0,False,4
random_8,2026-08-06,13,14,-6.0,True,5
random_8,2026-08-07,13,3,-1.0,False,6
random_8,2026-08-08,13,4,3.0,True,7
random_8,2026-08-09,13,1,-1.0,True,8
random_8,2026-08-10,13,7,2.0,False,9
random_8,2026-08-11,13,15,-2.0,True,10
random_8,2026-08-12,13,8,2.0,False,11
random_8,2026-08-13,13,18,-2.0,True,12
random_8,2026-08-14,13,5,-2.0,False,13
random_8,2026-08-15,13,12,2.0,True,14
random_8,2026-08-16,13,19,0.0,True,15
random_8,2026-08-17,13,10,1.0,False,16
random_8,2026-08-18,13,2,-0.0,False,17
random_8,2026-08-19,13,6,2.0,True,18
random_8,2026-08-20,13,18,2.0,False,19
random_8,2026-08-21,13,7,1.0,True,20
random_8,2026-08-22,13,15,1.0,False,21
random_8,2026-08-23,13,8,0.0,True,22
random_8,2026-08-24,13,1,1.0,False,23
random_8,2026-08-25,13,6,-0.0,False,24
random_8,2026-08-26,13,10,-1.0,True,25
random_8,2026-08-27,13,19,-0.0,False,26
random_8,2026-08-28,13,2,-1.0,True,27
random_8,2026-08-29,13,11,-3.0,True,28
random_8,2026-08-30,13,9,1.0,False,29
random_8,2026-08-31,13,16,2.0,True,30
random_8,2026-09-01,13,17,-0.0,False,31
random_8,2026-09-02,13,12,-1.0,False,32
random_8,2026-09-03,13,5,6.0,True,33
random_8,2026-09-04,13,14,1.0,False,34
random_8,2026-09-05,13,3,3.0,True,35
random_8,2026-09-06,13,4,-0.0,False,36
random_8,2026-09-07,13,0,-1.0,True,37
random_8,2026-08-01,14,0,1.0,True,0
random_8,2026-08-02,14,7,-4.0,False,1
random_8,2026-08-03,14,6,1.0,True,2
random_8,2026-08-04,14,15,-0.0,False,3
random_8,2026-08-05,14,18,0.0,True,4
random_8,2026-08-06,14,13,6.0,False,5
random_8,2026-08-07,14,11,-1.0,True,6
random_8,2026-08-08,14,2,-0.0,False,7
random_8,2026-08-09,14,4,-2.0,True,8
random_8,2026-08-10,14,17,-0.0,False,9
random_8,2026-08-11,14,9,-2.0,True,10
random_8,2026-08-12,14,1,3.0,False,11
random_8,2026-08-13,14,12,0.0,True,12
random_8,2026-08-14,14,3,-0.0,False,13
random_8,2026-08-15,14,5,5.0,True,14
random_8,2026-08-16,14,10,0.0,True,15
random_8,2026-08-17,14,16,1.0,False,16
random_8,2026-08-18,14,8,-1.0,False,17
random_8,2026-08-19,14,19,-2.0,True,18
random_8,2026-08-20,14,12,1.0,False,19
random_8,2026-08-21,14,17,0.0,True,20
random_8,2026-08-22,14,4,2.0,False,21
random_8,2026-08-23,14,1,1.0,True,22
random_8,2026-08-24,14,9,3.0,False,23
random_8,2026-08-25,14,19,-2.0,False,24
random_8,2026-08-26,14,16,1.0,True,25
random_8,2026-08-27,14,10,-0.0,False,26
random_8,2026-08-28,14,8,1.0,True,27
random_8,2026-08-29,14,6,2.0,False,28
random_8,2026-08-30,14,15,2.0,True,29
random_8,2026-08-31,14,0,-1.0,False,30
random_8,2026-09-01,14,7,-2.0,True,31
random_8,2026-09-02,14,5,1.0,False,32
random_8,2026-09-03,14,3,0.0,True,33
random_8,2026-09-04,14,13,-1.0,True,34
random_8,2026-09-05,14,11,1.0,False,35
random_8,2026-09-06,14,2,5.0,True,36
random_8,2026-09-07,14,18,1.0,False,37
random_8,2026-08-01,15,10,-3.0,False,0
random_8,2026-08-02,15,11,0.0,True,1
random_8,2026-08-03,15,8,-1.0,False,2
random_8,2026-08-04,15,14,0.0,True,3
random_8,2026-08-05,15,9,3.0,False,4
random_8,2026-08-06,15,19,0.0,True,5
random_8,2026-08-07,15,12,-0.0,False,6
random_8,2026-08-08,15,0,0.0,True,7
random_8,2026-08-09,15,5,-0.0,False,8
random_8,2026-08-10,15,2,-3.0,True,9
random_8,2026-08-11,15,13,2.0,False,10
random_8,2026-08-12,15,3,1.0,True,11
random_8,2026-08-13,15,16,-2.0,False,12
random_8,2026-08-14,15,6,-2.0,True,13
random_8,2026-08-15,15,7,-0.0,False,14
random_8,2026-08-16,15,1,-1.0,False,15
random_8,2026-08-17,15,17,4.0,True,16
random_8,2026-08-18,15,18,-2.0,True,17
random_8,2026-08-19,15,4,-2.0,False,18
random_8,2026-08-20,15,16,2.0,True,19
random_8,2026-08-21,15,2,-1.0,False,20
random_8,2026-08-22,15,13,-1.0,True,21
random_8,2026-08-23,15,3,5.0,False,22
random_8,2026-08-24,15,5,2.0,True,23
random_8,2026-08-25,15,4,0.0,True,24
random_8,2026-08-26,15,17,-0.0,False,25
random_8,2026-08-27,15,1,0.0,True,26
random_8,2026-08-28,15,18,-2.0,False,27
random_8,2026-08-29,15,8,-1.0,True,28
random_8,2026-08-30,15,14,-2.0,False,29
random_8,2026-08-31,15,10,-1.0,True,30
random_8,2026-09-01,15,11,1.0,False,31
random_8,2026-09-02,15,7,-2.0,True,32
random_8,2026-09-03,15,6,-2.0,False,33
random_8,2026-09-04,15,0,5.0,False,34
random_8,2026-09-05,15,12,2.0,True,35
random_8,2026-09-06,15,19,-0.0,False,36
random_8,2026-09-07,15,9,0.0,True,37
random_8,2026-08-01,16,13,2.0,True,0
random_8,2026-08-02,16,19,-0.0,False,1
random_8,2026-08-03,16,0,-2.0,True,2
random_8,2026-08-04,16,12,-1.0,False,3
random_8,2026-08-05,16,10,-1.0,True,4
random_8,2026-08-06,16,6,-1.0,False,5
random_8,2026-08-07,16,2,-2.0,True,6
random_8,2026-08-08,16,7,-3.0,False,7
random_8,2026-08-09,16,8,-1.0,True,8
random_8,2026-08-10,16,9,-1.0,False,9
random_8,2026-08-11,16,1,2.0,True,10
random_8,2026-08-12,16,4,2.0,False,11
random_8,2026-08-13,16,15,2.0,True,12
random_8,2026-08-14,16,18,0.0,True,13
random_8,2026-08-15,16,11,-0.0,False,14
random_8,2026-08-16,16,3,1.0,False,15
random_8,2026-08-17,16,14,-1.0,True,16
random_8,2026-08-18,16,17,-1.0,True,17
random_8,2026-08-19,16,5,-2.0,False,18
random_8,2026-08-20,16,15,-2.0,False,19
random_8,2026-08-21,16,9,0.0,True,20
random_8,2026-08-22,16,1,2.0,False,21
random_8,2026-08-23,16,4,0.0,True,22
random_8,2026-08-24,16,8,1.0,False,23
random_8,2026-08-25,16,5,-1.0,True,24
random_8,2026-08-26,16,14,-1.0,False,25
random_8,2026-08-27,16,3,0.0,True,26
random_8,2026-08-28,16,17,-2.0,False,27
random_8,2026-08-29,16,0,1.0,False,28
random_8,2026-08-30,16,12,0.0,True,29
random_8,2026-08-31,16,13,-2.0,False,30
random_8,2026-09-01,16,19,1.0,True,31
random_8,2026-09-02,16,11,-2.0,True,32
random_8,2026-09-03,16,18,-0.0,False,33
random_8,2026-09-04,16,6,-1.0,True,34
random_8,2026-09-05,16,2,-3.0,False,35
random_8,2026-09-06,16,7,5.0,True,36
random_8,2026-09-07,16,10,1.0,False,37
random_8,2026-08-01,17,12,0.0,True,0
random_8,2026-08-02,17,13,-1.0,False,1
random_8,2026-08-03,17,19,-1.0,True,2
random_8,2026-08-04,17,2,-0.0,False,3
random_8,2026-08-05,17,6,0.0,True,4
random_8,2026-08-06,17,7,-0.0,False,5
random_8,2026-08-07,17,1,1.0,True,6
random_8,2026-08-08,17,11,-2.0,False,7
random_8,2026-08-09,17,3,-2.0,False,8
random_8,2026-08-10,17,14,0.0,True,9
random_8,2026-08-11,17,0,2.0,False,10
random_8,2026-08-12,17,5,2.0,True,11
random_8,2026-08-13,17,10,1.0,False,12
random_8,2026-08-14,17,4,0.0,True,13
random_8,2026-08-15,17,18,4.0,False,14
random_8,2026-08-16,17,8,2.0,True,15
random_8,2026-08-17,17,15,-4.0,False,16
random_8,2026-08-18,17,16,1.0,False,17
random_8,2026-08-19,17,9,-3.0,True,18
random_8,2026-08-20,17,10,3.0,True,19
random_8,2026-08-21,17,14,-0.0,False,20
random_8,2026-08-22,17,0,0.0,True,21
random_8,2026-08-23,17,5,3.0,False,22
random_8,2026-08-24,17,3,3.0,True,23
random_8,2026-08-25,17,9,-3.0,False,24
random_8,2026-08-26,17,15,0.0,True,25
random_8,2026-08-27,17,8,3.0,False,26
random_8,2026-08-28,17,16,2.0,True,27
random_8,2026-08-29,17,19,2.0,False,28
random_8,2026-08-30,17,2,-1.0,True,29
random_8,2026-08-31,17,12,2.0,False,30
random_8,2026-09-01,17,13,0.0,True,31
random_8,2026-09-02,17,18,2.0,True,32
random_8,2026-09-03,17,4,2.0,False,33
random_8,2026-09-04,17,7,0.0,True,34
random_8,2026-09-05,17,1,-4.0,False,35
random_8,2026-09-06,17,11,-1.0,True,36
random_8,2026-09-07,17,6,2.0,False,37
random_8,2026-08-01,18,11,-1.0,False,0
random_8,2026-08-02,18,9,2.0,True,1
random_8,2026-08-03,18,3,-0.0,False,2
random_8,2026-08-04,18,1,1.0,True,3
random_8,2026-08-05,18,14,-0.0,False,4
random_8,2026-08-06,18,4,0.0,True,5
random_8,2026-08-07,18,0,2.0,False,6
random_8,2026-08-08,18,12,-2.0,True,7
random_8,2026-08-09,18,6,-2.0,False,8
random_8,2026-08-10,18,5,-2.0,True,9
random_8,2026-08-11,18,2,-1.0,False,10
random_8,2026-08-12,18,19,0.0,True,11
random_8,2026-08-13,18,13,2.0,False,12
random_8,2026-08-14,18,16,-0.0,False,13
random_8,2026-08-15,18,17,-4.0,True,14
random_8,2026-08-16,18,7,-2.0,True,15
random_8,2026-08-17,18,8,1.0,False,16
random_8,2026-08-18,18,15,2.0,False,17
random_8,2026-08-19,18,10,5.0,True,18
random_8,2026-08-20,18,13,-2.0,True,19
random_8,2026-08-21,18,5,-1.0,False,20
random_8,2026-08-22,18,6,2.0,True,21
random_8,2026-08-23,18,19,-1.0,False,22
random_8,2026-08-24,18,2,-2.0,True,23
random_8,2026-08-25,18,10,-0.0,False,24
random_8,2026-08-26,18,8,0.0,True,25
random_8,2026-08-27,18,7,-2.0,False,26
random_8,2026-08-28,18,15,2.0,True,27
random_8,2026-08-29,18,3,0.0,True,28
random_8,2026-08-30,18,1,-0.0,False,29
random_8,2026-08-31,18,11,-2.0,True,30
random_8,2026-09-01,18,9,-0.0,False,31
random_8,2026-09-02,18,17,-2.0,False,32
random_8,2026-09-03,18,16,0.0,True,33
random_8,2026-09-04,18,4,2.0,False,34
random_8,2026-09-05,18,0,-5.0,True,35
random_8,2026-09-06,18,12,-0.0,False,36
random_8,2026-09-07,18,14,-1.0,True,37
random_8,2026-08-01,19,3,1.0,False,0
random_8,2026-08-02,19,16,0.0,True,1
random_8,2026-08-03,19,17,1.0,False,2
random_8,2026-08-04,19,8,1.0,True,3
random_8,2026-08-05,19,2,2.0,True,4
random_8,2026-08-06,19,15,-0.0,False,5
random_8,2026-08-07,19,6,0.0,True,6
random_8,2026-08-08,19,5,1.0,False,7
random_8,2026-08-09,19,7,-3.0,True,8
random_8,2026-08-10,19,12,-2.0,False,9
random_8,2026-08-11,19,11,-1.0,True,10
random_8,2026-08-12,19,18,-0.0,False,11
random_8,2026-08-13,19,9,1.0,True,12
random_8,2026-08-14,19,1,1.0,True,13
random_8,2026-08-15,19,10,-1.0,False,14
random_8,2026-08-16,19,13,-0.0,False,15
random_8,2026-08-17,19,0,-4.0,True,16
random_8,2026-08-18,19,4,0.0,True,17
random_8,2026-08-19,19,14,2.0,False,18
random_8,2026-08-20,19,9,1.0,False,19
random_8,2026-08-21,19,12,4.0,True,20
random_8,2026-08-22,19,7,-0.0,False,21
random_8,2026-08-23,19,18,1.0,True,22
random_8,2026-08-24,19,11,-0.0,False,23
random_8,2026-08-25,19,14,2.0,True,24
random_8,2026-08-26,19,4,2.0,False,25
random_8,2026-08-27,19,13,0.0,True,26
random_8,2026-08-28,19,0,-1.0,False,27
random_8,2026-08-29,19,17,-2.0,True,28
random_8,2026-08-30,19,8,4.0,False,29
random_8,2026-08-31,19,3,3.0,True,30
random_8,2026-09-01,19,16,-1.0,False,31
random_8,2026-09-02,19,10,-2.0,True,32
random_8,2026-09-03,19,1,2.0,False,33
random_8,2026-09-04,19,5,1.0,True,34
random_8,2026-09-05,19,6,-1.0,False,35
random_8,2026-09-06,19,15,0.0,True,36
random_8,2026-09-07,19,2,-0.0,False,37
random_9,2026-08-01,0,14,-1.0,False,0
random_9,2026-08-02,0,8,-2.0,True,1
random_9,2026-08-03,0,16,-2.0,False,2
random_9,2026-08-04,0,3,1.0,True,3
random_9,2026-08-05,0,13,-5.0,True,4
random_9,2026-08-06,0,5,1.0,False,5
random_9,2026-08-07,0,18,1.0,True,6
random_9,2026-08-08,0,15,1.0,False,7
random_9,2026-08-09,0,12,1.0,True,8
random_9,2026-08-10,0,11,-0.0,False,9
random_9,2026-08-11,0,17,3.0,True,10
random_9,2026-08-12,0,9,-0.0,False,11
random_9,2026-08-13,0,4,1.0,True,12
random_9,2026-08-14,0,10,-1.0,True,13
random_9,2026-08-15,0,1,1.0,False,14
random_9,2026-08-16,0,6,0.0,True,15
random_9,2026-08-17,0,19,-1.0,False,16
random_9,2026-08-18,0,7,1.0,False,17
random_9,2026-08-19,0,2,3.0,True,18
random_9,2026-08-20,0,4,-0.0,False,19
random_9,2026-08-21,0,11,1.0,True,20
random_9,2026-08-22,0,17,-2.0,False,21
random_9,2026-08-23,0,9,1.0,True,22
random_9,2026-08-24,0,12,-0.0,False,23
random_9,2026-08-25,0,2,-0.0,False,24
random_9,2026-08-26,0,7,-1.0,True,25
random_9,2026-08-27,0,6,4.0,False,26
random_9,2026-08-28,0,19,-1.0,True,27
random_9,2026-08-29,0,16,1.0,True,28
random_9,2026-08-30,0,3,-2.0,False,29
random_9,2026-08-31,0,14,0.0,True,30
random_9,2026-09-01,0,8,1.0,False,31
random_9,2026-09-02,0,1,-2.0,True,32
random_9,2026-09-03,0,10,1.0,False,33
random_9,2026-09-04,0,15,2.0,True,34
random_9,2026-09-05,0,18,2.0,False,35
random_9,2026-09-06,0,5,0.0,True,36
random_9,2026-09-07,0,13,-1.0,False,37
random_9,2026-08-01,1,6,5.0,True,0
random_9,2026-08-02,1,2,-1.0,False,1
random_9,2026-08-03,1,5,2.0,True,2
random_9,2026-08-04,1,18,1.0,False,3
random_9,2026-08-05,1,4,4.0,False,4
random_9,2026-08-06,1,12,0.0,True,5
random_9,2026-08-07,1,17,-1.0,False,6
random_9,2026-08-08,1,8,-1.0,True,7
random_9,2026-08-09,1,13,1.0,False,8
random_9,2026-08-10,1,10,-2.0,True,9
random_9,2026-08-11,1,16,-2.0,False,10
random_9,2026-08-12,1,14,-1.0,True,11
random_9,2026-08-13,1,3,-0.0,False,12
random_9,2026-08-14,1,19,-3.0,False,13
random_9,2026-08-15,1,0,-1.0,True,14
random_9,2026-08-16,1,15,0.0,True,15
random_9,2026-08-17,1,7,-4.0,False,16
random_9,2026-08-18,1,9,-2.0,False,17
random_9,2026-08-19,1,11,-1.0,True,18
random_9,2026-08-20,1,3,-1.0,True,19
random_9,2026-08-21,1,10,-5.0,False,20
random_9,2026-08-22,1,16,-1.0,True,21
random_9,2026-08-23,1,14,1.0,False,22
random_9,2026-08-24,1,13,2.0,True,23
random_9,2026-08-25,1,11,1.0,False,24
random_9,2026-08-26,1,9,-2.0,True,25
random_9,2026-08-27,1,15,-3.0,False,26
random_9,2026-08-28,1,7,2.0,True,27
random_9,2026-08-29,1,5,-1.0,False,28
random_9,2026-08-30,1,18,-4.0,True,29
random_9,2026-08-31,1,6,-2.0,False,30
random_9,2026-09-01,1,2,-1.0,True,31
random_9,2026-09-02,1,0,2.0,False,32
random_9,2026-09-03,1,19,1.0,True,33
random_9,2026-09-04,1,12,-1.0,False,34
random_9,2026-09-05,1,17,1.0,True,35
random_9,2026-09-06,1,8,-1.0,False,36
random_9,2026-09-07,1,4,-2.0,True,37
random_9,2026-08-01,2,4,-1.0,False,0
random_9,2026-08-02,2,1,1.0,True,1
random_9,2026-08-03,2,10,-0.0,False,2
random_9,2026-08-04,2,17,-2.0,True,3
random_9,2026-08-05,2,19,-0.0,False,4
random_9,2026-08-06,2,3,3.0,True,5
random_9,2026-08-07,2,16,1.0,False,6
random_9,2026-08-08,2,14,-5.0,True,7
random_9,2026-08-09,2,9,-1.0,True,8
random_9,2026-08-10,2,15,1.0,False,9
random_9,2026-08-11,2,18,-1.0,True,10
random_9,2026-08-12,2,11,-0.0,False,11
random_9,2026-08-13,2,8,-1.0,True,12
random_9,2026-08-14,2,7,0.0,True,13
random_9,2026-08-15,2,6,-0.0,False,14
random_9,2026-08-16,2,5,1.0,False,15
random_9,2026-08-17,2,12,0.0,True,16
random_9,2026-08-18,2,13,0.0,True,17
random_9,2026-08-19,2,0,-3.0,False,18
random_9,2026-08-20,2,8,2.0,False,19
random_9,2026-08-21,2,15,1.0,True,20
random_9,2026-08-22,2,9,2.0,False,21
random_9,2026-08-23,2,11,0.0,True,22
random_9,2026-08-24,2,18,1.0,False,23
random_9,2026-08-25,2,0,0.0,True,24
random_9,2026-08-26,2,12,-0.0,False,25
random_9,2026-08-27,2,5,-3.0,True,26
random_9,2026-08-28,2,13,1.0,False,27
random_9,2026-08-29,2,10,2.0,True,28
random_9,2026-08-30,2,17,-3.0,False,29
random_9,2026-08-31,2,4,-4.0,True,30
random_9,2026-09-01,2,1,1.0,False,31
random_9,2026-09-02,2,6,1.0,True,32
random_9,2026-09-03,2,7,-0.0,False,33
random_9,2026-09-04,2,3,-0.0,False,34
random_9,2026-09-05,2,16,-2.0,True,35
random_9,2026-09-06,2,14,4.0,False,36
random_9,2026-09-07,2,19,0.0,True,37
random_9,2026-08-01,3,19,1.0,True,0
random_9,2026-08-02,3,12,1.0,False,1
random_9,2026-08-03,3,18,0.0,True,2
random_9,2026-08-04,3,0,-1.0,False,3
random_9,2026-08-05,3,5,-5.0,True,4
random_9,2026-08-06,3,2,-3.0,False,5
random_9,2026-08-07,3,13,0.0,True,6
random_9,2026-08-08,3,10,2.0,False,7
random_9,2026-08-09,3,17,0.0,True,8
random_9,2026-08-10,3,4,-5.0,False,9
random_9,2026-08-11,3,8,2.0,True,10
random_9,2026-08-12,3,15,1.0,False,11
random_9,2026-08-13,3,1,0.0,True,12
random_9,2026-08-14,3,14,-2.0,True,13
random_9,2026-08-15,3,9,-0.0,False,14
random_9,2026-08-16,3,16,-1.0,True,15
random_9,2026-08-17,3,11,-2.0,False,16
random_9,2026-08-18,3,6,-1.0,False,17
random_9,2026-08-19,3,7,3.0,True,18
random_9,2026-08-20,3,1,1.0,False,19
random_9,2026-08-21,3,4,1.0,True,20
random_9,2026-08-22,3,8,1.0,False,21
random_9,2026-08-23,3,15,-1.0,True,22
random_9,2026-08-24,3,17,-4.0,False,23
random_9,2026-08-25,3,7,-2.0,False,24
random_9,2026-08-26,3,6,1.0,True,25
random_9,2026-08-27,3,16,-3.0,False,26
random_9,2026-08-28,3,11,-1.0,True,27
random_9,2026-08-29,3,18,1.0,False,28
random_9,2026-08-30,3,0,2.0,True,29
random_9,2026-08-31,3,19,-4.0,False,30
random_9,2026-09-01,3,12,0.0,True,31
random_9,2026-09-02,3,9,0.0,True,32
random_9,2026-09-03,3,14,-2.0,False,33
random_9,2026-09-04,3,2,0.0,True,34
random_9,2026-09-05,3,13,-0.0,False,35
random_9,2026-09-06,3,10,2.0,True,36
random_9,2026-09-07,3,5,-1.0,False,37
random_9,2026-08-01,4,2,1.0,True,0
random_9,2026-08-02,4,5,-3.0,False,1
random_9,2026-08-03,4,12,2.0,True,2
random_9,2026-08-04,4,6,1.0,False,3
random_9,2026-08-05,4,1,-4.0,True,4
random_9,2026-08-06,4,18,-0.0,False,5
random_9,2026-08-07,4,7,-3.0,True,6
random_9,2026-08-08,4,13,-0.0,False,7
random_9,2026-08-09,4,14,1.0,False,8
random_9,2026-08-10,4,3,5.0,True,9
random_9,2026-08-11,4,10,1.0,False,10
random_9,2026-08-12,4,16,0.0,True,11
random_9,2026-08-13,4,0,-1.0,False,12
random_9,2026-08-14,4,17,2.0,False,13
random_9,2026-08-15,4,8,-2.0,True,14
random_9,2026-08-16,4,11,-1.0,True,15
random_9,2026-08-17,4,9,-1.0,False,16
random_9,2026-08-18,4,19,-0.0,False,17
random_9,2026-08-19,4,15,1.0,True,18
random_9,2026-08-20,4,0,0.0,True,19
random_9,2026-08-21,4,3,-1.0,False,20
random_9,2026-08-22,4,14,0.0,True,21
random_9,2026-08-23,4,16,1.0,False,22
random_9,2026-08-24,4,10,1.0,True,23
random_9,2026-08-25,4,15,-3.0,False,24
random_9,2026-08-26,4,19,0.0,True,25
random_9,2026-08-27,4,11,2.0,False,26
random_9,2026-08-28,4,9,1.0,True,27
random_9,2026-08-29,4,12,-0.0,False,28
random_9,2026-08-30,4,6,0.0,True,29
random_9,2026-08-31,4,2,4.0,False,30
random_9,2026-09-01,4,5,2.0,True,31
random_9,2026-09-02,4,8,-1.0,False,32
random_9,2026-09-03,4,17,-3.0,True,33
random_9,2026-09-04,4,18,0.0,True,34
random_9,2026-09-05,4,7,2.0,False,35
random_9,2026-09-06,4,13,-1.0,True,36
random_9,2026-09-07,4,1,2.0,False,37
random_9,2026-08-01,5,9,1.0,False,0
random_9,2026-08-02,5,4,3.0,True,1
random_9,2026-08-03,5,1,-2.0,False,2
random_9,2026-08-04,5,10,-2.0,True,3
random_9,2026-08-05,5,3,5.0,False,4
random_9,2026-08-06,5,0,-1.0,True,5
random_9,2026-08-07,5,8,2.0,False,6
random_9,2026-08-08,5,19,-1.0,True,7
random_9,2026-08-09,5,15,0.0,True,8
random_9,2026-08-10,5,18,4.0,False,9
random_9,2026-08-11,5,12,5.0,True,10
random_9,2026-08-12,5,17,1.0,False,11
random_9,2026-08-13,5,7,0.0,True,12
random_9,2026-08-14,5,13,1.0,True,13
random_9,2026-08-15,5,14,2.0,False,14
random_9,2026-08-16,5,2,-1.0,True,15
random_9,2026-08-17,5,6,1.0,False,16
random_9,2026-08-18,5,11,-1.0,False,17
random_9,2026-08-19,5,16,1.0,True,18
random_9,2026-08-20,5,7,1.0,False,19
random_9,2026-08-21,5,18,1.0,True,20
random_9,2026-08-22,5,12,-0.0,False,21
random_9,2026-08-23,5,17,-1.0,True,22
random_9,2026-08-24,5,15,1.0,False,23
random_9,2026-08-25,5,16,-1.0,False,24
random_9,2026-08-26,5,11,-2.0,True,25
random_9,2026-08-27,5,2,3.0,False,26
random_9,2026-08-28,5,6,0.0,True,27
random_9,2026-08-29,5,1,1.0,True,28
random_9,2026-08-30,5,10,4.0,False,29
random_9,2026-08-31,5,9,3.0,True,30
random_9,2026-09-01,5,4,-2.0,False,31
random_9,2026-09-02,5,14,3.0,True,32
random_9,2026-09-03,5,13,-0.0,False,33
random_9,2026-09-04,5,19,-0.0,False,34
random_9,2026-09-05,5,8,-1.0,True,35
random_9,2026-09-06,5,0,-0.0,False,36
random_9,2026-09-07,5,3,1.0,True,37
random_9,2026-08-01,6,1,-5.0,False,0
random_9,2026-08-02,6,10,-1.0,True,1
random_9,2026-08-03,6,14,-1.0,False,2
random_9,2026-08-04,6,4,-1.0,True,3
random_9,2026-08-05,6,17,-0.0,False,4
random_9,2026-08-06,6,16,-2.0,True,5
random_9,2026-08-07,6,19,-2.0,False,6
random_9,2026-08-08,6,9,1.0,True,7
random_9,2026-08-09,6,18,0.0,True,8
random_9,2026-08-10,6,8,-0.0,False,9
random_9,2026-08-11,6,7,-2.0,True,10
random_9,2026-08-12,6,12,-1.0,False,11
random_9,2026-08-13,6,11,-3.0,True,12
random_9,2026-08-14,6,15,-0.0,False,13
random_9,2026-08-15,6,2,0.0,True,14
random_9,2026-08-16,6,0,-0.0,False,15
random_9,2026-08-17,6,5,-1.0,True,16
random_9,2026-08-18,6,3,1.0,True,17
random_9,2026-08-19,6,13,2.0,False,18
random_9,2026-08-20,6,11,-0.0,False,19
random_9,2026-08-21,6,8,3.0,True,20
random_9,2026-08-22,6,18,-1.0,False,21
random_9,2026-08-23,6,12,0.0,True,22
random_9,2026-08-24,6,7,-0.0,False,23
random_9,2026-08-25,6,13,-2.0,True,24
random_9,2026-08-26,6,3,-1.0,False,25
random_9,2026-08-27,6,0,-4.0,True,26
random_9,2026-08-28,6,5,-0.0,False,27
random_9,2026-08-29,6,14,1.0,True,28
random_9,2026-08-30,6,4,-0.0,False,29
random_9,2026-08-31,6,1,2.0,True,30
random_9,2026-09-01,6,10,-0.0,False,31
random_9,2026-09-02,6,2,-1.0,False,32
random_9,2026-09-03,6,15,-6.0,True,33
random_9,2026-09-04,6,16,-2.0,False,34
random_9,2026-09-05,6,19,2.0,True,35
random_9,2026-09-06,6,9,-2.0,False,36
random_9,2026-09-07,6,17,-1.0,True,37
random_9,2026-08-01,7,8,-1.0,False,0
random_9,2026-08-02,7,14,3.0,True,1
random_9,2026-08-03,7,9,-0.0,False,2
random_9,2026-08-04,7,11,3.0,True,3
random_9,2026-08-05,7,12,5.0,False,4
random_9,2026-08-06,7,17,0.0,True,5
random_9,2026-08-07,7,4,3.0,False,6
random_9,2026-08-08,7,16,0.0,True,7
random_9,2026-08-09,7,19,1.0,False,8
random_9,2026-08-10,7,13,-2.0,True,9
random_9,2026-08-11,7,6,2.0,False,10
random_9,2026-08-12,7,10,-1.0,True,11
random_9,2026-08-13,7,5,-0.0,False,12
random_9,2026-08-14,7,2,-0.0,False,13
random_9,2026-08-15,7,15,2.0,True,14
random_9,2026-08-16,7,18,-1.0,False,15
random_9,2026-08-17,7,1,4.0,True,16
random_9,2026-08-18,7,0,-1.0,True,17
random_9,2026-08-19,7,3,-3.0,False,18
random_9,2026-08-20,7,5,-1.0,True,19
random_9,2026-08-21,7,13,-2.0,False,20
random_9,2026-08-22,7,19,-2.0,True,21
random_9,2026-08-23,7,10,2.0,False,22
random_9,2026-08-24,7,6,0.0,True,23
random_9,2026-08-25,7,3,2.0,True,24
random_9,2026-08-26,7,0,1.0,False,25
random_9,2026-08-27,7,18,2.0,True,26
random_9,2026-08-28,7,1,-2.0,False,27
random_9,2026-08-29,7,9,-2.0,True,28
random_9,2026-08-30,7,11,-1.0,False,29
random_9,2026-08-31,7,8,2.0,True,30
random_9,2026-09-01,7,14,1.0,False,31
random_9,2026-09-02,7,15,-0.0,False,32
random_9,2026-09-03,7,2,0.0,True,33
random_9,2026-09-04,7,17,-2.0,False,34
random_9,2026-09-05,7,4,-2.0,True,35
random_9,2026-09-06,7,16,1.0,False,36
random_9,2026-09-07,7,12,1.0,True,37
random_9,2026-08-01,8,7,1.0,True,0
random_9,2026-08-02,8,0,2.0,False,1
random_9,2026-08-03,8,15,2.0,True,2
random_9,2026-08-04,8,19,-3.0,False,3
random_9,2026-08-05,8,11,2.0,True,4
random_9,2026-08-06,8,10,-0.0,False,5
random_9,2026-08-07,8,5,-2.0,True,6
random_9,2026-08-08,8,1,1.0,False,7
random_9,2026-08-09,8,16,1.0,False,8
random_9,2026-08-10,8,6,0.0,True,9
random_9,2026-08-11,8,3,-2.0,False,10
random_9,2026-08-12,8,13,-2.0,True,11
random_9,2026-08-13,8,2,1.0,False,12
random_9,2026-08-14,8,9,-1.0,True,13
random_9,2026-08-15,8,4,2.0,False,14
random_9,2026-08-16,8,17,1.0,False,15
random_9,2026-08-17,8,18,-3.0,True,16
random_9,2026-08-18,8,14,-3.0,True,17
random_9,2026-08-19,8,12,-0.0,False,18
random_9,2026-08-20,8,2,-2.0,True,19
random_9,2026-08-21,8,6,-3.0,False,20
random_9,2026-08-22,8,3,-1.0,True,21
random_9,2026-08-23,8,13,-0.0,False,22
random_9,2026-08-24,8,16,-3.0,True,23
random_9,2026-08-25,8,12,-2.0,True,24
random_9,2026-08-26,8,18,-4.0,False,25
random_9,2026-08-27,8,17,1.0,True,26
random_9,2026-08-28,8,14,1.0,False,27
random_9,2026-08-29,8,15,-0.0,False,28
random_9,2026-08-30,8,19,1.0,True,29
random_9,2026-08-31,8,7,-2.0,False,30
random_9,2026-09-01,8,0,-1.0,True,31
random_9,2026-09-02,8,4,1.0,True,32
random_9,2026-09-03,8,9,1.0,False,33
random_9,2026-09-04,8,10,-3.0,True,34
random_9,2026-09-05,8,5,1.0,False,35
random_9,2026-09-06,8,1,1.0,True,36
random_9,2026-09-07,8,11,3.0,False,37
random_9,2026-08-01,9,5,-1.0,True,0
random_9,2026-08-02,9,18,1.0,False,1
random_9,2026-08-03,9,7,0.0,True,2
random_9,2026-08-04,9,13,-1.0,False,3
random_9,2026-08-05,9,15,-1.0,True,4
random_9,2026-08-06,9,11,-1.0,False,5
random_9,2026-08-07,9,10,0.0,True,6
random_9,2026-08-08,9,6,-1.0,False,7
random_9,2026-08-09,9,2,1.0,False,8
random_9,2026-08-10,9,16,4.0,True,9
random_9,2026-08-11,9,14,1.0,False,10
random_9,2026-08-12,9,0,0.0,True,11
random_9,2026-08-13,9,19,-1.0,False,12
random_9,2026-08-14,9,8,1.0,False,13
random_9,2026-08-15,9,3,0.0,True,14
random_9,2026-08-16,9,12,-1.0,False,15
random_9,2026-08-17,9,4,1.0,True,16
random_9,2026-08-18,9,1,2.0,True,17
random_9,2026-08-19,9,17,-0.0,False,18
random_9,2026-08-20,9,19,0.0,True,19
random_9,2026-08-21,9,16,-0.0,False,20
random_9,2026-08-22,9,2,-2.0,True,21
random_9,2026-08-23,9,0,-1.0,False,22
random_9,2026-08-24,9,14,0.0,True,23
random_9,2026-08-25,9,17,-1.0,True,24
random_9,2026-08-26,9,1,2.0,False,25
random_9,2026-08-27,9,12,-2.0,True,26
random_9,2026-08-28,9,4,-1.0,False,27
random_9,2026-08-29,9,7,2.0,False,28
random_9,2026-08-30,9,13,-2.0,True,29
random_9,2026-08-31,9,5,-3.0,False,30
random_9,2026-09-01,9,18,0.0,True,31
random_9,2026-09-02,9,3,-0.0,False,32
random_9,2026-09-03,9,8,-1.0,True,33
random_9,2026-09-04,9,11,1.0,True,34
random_9,2026-09-05,9,10,2.0,False,35
random_9,2026-09-06,9,6,2.0,True,36
random_9,2026-09-07,9,15,-1.0,False,37
random_9,2026-08-01,10,15,0.0,True,0
random_9,2026-08-02,10,6,1.0,False,1
random_9,2026-08-03,10,2,0.0,True,2
random_9,2026-08-04,10,5,2.0,False,3
random_9,2026-08-05,10,16,-4.0,False,4
random_9,2026-08-06,10,8,0.0,True,5
random_9,2026-08-07,10,9,-0.0,False,6
random_9,2026-08-08,10,3,-2.0,True,7
random_9,2026-08-09,10,11,-4.0,True,8
random_9,2026-08-10,10,1,2.0,False,9
random_9,2026-08-11,10,4,-1.0,True,10
random_9,2026-08-12,10,7,1.0,False,11
random_9,2026-08-13,10,17,0.0,True,12
random_9,2026-08-14,10,0,1.0,False,13
random_9,2026-08-15,10,19,-2.0,True,14
random_9,2026-08-16,10,14,-1.0,False,15
random_9,2026-08-17,10,13,-2.0,True,16
random_9,2026-08-18,10,12,1.0,True,17
random_9,2026-08-19,10,18,-0.0,False,18
random_9,2026-08-20,10,17,-2.0,False,19
random_9,2026-08-21,10,1,5.0,True,20
random_9,2026-08-22,10,11,-1.0,False,21
random_9,2026-08-23,10,7,-2.0,True,22
random_9,2026-08-24,10,4,-1.0,False,23
random_9,2026-08-25,10,18,-3.0,True,24
random_9,2026-08-26,10,13,-1.0,False,25
random_9,2026-08-27,10,14,0.0,True,26
random_9,2026-08-28,10,12,-1.0,False,27
random_9,2026-08-29,10,2,-2.0,False,28
random_9,2026-08-30,10,5,-4.0,True,29
random_9,2026-08-31,10,15,-2.0,False,30
random_9,2026-09-01,10,6,0.0,True,31
random_9,2026-09-02,10,19,-0.0,False,32
random_9,2026-09-03,10,0,-1.0,True,33
random_9,2026-09-04,10,8,3.0,False,34
random_9,2026-09-05,10,9,-2.0,True,35
random_9,2026-09-06,10,3,-2.0,False,36
random_9,2026-09-07,10,16,0.0,True,37
random_9,2026-08-01,11,18,-2.0,True,0
random_9,2026-08-02,11,15,-0.0,False,1
random_9,2026-08-03,11,13,-3.0,True,2
random_9,2026-08-04,11,7,-3.0,False,3
random_9,2026-08-05,11,8,-2.0,False,4
random_9,2026-08-06,11,9,1.0,True,5
random_9,2026-08-07,11,14,1.0,False,6
random_9,2026-08-08,11,17,4.0,True,7
random_9,2026-08-09,11,10,4.0,False,8
random_9,2026-08-10,11,0,0.0,True,9
random_9,2026-08-11,11,19,-0.0,False,10
random_9,2026-08-12,11,2,0.0,True,11
random_9,2026-08-13,11,6,3.0,False,12
random_9,2026-08-14,11,12,-2.0,False,13
random_9,2026-08-15,11,16,2.0,True,14
random_9,2026-08-16,11,4,1.0,False,15
random_9,2026-08-17,11,3,2.0,True,16
random_9,2026-08-18,11,5,1.0,True,17
random_9,2026-08-19,11,1,1.0,False,18
random_9,2026-08-20,11,6,0.0,True,19
random_9,2026-08-21,11,0,-1.0,False,20
random_9,2026-08-22,11,10,1.0,True,21
random_9,2026-08-23,11,2,-0.0,False,22
random_9,2026-08-24,11,19,-1.0,True,23
random_9,2026-08-25,11,1,-1.0,True,24
random_9,2026-08-26,11,5,2.0,False,25
random_9,2026-08-27,11,4,-2.0,True,26
random_9,2026-08-28,11,3,1.0,False,27
random_9,2026-08-29,11,13,-4.0,False,28
random_9,2026-08-30,11,7,1.0,True,29
random_9,2026-08-31,11,18,1.0,False,30
random_9,2026-09-01,11,15,1.0,True,31
random_9,2026-09-02,11,16,-0.0,False,32
random_9,2026-09-03,11,12,1.0,True,33
random_9,2026-09-04,11,9,-1.0,False,34
random_9,2026-09-05,11,14,-2.0,True,35
random_9,2026-09-06,11,17,-3.0,False,36
random_9,2026-09-07,11,8,-3.0,True,37
random_9,2026-08-01,12,17,3.0,False,0
random_9,2026-08-02,12,3,-1.0,True,1
random_9,2026-08-03,12,4,-2.0,False,2
random_9,2026-08-04,12,16,-1.0,True,3
random_9,2026-08-05,12,7,-5.0,True,4
random_9,2026-08-06,12,1,-0.0,False,5
random_9,2026-08-07,12,15,3.0,True,6
random_9,2026-08-08,12,18,-0.0,False,7
random_9,2026-08-09,12,0,-1.0,False,8
random_9,2026-08-10,12,19,1.0,True,9
random_9,2026-08-11,12,5,-5.0,False,10
random_9,2026-08-12,12,6,1.0,True,11
random_9,2026-08-13,12,14,-0.0,False,12
random_9,2026-08-14,12,11,2.0,True,13
random_9,2026-08-15,12,13,-3.0,False,14
random_9,2026-08-16,12,9,1.0,True,15
random_9,2026-08-17,12,2,-0.0,False,16
random_9,2026-08-18,12,10,-1.0,False,17
random_9,2026-08-19,12,8,0.0,True,18
random_9,2026-08-20,12,14,1.0,True,19
random_9,2026-08-21,12,19,1.0,False,20
random_9,2026-08-22,12,5,0.0,True,21
random_9,2026-08-23,12,6,-0.0,False,22
random_9,2026-08-24,12,0,0.0,True,23
random_9,2026-08-25,12,8,2.0,False,24
random_9,2026-08-26,12,2,0.0,True,25
random_9,2026-08-27,12,9,2.0,False,26
random_9,2026-08-28,12,10,1.0,True,27
random_9,2026-08-29,12,4,0.0,True,28
random_9,2026-08-30,12,16,-2.0,False,29
random_9,2026-08-31,12,17,1.0,True,30
random_9,2026-09-01,12,3,-0.0,False,31
random_9,2026-09-02,12,13,0.0,True,32
random_9,2026-09-03,12,11,-1.0,False,33
random_9,2026-09-04,12,1,1.0,True,34
random_9,2026-09-05,12,15,-0.0,False,35
random_9,2026-09-06,12,18,1.0,True,36
random_9,2026-09-07,12,7,-1.0,False,37
random_9,2026-08-01,13,16,-1.0,False,0
random_9,2026-08-02,13,17,-1.0,True,1
random_9,2026-08-03,13,11,3.0,False,2
random_9,2026-08-04,13,9,1.0,True,3
random_9,2026-08-05,13,0,5.0,False,4
random_9,2026-08-06,13,14,-2.0,True,5
random_9,2026-08-07,13,3,-0.0,False,6
random_9,2026-08-08,13,4,0.0,True,7
random_9,2026-08-09,13,1,-1.0,True,8
random_9,2026-08-10,13,7,2.0,False,9
random_9,2026-08-11,13,15,-2.0,True,10
random_9,2026-08-12,13,8,2.0,False,11
random_9,2026-08-13,13,18,0.0,True,12
random_9,2026-08-14,13,5,-1.0,False,13
random_9,2026-08-15,13,12,3.0,True,14
random_9,2026-08-16,13,19,0.0,True,15
random_9,2026-08-17,13,10,2.0,False,16
random_9,2026-08-18,13,2,-0.0,False,17
random_9,2026-08-19,13,6,-2.0,True,18
random_9,2026-08-20,13,18,-4.0,False,19
random_9,2026-08-21,13,7,2.0,True,20
random_9,2026-08-22,13,15,1.0,False,21
random_9,2026-08-23,13,8,0.0,True,22
random_9,2026-08-24,13,1,-2.0,False,23
random_9,2026-08-25,13,6,2.0,False,24
random_9,2026-08-26,13,10,1.0,True,25
random_9,2026-08-27,13,19,4.0,False,26
random_9,2026-08-28,13,2,-1.0,True,27
random_9,2026-08-29,13,11,4.0,True,28
random_9,2026-08-30,13,9,2.0,False,29
random_9,2026-08-31,13,16,3.0,True,30
random_9,2026-09-01,13,17,-2.0,False,31
random_9,2026-09-02,13,12,-0.0,False,32
random_9,2026-09-03,13,5,0.0,True,33
random_9,2026-09-04,13,14,-0.0,False,34
random_9,2026-09-05,13,3,0.0,True,35
random_9,2026-09-06,13,4,1.0,False,36
random_9,2026-09-07,13,0,1.0,True,37
random_9,2026-08-01,14,0,1.0,True,0
random_9,2026-08-02,14,7,-3.0,False,1
random_9,2026-08-03,14,6,1.0,True,2
random_9,2026-08-04,14,15,1.0,False,3
random_9,2026-08-05,14,18,1.0,True,4
random_9,2026-08-06,14,13,2.0,False,5
random_9,2026-08-07,14,11,-1.0,True,6
random_9,2026-08-08,14,2,5.0,False,7
random_9,2026-08-09,14,4,-1.0,True,8
random_9,2026-08-10,14,17,-0.0,False,9
random_9,2026-08-11,14,9,-1.0,True,10
random_9,2026-08-12,14,1,1.0,False,11
random_9,2026-08-13,14,12,0.0,True,12
random_9,2026-08-14,14,3,2.0,False,13
random_9,2026-08-15,14,5,-2.0,True,14
random_9,2026-08-16,14,10,1.0,True,15
random_9,2026-08-17,14,16,-6.0,False,16
random_9,2026-08-18,14,8,3.0,False,17
random_9,2026-08-19,14,19,-1.0,True,18
random_9,2026-08-20,14,12,-1.0,False,19
random_9,2026-08-21,14,17,-2.0,True,20
random_9,2026-08-22,14,4,-0.0,False,21
random_9,2026-08-23,14,1,-1.0,True,22
random_9,2026-08-24,14,9,-0.0,False,23
random_9,2026-08-25,14,19,-1.0,False,24
random_9,2026-08-26,14,16,3.0,True,25
random_9,2026-08-27,14,10,-0.0,False,26
random_9,2026-08-28,14,8,-1.0,True,27
random_9,2026-08-29,14,6,-1.0,False,28
random_9,2026-08-30,14,15,-1.0,True,29
random_9,2026-08-31,14,0,-0.0,False,30
random_9,2026-09-01,14,7,-1.0,True,31
random_9,2026-09-02,14,5,-3.0,False,32
random_9,2026-09-03,14,3,2.0,True,33
random_9,2026-09-04,14,13,0.0,True,34
random_9,2026-09-05,14,11,2.0,False,35
random_9,2026-09-06,14,2,-4.0,True,36
random_9,2026-09-07,14,18,2.0,False,37
random_9,2026-08-01,15,10,-0.0,False,0
random_9,2026-08-02,15,11,0.0,True,1
random_9,2026-08-03,15,8,-2.0,False,2
random_9,2026-08-04,15,14,-1.0,True,3
random_9,2026-08-05,15,9,1.0,False,4
random_9,2026-08-06,15,19,-1.0,True,5
random_9,2026-08-07,15,12,-3.0,False,6
random_9,2026-08-08,15,0,-1.0,True,7
random_9,2026-08-09,15,5,-0.0,False,8
random_9,2026-08-10,15,2,-1.0,True,9
random_9,2026-08-11,15,13,2.0,False,10
random_9,2026-08-12,15,3,-1.0,True,11
random_9,2026-08-13,15,16,-1.0,False,12
random_9,2026-08-14,15,6,0.0,True,13
random_9,2026-08-15,15,7,-2.0,False,14
random_9,2026-08-16,15,1,-0.0,False,15
random_9,2026-08-17,15,17,2.0,True,16
random_9,2026-08-18,15,18,0.0,True,17
random_9,2026-08-19,15,4,-1.0,False,18
random_9,2026-08-20,15,16,-1.0,True,19
random_9,2026-08-21,15,2,-1.0,False,20
random_9,2026-08-22,15,13,-1.0,True,21
random_9,2026-08-23,15,3,1.0,False,22
random_9,2026-08-24,15,5,-1.0,True,23
random_9,2026-08-25,15,4,3.0,True,24
random_9,2026-08-26,15,17,-3.0,False,25
random_9,2026-08-27,15,1,3.0,True,26
random_9,2026-08-28,15,18,-3.0,False,27
random_9,2026-08-29,15,8,0.0,True,28
random_9,2026-08-30,15,14,1.0,False,29
random_9,2026-08-31,15,10,2.0,True,30
random_9,2026-09-01,15,11,-1.0,False,31
random_9,2026-09-02,15,7,0.0,True,32
random_9,2026-09-03,15,6,6.0,False,33
random_9,2026-09-04,15,0,-2.0,False,34
random_9,2026-09-05,15,12,0.0,True,35
random_9,2026-09-06,15,19,-0.0,False,36
random_9,2026-09-07,15,9,1.0,True,37
random_9,2026-08-01,16,13,1.0,True,0
random_9,2026-08-02,16,19,4.0,False,1
random_9,2026-08-03,16,0,2.0,True,2
random_9,2026-08-04,16,12,1.0,False,3
random_9,2026-08-05,16,10,4.0,True,4
random_9,2026-08-06,16,6,2.0,False,5
random_9,2026-08-07,16,2,-1.0,True,6
random_9,2026-08-08,16,7,-0.0,False,7
random_9,2026-08-09,16,8,-1.0,True,8
random_9,2026-08-10,16,9,-4.0,False,9
random_9,2026-08-11,16,1,2.0,True,10
random_9,2026-08-12,16,4,-0.0,False,11
random_9,2026-08-13,16,15,1.0,True,12
random_9,2026-08-14,16,18,0.0,True,13
random_9,2026-08-15,16,11,-2.0,False,14
random_9,2026-08-16,16,3,1.0,False,15
random_9,2026-08-17,16,14,6.0,True,16
random_9,2026-08-18,16,17,2.0,True,17
random_9,2026-08-19,16,5,-1.0,False,18
random_9,2026-08-20,16,15,1.0,False,19
random_9,2026-08-21,16,9,0.0,True,20
random_9,2026-08-22,16,1,1.0,False,21
random_9,2026-08-23,16,4,-1.0,True,22
random_9,2026-08-24,16,8,3.0,False,23
random_9,2026-08-25,16,5,1.0,True,24
random_9,2026-08-26,16,14,-3.0,False,25
random_9,2026-08-27,16,3,3.0,True,26
random_9,2026-08-28,16,17,-2.0,False,27
random_9,2026-08-29,16,0,-1.0,False,28
random_9,2026-08-30,16,12,2.0,True,29
random_9,2026-08-31,16,13,-3.0,False,30
random_9,2026-09-01,16,19,2.0,True,31
random_9,2026-09-02,16,11,0.0,True,32
random_9,2026-09-03,16,18,-0.0,False,33
random_9,2026-09-04,16,6,2.0,True,34
random_9,2026-09-05,16,2,2.0,False,35
random_9,2026-09-06,16,7,-1.0,True,36
random_9,2026-09-07,16,10,-0.0,False,37
random_9,2026-08-01,17,12,-3.0,True,0
random_9,2026-08-02,17,13,1.0,False,1
random_9,2026-08-03,17,19,0.0,True,2
random_9,2026-08-04,17,2,2.0,False,3
random_9,2026-08-05,17,6,0.0,True,4
random_9,2026-08-06,17,7,-0.0,False,5
random_9,2026-08-07,17,1,1.0,True,6
random_9,2026-08-08,17,11,-4.0,False,7
random_9,2026-08-09,17,3,-0.0,False,8
random_9,2026-08-10,17,14,0.0,True,9
random_9,2026-08-11,17,0,-3.0,False,10
random_9,2026-08-12,17,5,-1.0,True,11
random_9,2026-08-13,17,10,-0.0,False,12
random_9,2026-08-14,17,4,-2.0,True,13
random_9,2026-08-15,17,18,-1.0,False,14
random_9,2026-08-16,17,8,-1.0,True,15
random_9,2026-08-17,17,15,-2.0,False,16
random_9,2026-08-18,17,16,-2.0,False,17
random_9,2026-08-19,17,9,0.0,True,18
random_9,2026-08-20,17,10,2.0,True,19
random_9,2026-08-21,17,14,2.0,False,20
random_9,2026-08-22,17,0,2.0,True,21
random_9,2026-08-23,17,5,1.0,False,22
random_9,2026-08-24,17,3,4.0,True,23
random_9,2026-08-25,17,9,1.0,False,24
random_9,2026-08-26,17,15,3.0,True,25
random_9,2026-08-27,17,8,-1.0,False,26
random_9,2026-08-28,17,16,2.0,True,27
random_9,2026-08-29,17,19,-1.0,False,28
random_9,2026-08-30,17,2,3.0,True,29
random_9,2026-08-31,17,12,-1.0,False,30
random_9,2026-09-01,17,13,2.0,True,31
random_9,2026-09-02,17,18,-1.0,True,32
random_9,2026-09-03,17,4,3.0,False,33
random_9,2026-09-04,17,7,2.0,True,34
random_9,2026-09-05,17,1,-1.0,False,35
random_9,2026-09-06,17,11,3.0,True,36
random_9,2026-09-07,17,6,1.0,False,37
random_9,2026-08-01,18,11,2.0,False,0
random_9,2026-08-02,18,9,-1.0,True,1
random_9,2026-08-03,18,3,-0.0,False,2
random_9,2026-08-04,18,1,-1.0,True,3
random_9,2026-08-05,18,14,-1.0,False,4
random_9,2026-08-06,18,4,0.0,True,5
random_9,2026-08-07,18,0,-1.0,False,6
random_9,2026-08-08,18,12,0.0,True,7
random_9,2026-08-09,18,6,-0.0,False,8
random_9,2026-08-10,18,5,-4.0,True,9
random_9,2026-08-11,18,2,1.0,False,10
random_9,2026-08-12,18,19,3.0,True,11
random_9,2026-08-13,18,13,-0.0,False,12
random_9,2026-08-14,18,16,-0.0,False,13
random_9,2026-08-15,18,17,1.0,True,14
random_9,2026-08-16,18,7,1.0,True,15
random_9,2026-08-17,18,8,3.0,False,16
random_9,2026-08-18,18,15,-0.0,False,17
random_9,2026-08-19,18,10,0.0,True,18
random_9,2026-08-20,18,13,4.0,True,19
random_9,2026-08-21,18,5,-1.0,False,20
random_9,2026-08-22,18,6,1.0,True,21
random_9,2026-08-23,18,19,-0.0,False,22
random_9,2026-08-24,18,2,-1.0,True,23
random_9,2026-08-25,18,10,3.0,False,24
random_9,2026-08-26,18,8,4.0,True,25
random_9,2026-08-27,18,7,-2.0,False,26
random_9,2026-08-28,18,15,3.0,True,27
random_9,2026-08-29,18,3,-1.0,True,28
random_9,2026-08-30,18,1,4.0,False,29
random_9,2026-08-31,18,11,-1.0,True,30
random_9,2026-09-01,18,9,-0.0,False,31
random_9,2026-09-02,18,17,1.0,False,32
random_9,2026-09-03,18,16,0.0,True,33
random_9,2026-09-04,18,4,-0.0,False,34
random_9,2026-09-05,18,0,-2.0,True,35
random_9,2026-09-06,18,12,-1.0,False,36
random_9,2026-09-07,18,14,-2.0,True,37
random_9,2026-08-01,19,3,-1.0,False,0
random_9,2026-08-02,19,16,-4.0,True,1
random_9,2026-08-03,19,17,-0.0,False,2
random_9,2026-08-04,19,8,3.0,True,3
random_9,2026-08-05,19,2,0.0,True,4
random_9,2026-08-06,19,15,1.0,False,5
random_9,2026-08-07,19,6,2.0,True,6
random_9,2026-08-08,19,5,1.0,False,7
random_9,2026-08-09,19,7,-1.0,True,8
random_9,2026-08-10,19,12,-1.0,False,9
random_9,2026-08-11,19,11,0.0,True,10
random_9,2026-08-12,19,18,-3.0,False,11
random_9,2026-08-13,19,9,1.0,True,12
random_9,2026-08-14,19,1,3.0,True,13
random_9,2026-08-15,19,10,2.0,False,14
random_9,2026-08-16,19,13,-0.0,False,15
random_9,2026-08-17,19,0,1.0,True,16
random_9,2026-08-18,19,4,0.0,True,17
random_9,2026-08-19,19,14,1.0,False,18
random_9,2026-08-20,19,9,-0.0,False,19
random_9,2026-08-21,19,12,-1.0,True,20
random_9,2026-08-22,19,7,2.0,False,21
random_9,2026-08-23,19,18,0.0,True,22
random_9,2026-08-24,19,11,1.0,False,23
random_9,2026-08-25,19,14,1.0,True,24
random_9,2026-08-26,19,4,-0.0,False,25
random_9,2026-08-27,19,13,-4.0,True,26
random_9,2026-08-28,19,0,1.0,False,27
random_9,2026-08-29,19,17,1.0,True,28
random_9,2026-08-30,19,8,-1.0,False,29
random_9,2026-08-31,19,3,4.0,True,30
random_9,2026-09-01,19,16,-2.0,False,31
random_9,2026-09-02,19,10,0.0,True,32
random_9,2026-09-03,19,1,-1.0,False,33
random_9,2026-09-04,19,5,0.0,True,34
random_9,2026-09-05,19,6,-2.0,False,35
random_9,2026-09-06,19,15,0.0,True,36
random_9,2026-09-07,19,2,-0.0,False,37
